province_id	province_name	ward_id	ward_name
1	TP. Hà Nội	903	An Khánh
1	TP. Hà Nội	759	Ba Đình
1	TP. Hà Nội	807	Ba Vì
1	TP. Hà Nội	709	Bạch Mai
1	TP. Hà Nội	829	Bất Bạt
1	TP. Hà Nội	20363	Bát Tràng
1	TP. Hà Nội	1027	Bình Minh
1	TP. Hà Nội	647	Bồ Đề
1	TP. Hà Nội	680	Cầu Giấy
1	TP. Hà Nội	1047	Chương Dương
1	TP. Hà Nội	838	Chương Mỹ
1	TP. Hà Nội	20374	Chuyên Mỹ
1	TP. Hà Nội	812	Cổ Đô
1	TP. Hà Nội	769	Cửa Nam
1	TP. Hà Nội	1031	Dân Hòa
1	TP. Hà Nội	905	Dương Hòa
1	TP. Hà Nội	888	Dương Nội
1	TP. Hà Nội	20401	Đa Phúc
1	TP. Hà Nội	514	Đại Mỗ
1	TP. Hà Nội	554	Đại Thanh
1	TP. Hà Nội	20037	Đại Xuyên
1	TP. Hà Nội	870	Đan Phượng
1	TP. Hà Nội	665	Định Công
1	TP. Hà Nội	990	Đoài Phương
1	TP. Hà Nội	624	Đông Anh
1	TP. Hà Nội	742	Đống Đa
1	TP. Hà Nội	515	Đông Ngạc
1	TP. Hà Nội	20357	Gia Lâm
1	TP. Hà Nội	752	Giảng Võ
1	TP. Hà Nội	1012	Hạ Bằng
1	TP. Hà Nội	897	Hà Đông
1	TP. Hà Nội	714	Hai Bà Trưng
1	TP. Hà Nội	946	Hát Môn
1	TP. Hà Nội	1022	Hòa Lạc
1	TP. Hà Nội	839	Hòa Phú
1	TP. Hà Nội	1084	Hòa Xá
1	TP. Hà Nội	919	Hoài Đức
1	TP. Hà Nội	768	Hoàn Kiếm
1	TP. Hà Nội	557	Hoàng Liệt
1	TP. Hà Nội	670	Hoàng Mai
1	TP. Hà Nội	763	Hồng Hà
1	TP. Hà Nội	931	Hồng Sơn
1	TP. Hà Nội	1053	Hồng Vân
1	TP. Hà Nội	969	Hưng Đạo
1	TP. Hà Nội	935	Hương Sơn
1	TP. Hà Nội	697	Khương Đình
1	TP. Hà Nội	890	Kiến Hưng
1	TP. Hà Nội	968	Kiều Phú
1	TP. Hà Nội	580	Kim Anh
1	TP. Hà Nội	731	Kim Liên
1	TP. Hà Nội	733	Láng
1	TP. Hà Nội	878	Liên Minh
1	TP. Hà Nội	674	Lĩnh Nam
1	TP. Hà Nội	658	Long Biên
1	TP. Hà Nội	788	Mê Linh
1	TP. Hà Nội	816	Minh Châu
1	TP. Hà Nội	928	Mỹ Đức
1	TP. Hà Nội	559	Nam Phù
1	TP. Hà Nội	683	Nghĩa Đô
1	TP. Hà Nội	762	Ngọc Hà
1	TP. Hà Nội	545	Ngọc Hồi
1	TP. Hà Nội	575	Nội Bài
1	TP. Hà Nội	727	Ô Chợ Dừa
1	TP. Hà Nội	872	Ô Diên
1	TP. Hà Nội	979	Phú Cát
1	TP. Hà Nội	521	Phú Diễn
1	TP. Hà Nội	20354	Phù Đổng
1	TP. Hà Nội	895	Phú Lương
1	TP. Hà Nội	855	Phú Nghĩa
1	TP. Hà Nội	527	Phú Thượng
1	TP. Hà Nội	20370	Phú Xuyên
1	TP. Hà Nội	20397	Phúc Lộc
1	TP. Hà Nội	657	Phúc Lợi
1	TP. Hà Nội	939	Phúc Sơn
1	TP. Hà Nội	623	Phúc Thịnh
1	TP. Hà Nội	20396	Phúc Thọ
1	TP. Hà Nội	20387	Phượng Dực
1	TP. Hà Nội	698	Phương Liệt
1	TP. Hà Nội	857	Quảng Bị
1	TP. Hà Nội	793	Quang Minh
1	TP. Hà Nội	809	Quảng Oai
1	TP. Hà Nội	20399	Quốc Oai
1	TP. Hà Nội	20400	Sóc Sơn
1	TP. Hà Nội	916	Sơn Đồng
1	TP. Hà Nội	992	Sơn Tây
1	TP. Hà Nội	806	Suối Hai
1	TP. Hà Nội	1039	Tam Hưng
1	TP. Hà Nội	688	Tây Hồ
1	TP. Hà Nội	524	Tây Mỗ
1	TP. Hà Nội	1018	Tây Phương
1	TP. Hà Nội	516	Tây Tựu
1	TP. Hà Nội	20402	Thạch Thất
1	TP. Hà Nội	704	Thanh Liệt
1	TP. Hà Nội	1045	Thanh Oai
1	TP. Hà Nội	21540	Thanh Trì
1	TP. Hà Nội	703	Thanh Xuân
1	TP. Hà Nội	644	Thiên Lộc
1	TP. Hà Nội	637	Thư Lâm
1	TP. Hà Nội	20359	Thuận An
1	TP. Hà Nội	787	Thượng Cát
1	TP. Hà Nội	1063	Thượng Phúc
1	TP. Hà Nội	20403	Thường Tín
1	TP. Hà Nội	799	Tiến Thắng
1	TP. Hà Nội	865	Trần Phú
1	TP. Hà Nội	585	Trung Giã
1	TP. Hà Nội	512	Từ Liêm
1	TP. Hà Nội	1001	Tùng Thiện
1	TP. Hà Nội	672	Tương Mai
1	TP. Hà Nội	1076	Ứng Hòa
1	TP. Hà Nội	1089	Ứng Thiên
1	TP. Hà Nội	1097	Vân Đình
1	TP. Hà Nội	729	Văn Miếu - Quốc Tử Giám
1	TP. Hà Nội	835	Vật Lại
1	TP. Hà Nội	21541	Việt Hưng
1	TP. Hà Nội	21526	Vĩnh Hưng
1	TP. Hà Nội	629	Vĩnh Thanh
1	TP. Hà Nội	726	Vĩnh Tuy
1	TP. Hà Nội	20029	Xuân Đỉnh
1	TP. Hà Nội	869	Xuân Mai
1	TP. Hà Nội	532	Xuân Phương
1	TP. Hà Nội	836	Yên Bài
1	TP. Hà Nội	686	Yên Hòa
1	TP. Hà Nội	783	Yên Lãng
1	TP. Hà Nội	893	Yên Nghĩa
1	TP. Hà Nội	21504	Yên Sở
1	TP. Hà Nội	972	Yên Xuân
4	Vĩnh Long	2865	An Bình
4	Vĩnh Long	10942	An Định
4	Vĩnh Long	2867	An Hiệp
4	Vĩnh Long	2969	An Hội
4	Vĩnh Long	2870	An Ngãi Trung
4	Vĩnh Long	10431	An Phú Tân
4	Vĩnh Long	2977	An Qui
4	Vĩnh Long	10417	An Trường
4	Vĩnh Long	20673	Ba Tri
4	Vĩnh Long	2873	Bảo Thạnh
4	Vĩnh Long	10937	Bến Tre
4	Vĩnh Long	20675	Bình Đại
4	Vĩnh Long	1781	Bình Minh
4	Vĩnh Long	10419	Bình Phú
4	Vĩnh Long	1797	Bình Phước
4	Vĩnh Long	1816	Cái Ngang
4	Vĩnh Long	1798	Cái Nhum
4	Vĩnh Long	1780	Cái Vồn
4	Vĩnh Long	10420	Càng Long
4	Vĩnh Long	20712	Cầu Kè
4	Vĩnh Long	20713	Cầu Ngang
4	Vĩnh Long	2957	Châu Hòa
4	Vĩnh Long	2905	Châu Hưng
4	Vĩnh Long	10454	Châu Thành
4	Vĩnh Long	20677	Chợ Lách
4	Vĩnh Long	20709	Duyên Hải
4	Vĩnh Long	10486	Đại An
4	Vĩnh Long	2981	Đại Điền
4	Vĩnh Long	10488	Đôn Châu
4	Vĩnh Long	10467	Đông Hải
4	Vĩnh Long	10953	Đồng Khởi
4	Vĩnh Long	1779	Đông Thành
4	Vĩnh Long	2927	Giao Long
4	Vĩnh Long	20679	Giồng Trôm
4	Vĩnh Long	10490	Hàm Giang
4	Vĩnh Long	20714	Hiệp Mỹ
4	Vĩnh Long	1851	Hiếu Phụng
4	Vĩnh Long	1852	Hiếu Thành
4	Vĩnh Long	1825	Hòa Bình
4	Vĩnh Long	1811	Hòa Hiệp
4	Vĩnh Long	10456	Hòa Minh
4	Vĩnh Long	10457	Hoà Thuận
4	Vĩnh Long	10478	Hùng Hoà
4	Vĩnh Long	2944	Hưng Khánh Trung
4	Vĩnh Long	10458	Hưng Mỹ
4	Vĩnh Long	2960	Hưng Nhượng
4	Vĩnh Long	10955	Hương Mỹ
4	Vĩnh Long	2908	Lộc Thuận
4	Vĩnh Long	1841	Long Châu
4	Vĩnh Long	20698	Long Đức
4	Vĩnh Long	10491	Long Hiệp
4	Vĩnh Long	1789	Long Hồ
4	Vĩnh Long	10459	Long Hòa
4	Vĩnh Long	10469	Long Hữu
4	Vĩnh Long	10470	Long Thành
4	Vĩnh Long	10472	Long Vĩnh
4	Vĩnh Long	1827	Lục Sĩ Thành
4	Vĩnh Long	2962	Lương Hòa
4	Vĩnh Long	2963	Lương Phú
4	Vĩnh Long	10492	Lưu Nghiệp Anh
4	Vĩnh Long	20682	Mỏ Cày
4	Vĩnh Long	2876	Mỹ Chánh Hòa
4	Vĩnh Long	10446	Mỹ Long
4	Vĩnh Long	10891	Mỹ Thuận
4	Vĩnh Long	1814	Ngãi Tứ
4	Vĩnh Long	10473	Ngũ Lạc
4	Vĩnh Long	10462	Nguyệt Hoá
4	Vĩnh Long	10426	Nhị Long
4	Vĩnh Long	10449	Nhị Trường
4	Vĩnh Long	1805	Nhơn Phú
4	Vĩnh Long	10928	Nhuận Phú Tân
4	Vĩnh Long	10437	Phong Thạnh
4	Vĩnh Long	2892	Phú Khương
4	Vĩnh Long	2946	Phú Phụng
4	Vĩnh Long	1791	Phú Quới
4	Vĩnh Long	2894	Phú Tân
4	Vĩnh Long	2912	Phú Thuận
4	Vĩnh Long	20716	Phú Túc
4	Vĩnh Long	1792	Phước Hậu
4	Vĩnh Long	2968	Phước Long
4	Vĩnh Long	10930	Phước Mỹ Trung
4	Vĩnh Long	1854	Quới An
4	Vĩnh Long	2987	Quới Điền
4	Vĩnh Long	1855	Quới Thiện
4	Vĩnh Long	2895	Sơn Đông
4	Vĩnh Long	10464	Song Lộc
4	Vĩnh Long	1821	Song Phú
4	Vĩnh Long	20727	Tam Bình
4	Vĩnh Long	10438	Tam Ngãi
4	Vĩnh Long	10429	Tân An
4	Vĩnh Long	1793	Tân Hạnh
4	Vĩnh Long	2970	Tân Hào
4	Vĩnh Long	10482	Tân Hoà
4	Vĩnh Long	1808	Tân Long Hội
4	Vĩnh Long	10896	Tân Lược
4	Vĩnh Long	1840	Tân Ngãi
4	Vĩnh Long	2937	Tân Phú
4	Vĩnh Long	10897	Tân Quới
4	Vĩnh Long	10933	Tân Thành Bình
4	Vĩnh Long	2884	Tân Thủy
4	Vĩnh Long	2885	Tân Xuân
4	Vĩnh Long	10484	Tập Ngãi
4	Vĩnh Long	10497	Tập Sơn
4	Vĩnh Long	1794	Thanh Đức
4	Vĩnh Long	2989	Thạnh Hải
4	Vĩnh Long	2991	Thạnh Phong
4	Vĩnh Long	20680	Thạnh Phú
4	Vĩnh Long	2915	Thạnh Phước
4	Vĩnh Long	10965	Thành Thới
4	Vĩnh Long	2916	Thạnh Trị
4	Vĩnh Long	2918	Thới Thuận
4	Vĩnh Long	2941	Tiên Thủy
4	Vĩnh Long	20718	Tiểu Cần
4	Vĩnh Long	1835	Trà Côn
4	Vĩnh Long	20722	Trà Cú
4	Vĩnh Long	1834	Trà Ôn
4	Vĩnh Long	20699	Trà Vinh
4	Vĩnh Long	1861	Trung Hiệp
4	Vĩnh Long	1863	Trung Ngãi
4	Vĩnh Long	1865	Trung Thành
4	Vĩnh Long	10474	Trường Long Hoà
4	Vĩnh Long	10453	Vinh Kim
4	Vĩnh Long	2952	Vĩnh Thành
4	Vĩnh Long	1836	Vĩnh Xuân
5	Tuyên Quang	20789	An Tường
5	Tuyên Quang	3722	Bắc Mê
5	Tuyên Quang	3740	Bắc Quang
5	Tuyên Quang	3868	Bạch Đích
5	Tuyên Quang	3827	Bạch Ngọc
5	Tuyên Quang	10534	Bạch Xa
5	Tuyên Quang	3773	Bản Máy
5	Tuyên Quang	3723	Bằng Hành
5	Tuyên Quang	21072	Bằng Lang
5	Tuyên Quang	10505	Bình An
5	Tuyên Quang	10598	Bình Ca
5	Tuyên Quang	20793	Bình Thuận
5	Tuyên Quang	10536	Bình Xa
5	Tuyên Quang	3815	Cán Tỷ
5	Tuyên Quang	3828	Cao Bồ
5	Tuyên Quang	10529	Chiêm Hóa
5	Tuyên Quang	10552	Côn Lôn
5	Tuyên Quang	3870	Du Già
5	Tuyên Quang	3724	Đồng Tâm
5	Tuyên Quang	10579	Đông Thọ
5	Tuyên Quang	21064	Đồng Văn
5	Tuyên Quang	3727	Đồng Yên
5	Tuyên Quang	3711	Đường Hồng
5	Tuyên Quang	3872	Đường Thượng
5	Tuyên Quang	3712	Giáp Trung
5	Tuyên Quang	3767	Hà Giang 1
5	Tuyên Quang	3766	Hà Giang 2
5	Tuyên Quang	10545	Hàm Yên
5	Tuyên Quang	3779	Hồ Thầu
5	Tuyên Quang	10524	Hòa An
5	Tuyên Quang	3796	Hoàng Su Phì
5	Tuyên Quang	10575	Hồng Sơn
5	Tuyên Quang	10554	Hồng Thái
5	Tuyên Quang	3729	Hùng An
5	Tuyên Quang	10538	Hùng Đức
5	Tuyên Quang	10621	Hùng Lợi
5	Tuyên Quang	3799	Khâu Vai
5	Tuyên Quang	3856	Khuôn Lùng
5	Tuyên Quang	10513	Kiên Đài
5	Tuyên Quang	10622	Kiến Thiết
5	Tuyên Quang	10514	Kim Bình
5	Tuyên Quang	20835	Lâm Bình
5	Tuyên Quang	3832	Lao Chải
5	Tuyên Quang	3732	Liên Hiệp
5	Tuyên Quang	3833	Linh Hồ
5	Tuyên Quang	10626	Lực Hành
5	Tuyên Quang	3747	Lũng Cú
5	Tuyên Quang	3748	Lũng Phìn
5	Tuyên Quang	3818	Lùng Tám
5	Tuyên Quang	3876	Mậu Duệ
5	Tuyên Quang	21068	Mèo Vạc
5	Tuyên Quang	3714	Minh Ngọc
5	Tuyên Quang	10516	Minh Quang
5	Tuyên Quang	3715	Minh Sơn
5	Tuyên Quang	3834	Minh Tân
5	Tuyên Quang	10587	Minh Thanh
5	Tuyên Quang	10606	Minh Xuân
5	Tuyên Quang	20825	Mỹ Lâm
5	Tuyên Quang	20842	Nà Hang
5	Tuyên Quang	3858	Nấm Dẩn
5	Tuyên Quang	3780	Nậm Dịch
5	Tuyên Quang	3819	Nghĩa Thuận
5	Tuyên Quang	3765	Ngọc Đường
5	Tuyên Quang	3880	Ngọc Long
5	Tuyên Quang	10630	Nhữ Khê
5	Tuyên Quang	3803	Niêm Sơn
5	Tuyên Quang	10607	Nông Tiến
5	Tuyên Quang	3862	Pà Vầy Sủ
5	Tuyên Quang	3752	Phố Bảng
5	Tuyên Quang	3839	Phú Linh
5	Tuyên Quang	10589	Phú Lương
5	Tuyên Quang	10543	Phù Lưu
5	Tuyên Quang	3787	Pờ Ly Ngài
5	Tuyên Quang	3820	Quản Bạ
5	Tuyên Quang	21070	Quang Bình
5	Tuyên Quang	3863	Quảng Nguyên
5	Tuyên Quang	3755	Sà Phìn
5	Tuyên Quang	20849	Sơn Dương
5	Tuyên Quang	10588	Sơn Thủy
5	Tuyên Quang	3807	Sơn Vĩ
5	Tuyên Quang	3808	Sủng Máng
5	Tuyên Quang	10522	Tân An
5	Tuyên Quang	10636	Tân Long
5	Tuyên Quang	10523	Tân Mỹ
5	Tuyên Quang	3735	Tân Quang
5	Tuyên Quang	20847	Tân Thanh
5	Tuyên Quang	3790	Tân Tiến
5	Tuyên Quang	10595	Tân Trào
5	Tuyên Quang	21077	Tân Trịnh
5	Tuyên Quang	3811	Tát Ngà
5	Tuyên Quang	10632	Thái Bình
5	Tuyên Quang	10537	Thái Hòa
5	Tuyên Quang	10547	Thái Sơn
5	Tuyên Quang	3884	Thắng Mố
5	Tuyên Quang	3791	Thàng Tín
5	Tuyên Quang	3843	Thanh Thủy
5	Tuyên Quang	3793	Thông Nguyên
5	Tuyên Quang	3844	Thuận Hòa
5	Tuyên Quang	20838	Thượng Lâm
5	Tuyên Quang	10565	Thượng Nông
5	Tuyên Quang	3845	Thượng Sơn
5	Tuyên Quang	21078	Tiên Nguyên
5	Tuyên Quang	21079	Tiên Yên
5	Tuyên Quang	10526	Tri Phú
5	Tuyên Quang	10527	Trung Hà
5	Tuyên Quang	10645	Trung Sơn
5	Tuyên Quang	3867	Trung Thịnh
5	Tuyên Quang	20848	Trường Sinh
5	Tuyên Quang	3847	Tùng Bá
5	Tuyên Quang	3826	Tùng Vài
5	Tuyên Quang	21085	Vị Xuyên
5	Tuyên Quang	3841	Việt Lâm
5	Tuyên Quang	3744	Vĩnh Tuy
5	Tuyên Quang	21086	Xín Mần
5	Tuyên Quang	21081	Xuân Giang
5	Tuyên Quang	10648	Xuân Vân
5	Tuyên Quang	3719	Yên Cường
5	Tuyên Quang	10572	Yên Hoa
5	Tuyên Quang	10532	Yên Lập
5	Tuyên Quang	21087	Yên Minh
5	Tuyên Quang	10533	Yên Nguyên
5	Tuyên Quang	10550	Yên Phú
5	Tuyên Quang	20857	Yên Sơn
5	Tuyên Quang	21084	Yên Thành
8	TP Huế	10110	A Lưới 1
8	TP Huế	21293	A Lưới 2
8	TP Huế	10118	A Lưới 3
8	TP Huế	10100	A Lưới 4
8	TP Huế	10114	A Lưới 5
8	TP Huế	10119	An Cựu
8	TP Huế	10162	Bình Điền
8	TP Huế	10198	Chân Mây - Lăng Cô
8	TP Huế	10217	Dương Nỗ
8	TP Huế	21375	Đan Điền
8	TP Huế	10115	Hóa Châu
8	TP Huế	10203	Hưng Lộc
8	TP Huế	10161	Hương An
8	TP Huế	10151	Hương Thủy
8	TP Huế	10171	Hương Trà
8	TP Huế	10178	Khe Tre
8	TP Huế	21290	Kim Long
8	TP Huế	10170	Kim Trà
8	TP Huế	21328	Lộc An
8	TP Huế	10182	Long Quảng
8	TP Huế	10223	Mỹ Thượng
8	TP Huế	21300	Nam Đông
8	TP Huế	10193	Phong Dinh
8	TP Huế	10196	Phong Điền
8	TP Huế	10221	Phong Phú
8	TP Huế	10191	Phong Quảng
8	TP Huế	10188	Phong Thái
8	TP Huế	10146	Phú Bài
8	TP Huế	10224	Phú Hồ
8	TP Huế	21331	Phú Lộc
8	TP Huế	10215	Phú Vang
8	TP Huế	10216	Phú Vinh
8	TP Huế	21289	Phú Xuân
8	TP Huế	10240	Quảng Điền
8	TP Huế	10150	Thanh Thủy
8	TP Huế	10225	Thuận An
8	TP Huế	10130	Thuận Hóa
8	TP Huế	10140	Thủy Xuân
8	TP Huế	10211	Vinh Lộc
8	TP Huế	10143	Vỹ Dạ
9	Thanh Hóa	9530	An Nông
9	Thanh Hóa	9173	Ba Đình
9	Thanh Hóa	8990	Bá Thước
9	Thanh Hóa	9447	Bát Mọt
9	Thanh Hóa	9568	Biện Thượng
9	Thanh Hóa	9015	Bỉm Sơn
9	Thanh Hóa	9468	Các Sơn
9	Thanh Hóa	9030	Cẩm Tân
9	Thanh Hóa	9031	Cẩm Thạch
9	Thanh Hóa	21007	Cẩm Thủy
9	Thanh Hóa	9033	Cẩm Tú
9	Thanh Hóa	9034	Cẩm Vân
9	Thanh Hóa	8991	Cổ Lũng
9	Thanh Hóa	9256	Công Chính
9	Thanh Hóa	9485	Đào Duy Từ
9	Thanh Hóa	8993	Điền Lư
9	Thanh Hóa	8994	Điền Quang
9	Thanh Hóa	9581	Định Hòa
9	Thanh Hóa	9588	Định Tân
9	Thanh Hóa	9155	Đồng Lương
9	Thanh Hóa	9403	Đông Quang
9	Thanh Hóa	9056	Đông Sơn
9	Thanh Hóa	9085	Đông Thành
9	Thanh Hóa	9051	Đông Tiến
9	Thanh Hóa	9537	Đồng Tiến
9	Thanh Hóa	9156	Giao An
9	Thanh Hóa	9067	Hà Long
9	Thanh Hóa	21023	Hà Trung
9	Thanh Hóa	9401	Hạc Thành
9	Thanh Hóa	9471	Hải Bình
9	Thanh Hóa	9469	Hải Lĩnh
9	Thanh Hóa	9397	Hàm Rồng
9	Thanh Hóa	21031	Hậu Lộc
9	Thanh Hóa	9288	Hiền Kiệt
9	Thanh Hóa	9178	Hồ Vương
9	Thanh Hóa	9088	Hoa Lộc
9	Thanh Hóa	9241	Hóa Quỳ
9	Thanh Hóa	9109	Hoằng Châu
9	Thanh Hóa	9116	Hoằng Giang
9	Thanh Hóa	9106	Hoằng Hóa
9	Thanh Hóa	9123	Hoằng Lộc
9	Thanh Hóa	9132	Hoằng Phú
9	Thanh Hóa	9138	Hoằng Sơn
9	Thanh Hóa	9143	Hoằng Thanh
9	Thanh Hóa	9145	Hoằng Tiến
9	Thanh Hóa	21027	Hoạt Giang
9	Thanh Hóa	9289	Hồi Xuân
9	Thanh Hóa	9542	Hợp Tiến
9	Thanh Hóa	9202	Kiên Thọ
9	Thanh Hóa	9361	Kim Tân
9	Thanh Hóa	9409	Lam Sơn
9	Thanh Hóa	9159	Linh Sơn
9	Thanh Hóa	21026	Lĩnh Toại
9	Thanh Hóa	9449	Luận Thành
9	Thanh Hóa	9450	Lương Sơn
9	Thanh Hóa	21041	Lưu Vệ
9	Thanh Hóa	9224	Mậu Lâm
9	Thanh Hóa	9205	Minh Sơn
9	Thanh Hóa	9165	Mường Chanh
9	Thanh Hóa	9171	Mường Lát
9	Thanh Hóa	9166	Mường Lý
9	Thanh Hóa	9304	Mường Mìn
9	Thanh Hóa	9305	Na Mèo
9	Thanh Hóa	9353	Nam Sầm Sơn
9	Thanh Hóa	9292	Nam Xuân
9	Thanh Hóa	9174	Nga An
9	Thanh Hóa	21035	Nga Sơn
9	Thanh Hóa	9188	Nga Thắng
9	Thanh Hóa	9483	Nghi Sơn
9	Thanh Hóa	9208	Ngọc Lặc
9	Thanh Hóa	9209	Ngọc Liên
9	Thanh Hóa	9491	Ngọc Sơn
9	Thanh Hóa	9362	Ngọc Trạo
9	Thanh Hóa	9212	Nguyệt Ấn
9	Thanh Hóa	9154	Nguyệt Viên
9	Thanh Hóa	9167	Nhi Sơn
9	Thanh Hóa	9220	Như Thanh
9	Thanh Hóa	9253	Như Xuân
9	Thanh Hóa	21039	Nông Cống
9	Thanh Hóa	9293	Phú Lệ
9	Thanh Hóa	9297	Phú Xuân
9	Thanh Hóa	9007	Pù Luông
9	Thanh Hóa	9168	Pù Nhi
9	Thanh Hóa	9313	Quan Sơn
9	Thanh Hóa	9316	Quảng Bình
9	Thanh Hóa	9169	Quang Chiểu
9	Thanh Hóa	9319	Quảng Chính
9	Thanh Hóa	9336	Quảng Ngọc
9	Thanh Hóa	9339	Quảng Ninh
9	Thanh Hóa	9341	Quảng Phú
9	Thanh Hóa	9017	Quang Trung
9	Thanh Hóa	9355	Quảng Yên
9	Thanh Hóa	9595	Quý Lộc
9	Thanh Hóa	9003	Quý Lương
9	Thanh Hóa	9356	Sầm Sơn
9	Thanh Hóa	9413	Sao Vàng
9	Thanh Hóa	9306	Sơn Điện
9	Thanh Hóa	9309	Sơn Thủy
9	Thanh Hóa	9170	Tam Chung
9	Thanh Hóa	9310	Tam Lư
9	Thanh Hóa	9311	Tam Thanh
9	Thanh Hóa	9489	Tân Dân
9	Thanh Hóa	21063	Tân Ninh
9	Thanh Hóa	9452	Tân Thành
9	Thanh Hóa	9193	Tân Tiến
9	Thanh Hóa	9575	Tây Đô
9	Thanh Hóa	9363	Thạch Bình
9	Thanh Hóa	9217	Thạch Lập
9	Thanh Hóa	9369	Thạch Quảng
9	Thanh Hóa	9270	Thăng Bình
9	Thanh Hóa	9462	Thắng Lộc
9	Thanh Hóa	9274	Thắng Lợi
9	Thanh Hóa	9228	Thanh Kỳ
9	Thanh Hóa	9245	Thanh Phong
9	Thanh Hóa	9246	Thanh Quân
9	Thanh Hóa	9386	Thành Vinh
9	Thanh Hóa	9300	Thiên Phủ
9	Thanh Hóa	9009	Thiết Ống
9	Thanh Hóa	9516	Thiệu Hóa
9	Thanh Hóa	9517	Thiệu Quang
9	Thanh Hóa	9522	Thiệu Tiến
9	Thanh Hóa	9523	Thiệu Toán
9	Thanh Hóa	9524	Thiệu Trung
9	Thanh Hóa	9550	Thọ Bình
9	Thanh Hóa	9418	Thọ Lập
9	Thanh Hóa	9419	Thọ Long
9	Thanh Hóa	9553	Thọ Ngọc
9	Thanh Hóa	9554	Thọ Phú
9	Thanh Hóa	21052	Thọ Xuân
9	Thanh Hóa	9249	Thượng Ninh
9	Thanh Hóa	21060	Thường Xuân
9	Thanh Hóa	21042	Tiên Trang
9	Thanh Hóa	9474	Tĩnh Gia
9	Thanh Hóa	9066	Tống Sơn
9	Thanh Hóa	9102	Triệu Lộc
9	Thanh Hóa	21062	Triệu Sơn
9	Thanh Hóa	9495	Trúc Lâm
9	Thanh Hóa	9273	Trung Chính
9	Thanh Hóa	9312	Trung Hạ
9	Thanh Hóa	9172	Trung Lý
9	Thanh Hóa	9301	Trung Sơn
9	Thanh Hóa	9302	Trung Thành
9	Thanh Hóa	9496	Trường Lâm
9	Thanh Hóa	9277	Trường Văn
9	Thanh Hóa	9280	Tượng Lĩnh
9	Thanh Hóa	9388	Vân Du
9	Thanh Hóa	9092	Vạn Lộc
9	Thanh Hóa	9010	Văn Nho
9	Thanh Hóa	9160	Văn Phú
9	Thanh Hóa	9454	Vạn Xuân
9	Thanh Hóa	21065	Vĩnh Lộc
9	Thanh Hóa	9250	Xuân Bình
9	Thanh Hóa	9457	Xuân Chinh
9	Thanh Hóa	9230	Xuân Du
9	Thanh Hóa	9428	Xuân Hòa
9	Thanh Hóa	9433	Xuân Lập
9	Thanh Hóa	9233	Xuân Thái
9	Thanh Hóa	9443	Xuân Tín
9	Thanh Hóa	9594	Yên Định
9	Thanh Hóa	9163	Yên Khương
9	Thanh Hóa	9465	Yên Nhân
9	Thanh Hóa	9601	Yên Ninh
9	Thanh Hóa	9603	Yên Phú
9	Thanh Hóa	9164	Yên Thắng
9	Thanh Hóa	9236	Yên Thọ
9	Thanh Hóa	9609	Yên Trường
10	Thái Nguyên	9909	An Khánh
10	Thái Nguyên	2614	Ba Bể
10	Thái Nguyên	10037	Bá Xuyên
10	Thái Nguyên	2634	Bắc Kạn
10	Thái Nguyên	10040	Bách Quang
10	Thái Nguyên	2639	Bạch Thông
10	Thái Nguyên	21093	Bằng Thành
10	Thái Nguyên	2711	Bằng Vân
10	Thái Nguyên	9940	Bình Thành
10	Thái Nguyên	9941	Bình Yên
10	Thái Nguyên	2636	Cẩm Giàng
10	Thái Nguyên	7688	Cao Minh
10	Thái Nguyên	2655	Chợ Đồn
10	Thái Nguyên	21089	Chợ Mới
10	Thái Nguyên	2616	Chợ Rã
10	Thái Nguyên	2690	Côn Minh
10	Thái Nguyên	2692	Cường Lợi
10	Thái Nguyên	10076	Dân Tiến
10	Thái Nguyên	9917	Đại Phúc
10	Thái Nguyên	9911	Đại Từ
10	Thái Nguyên	10003	Điềm Thụy
10	Thái Nguyên	9943	Định Hóa
10	Thái Nguyên	9966	Đồng Hỷ
10	Thái Nguyên	2619	Đồng Phúc
10	Thái Nguyên	9914	Đức Lương
10	Thái Nguyên	21088	Đức Xuân
10	Thái Nguyên	10050	Gia Sàng
10	Thái Nguyên	2714	Hiệp Lực
10	Thái Nguyên	10025	Hợp Thành
10	Thái Nguyên	10008	Kha Sơn
10	Thái Nguyên	9947	Kim Phượng
10	Thái Nguyên	9920	La Bằng
10	Thái Nguyên	10078	La Hiên
10	Thái Nguyên	9949	Lam Vỹ
10	Thái Nguyên	21179	Linh Sơn
10	Thái Nguyên	21091	Nà Phặc
10	Thái Nguyên	2710	Na Rì
10	Thái Nguyên	2662	Nam Cường
10	Thái Nguyên	9974	Nam Hòa
10	Thái Nguyên	2720	Ngân Sơn
10	Thái Nguyên	2663	Nghĩa Tá
10	Thái Nguyên	7699	Nghiên Loan
10	Thái Nguyên	10081	Nghinh Tường
10	Thái Nguyên	10054	Phan Đình Phùng
10	Thái Nguyên	9982	Phổ Yên
10	Thái Nguyên	2629	Phong Quang
10	Thái Nguyên	10007	Phú Bình
10	Thái Nguyên	9951	Phú Đình
10	Thái Nguyên	9926	Phú Lạc
10	Thái Nguyên	10023	Phú Lương
10	Thái Nguyên	9927	Phú Thịnh
10	Thái Nguyên	2644	Phủ Thông
10	Thái Nguyên	9928	Phú Xuyên
10	Thái Nguyên	2625	Phúc Lộc
10	Thái Nguyên	9992	Phúc Thuận
10	Thái Nguyên	9954	Phượng Tiến
10	Thái Nguyên	9931	Quân Chu
10	Thái Nguyên	10059	Quan Triều
10	Thái Nguyên	2667	Quảng Bạch
10	Thái Nguyên	9975	Quang Sơn
10	Thái Nguyên	10062	Quyết Thắng
10	Thái Nguyên	10084	Sảng Mộc
10	Thái Nguyên	10044	Sông Công
10	Thái Nguyên	10063	Tân Cương
10	Thái Nguyên	10014	Tân Khánh
10	Thái Nguyên	2682	Tân Kỳ
10	Thái Nguyên	10016	Tân Thành
10	Thái Nguyên	10085	Thần Sa
10	Thái Nguyên	9995	Thành Công
10	Thái Nguyên	2684	Thanh Mai
10	Thái Nguyên	21090	Thanh Thịnh
10	Thái Nguyên	2628	Thượng Minh
10	Thái Nguyên	2718	Thượng Quan
10	Thái Nguyên	10070	Tích Lương
10	Thái Nguyên	9979	Trại Cau
10	Thái Nguyên	2696	Trần Phú
10	Thái Nguyên	10087	Tràng Xá
10	Thái Nguyên	9960	Trung Hội
10	Thái Nguyên	9998	Trung Thành
10	Thái Nguyên	9980	Văn Hán
10	Thái Nguyên	9981	Văn Lăng
10	Thái Nguyên	2689	Văn Lang
10	Thái Nguyên	9936	Vạn Phú
10	Thái Nguyên	9989	Vạn Xuân
10	Thái Nguyên	2648	Vĩnh Thông
10	Thái Nguyên	10077	Võ Nhai
10	Thái Nguyên	10032	Vô Tranh
10	Thái Nguyên	2709	Xuân Dương
10	Thái Nguyên	2686	Yên Bình
10	Thái Nguyên	2671	Yên Phong
10	Thái Nguyên	2672	Yên Thịnh
10	Thái Nguyên	10036	Yên Trạch
12	Tây Ninh	6184	An Lục Long
12	Tây Ninh	6197	An Ninh
12	Tây Ninh	8953	An Tịnh
12	Tây Ninh	20736	Bến Cầu
12	Tây Ninh	20480	Bến Lức
12	Tây Ninh	6139	Bình Đức
12	Tây Ninh	6226	Bình Hiệp
12	Tây Ninh	6232	Bình Hòa
12	Tây Ninh	8943	Bình Minh
12	Tây Ninh	6284	Bình Thành
12	Tây Ninh	20482	Cần Đước
12	Tây Ninh	20481	Cần Giuộc
12	Tây Ninh	8901	Cầu Khởi
12	Tây Ninh	20737	Châu Thành
12	Tây Ninh	20738	Dương Minh Châu
12	Tây Ninh	6219	Đông Thành
12	Tây Ninh	20485	Đức Hòa
12	Tây Ninh	6215	Đức Huệ
12	Tây Ninh	6202	Đức Lập
12	Tây Ninh	8957	Gia Lộc
12	Tây Ninh	20739	Gò Dầu
12	Tây Ninh	8889	Hảo Đước
12	Tây Ninh	6204	Hậu Nghĩa
12	Tây Ninh	6262	Hậu Thạnh
12	Tây Ninh	6205	Hiệp Hòa
12	Tây Ninh	8890	Hòa Hội
12	Tây Ninh	6208	Hòa Khánh
12	Tây Ninh	8919	Hòa Thành
12	Tây Ninh	6251	Hưng Điền
12	Tây Ninh	20735	Hưng Thuận
12	Tây Ninh	6241	Khánh Hậu
12	Tây Ninh	6305	Khánh Hưng
12	Tây Ninh	20477	Kiến Tường
12	Tây Ninh	8903	Lộc Ninh
12	Tây Ninh	20475	Long An
12	Tây Ninh	6152	Long Cang
12	Tây Ninh	8879	Long Chữ
12	Tây Ninh	20731	Long Hoa
12	Tây Ninh	6156	Long Hựu
12	Tây Ninh	8883	Long Thuận
12	Tây Ninh	6142	Lương Hòa
12	Tây Ninh	6234	Mộc Hóa
12	Tây Ninh	6297	Mỹ An
12	Tây Ninh	6212	Mỹ Hạnh
12	Tây Ninh	6160	Mỹ Lệ
12	Tây Ninh	6173	Mỹ Lộc
12	Tây Ninh	6221	Mỹ Quý
12	Tây Ninh	6300	Mỹ Thạnh
12	Tây Ninh	6143	Mỹ Yên
12	Tây Ninh	6266	Nhơn Hòa Lập
12	Tây Ninh	6267	Nhơn Ninh
12	Tây Ninh	20484	Nhựt Tảo
12	Tây Ninh	8893	Ninh Điền
12	Tây Ninh	8946	Ninh Thạnh
12	Tây Ninh	8959	Phước Chỉ
12	Tây Ninh	6177	Phước Lý
12	Tây Ninh	8913	Phước Thạnh
12	Tây Ninh	8894	Phước Vinh
12	Tây Ninh	6179	Phước Vĩnh Tây
12	Tây Ninh	6159	Rạch Kiến
12	Tây Ninh	6192	Tầm Vu
12	Tây Ninh	6239	Tân An
12	Tây Ninh	20740	Tân Biên
12	Tây Ninh	20741	Tân Châu
12	Tây Ninh	8934	Tân Đông
12	Tây Ninh	8937	Tân Hòa
12	Tây Ninh	8938	Tân Hội
12	Tây Ninh	20490	Tân Hưng
12	Tây Ninh	6166	Tân Lân
12	Tây Ninh	8926	Tân Lập
12	Tây Ninh	6302	Tân Long
12	Tây Ninh	20730	Tân Ninh
12	Tây Ninh	8939	Tân Phú
12	Tây Ninh	6181	Tân Tập
12	Tây Ninh	6285	Tân Tây
12	Tây Ninh	8941	Tân Thành
12	Tây Ninh	20488	Tân Thạnh
12	Tây Ninh	20483	Tân Trụ
12	Tây Ninh	8929	Thạnh Bình
12	Tây Ninh	8896	Thanh Điền
12	Tây Ninh	8915	Thạnh Đức
12	Tây Ninh	20487	Thạnh Hóa
12	Tây Ninh	6150	Thạnh Lợi
12	Tây Ninh	6288	Thạnh Phước
12	Tây Ninh	20046	Thủ Thừa
12	Tây Ninh	6195	Thuận Mỹ
12	Tây Ninh	8892	Trà Vong
12	Tây Ninh	20734	Trảng Bàng
12	Tây Ninh	8908	Truông Mít
12	Tây Ninh	6308	Tuyên Bình
12	Tây Ninh	6237	Tuyên Thạnh
12	Tây Ninh	6282	Vàm Cỏ
12	Tây Ninh	6256	Vĩnh Châu
12	Tây Ninh	6196	Vĩnh Công
12	Tây Ninh	20489	Vĩnh Hưng
12	Tây Ninh	6255	Vĩnh Thạnh
13	Sơn La	21262	Bắc Yên
13	Sơn La	8832	Bình Thuận
13	Sơn La	8793	Bó Sinh
13	Sơn La	8781	Chiềng An
13	Sơn La	8783	Chiềng Cơi
13	Sơn La	8840	Chiềng Hặc
13	Sơn La	8730	Chiềng Hoa
13	Sơn La	8796	Chiềng Khoong
13	Sơn La	8797	Chiềng Khương
13	Sơn La	8815	Chiềng La
13	Sơn La	8731	Chiềng Lao
13	Sơn La	8685	Chiềng Mai
13	Sơn La	8686	Chiềng Mung
13	Sơn La	8664	Chiềng Sại
13	Sơn La	8787	Chiềng Sinh
13	Sơn La	8799	Chiềng Sơ
13	Sơn La	8703	Chiềng Sơn
13	Sơn La	8688	Chiềng Sung
13	Sơn La	8820	Co Mạ
13	Sơn La	8681	Đoàn Kết
13	Sơn La	8746	Gia Phù
13	Sơn La	8801	Huổi Một
13	Sơn La	8752	Kim Bon
13	Sơn La	8824	Long Hẹ
13	Sơn La	8846	Lóng Phiêng
13	Sơn La	8710	Lóng Sập
13	Sơn La	21272	Mai Sơn
13	Sơn La	8712	Mộc Châu
13	Sơn La	8706	Mộc Sơn
13	Sơn La	8825	Muổi Nọi
13	Sơn La	8826	Mường Bám
13	Sơn La	8753	Mường Bang
13	Sơn La	8735	Mường Bú
13	Sơn La	8694	Mường Chanh
13	Sơn La	8779	Mường Chiên
13	Sơn La	8754	Mường Cơi
13	Sơn La	8827	Mường É
13	Sơn La	8776	Mường Giôn
13	Sơn La	8803	Mường Hung
13	Sơn La	8828	Mường Khiêng
13	Sơn La	8741	Mường La
13	Sơn La	8804	Mường Lầm
13	Sơn La	8858	Mường Lạn
13	Sơn La	8859	Mường Lèo
13	Sơn La	8777	Mường Sại
13	Sơn La	8829	Nậm Lầu
13	Sơn La	8808	Nậm Ty
13	Sơn La	8740	Ngọc Chiến
13	Sơn La	8672	Pắc Ngà
13	Sơn La	8697	Phiêng Cằm
13	Sơn La	8848	Phiêng Khoài
13	Sơn La	8698	Phiêng Pằn
13	Sơn La	8759	Phù Yên
13	Sơn La	8863	Púng Bánh
13	Sơn La	8775	Quỳnh Nhai
13	Sơn La	8719	Song Khủa
13	Sơn La	21273	Sông Mã
13	Sơn La	8855	Sốp Cộp
13	Sơn La	8762	Suối Tọ
13	Sơn La	8699	Tà Hộc
13	Sơn La	8676	Tạ Khoa
13	Sơn La	8677	Tà Xùa
13	Sơn La	8764	Tân Phong
13	Sơn La	8722	Tân Yên
13	Sơn La	8715	Thảo Nguyên
13	Sơn La	21258	Thuận Châu
13	Sơn La	8792	Tô Hiệu
13	Sơn La	8725	Tô Múa
13	Sơn La	8765	Tường Hạ
13	Sơn La	8726	Vân Hồ
13	Sơn La	8721	Vân Sơn
13	Sơn La	8678	Xím Vàng
13	Sơn La	8727	Xuân Nha
13	Sơn La	21271	Yên Châu
13	Sơn La	8852	Yên Sơn
15	Quảng Trị	8506	A Dơi
15	Quảng Trị	8529	Ái Tử
15	Quảng Trị	7810	Ba Đồn
15	Quảng Trị	8450	Ba Lòng
15	Quảng Trị	20845	Bắc Gianh
15	Quảng Trị	7729	Bắc Trạch
15	Quảng Trị	8484	Bến Hải
15	Quảng Trị	8547	Bến Quan
15	Quảng Trị	7737	Bố Trạch
15	Quảng Trị	7769	Cam Hồng
15	Quảng Trị	21411	Cam Lộ
15	Quảng Trị	20309	Cồn Cỏ
15	Quảng Trị	8480	Cồn Tiên
15	Quảng Trị	21454	Cửa Tùng
15	Quảng Trị	8467	Cửa Việt
15	Quảng Trị	7862	Dân Hóa
15	Quảng Trị	21433	Diên Sanh
15	Quảng Trị	21426	Đakrông
15	Quảng Trị	21377	Đông Hà
15	Quảng Trị	7759	Đồng Hới
15	Quảng Trị	7839	Đồng Lê
15	Quảng Trị	7757	Đồng Sơn
15	Quảng Trị	7752	Đồng Thuận
15	Quảng Trị	7731	Đông Trạch
15	Quảng Trị	21432	Gio Linh
15	Quảng Trị	8494	Hải Lăng
15	Quảng Trị	8445	Hiếu Giang
15	Quảng Trị	7811	Hòa Trạch
15	Quảng Trị	7736	Hoàn Lão
15	Quảng Trị	8454	Hướng Hiệp
15	Quảng Trị	8509	Hướng Lập
15	Quảng Trị	8512	Hướng Phùng
15	Quảng Trị	8516	Khe Sanh
15	Quảng Trị	7865	Kim Điền
15	Quảng Trị	7776	Kim Ngân
15	Quảng Trị	7880	Kim Phú
15	Quảng Trị	8447	La Lay
15	Quảng Trị	8523	Lao Bảo
15	Quảng Trị	7784	Lệ Ninh
15	Quảng Trị	7775	Lệ Thủy
15	Quảng Trị	21444	Lìa
15	Quảng Trị	7874	Minh Hóa
15	Quảng Trị	8490	Mỹ Thủy
15	Quảng Trị	7825	Nam Ba Đồn
15	Quảng Trị	8544	Nam Cửa Việt
15	Quảng Trị	8463	Nam Đông Hà
15	Quảng Trị	7814	Nam Gianh
15	Quảng Trị	8497	Nam Hải Lăng
15	Quảng Trị	20858	Nam Trạch
15	Quảng Trị	7803	Ninh Châu
15	Quảng Trị	20853	Phong Nha
15	Quảng Trị	7812	Phú Trạch
15	Quảng Trị	7802	Quảng Ninh
15	Quảng Trị	20926	Quảng Trạch
15	Quảng Trị	21381	Quảng Trị
15	Quảng Trị	7774	Sen Ngư
15	Quảng Trị	8457	Tà Rụt
15	Quảng Trị	20922	Tân Gianh
15	Quảng Trị	8520	Tân Lập
15	Quảng Trị	7789	Tân Mỹ
15	Quảng Trị	8481	Tân Thành
15	Quảng Trị	7748	Thượng Trạch
15	Quảng Trị	8532	Triệu Bình
15	Quảng Trị	8545	Triệu Cơ
15	Quảng Trị	8528	Triệu Phong
15	Quảng Trị	7820	Trung Thuần
15	Quảng Trị	7806	Trường Ninh
15	Quảng Trị	7792	Trường Phú
15	Quảng Trị	7804	Trường Sơn
15	Quảng Trị	7848	Tuyên Bình
15	Quảng Trị	7854	Tuyên Hóa
15	Quảng Trị	7843	Tuyên Lâm
15	Quảng Trị	7838	Tuyên Phú
15	Quảng Trị	7852	Tuyên Sơn
15	Quảng Trị	8496	Vĩnh Định
15	Quảng Trị	21455	Vĩnh Hoàng
15	Quảng Trị	8548	Vĩnh Linh
15	Quảng Trị	8565	Vĩnh Thủy
16	Quảng Ninh	8305	An Sinh
16	Quảng Ninh	21221	Ba Chẽ
16	Quảng Ninh	8326	Bãi Cháy
16	Quảng Ninh	8307	Bình Khê
16	Quảng Ninh	21222	Bình Liêu
16	Quảng Ninh	21238	Cái Chiên
16	Quảng Ninh	8297	Cẩm Phả
16	Quảng Ninh	8328	Cao Xanh
16	Quảng Ninh	21223	Cô Tô
16	Quảng Ninh	8299	Cửa Ông
16	Quảng Ninh	21225	Đầm Hà
16	Quảng Ninh	8379	Điền Xá
16	Quảng Ninh	8413	Đông Mai
16	Quảng Ninh	8381	Đông Ngũ
16	Quảng Ninh	8318	Đông Triều
16	Quảng Ninh	21239	Đường Hoa
16	Quảng Ninh	8414	Hà An
16	Quảng Ninh	8333	Hà Lầm
16	Quảng Ninh	8338	Hạ Long
16	Quảng Ninh	8336	Hà Tu
16	Quảng Ninh	8363	Hải Hòa
16	Quảng Ninh	8382	Hải Lạng
16	Quảng Ninh	8371	Hải Ninh
16	Quảng Ninh	8364	Hải Sơn
16	Quảng Ninh	8415	Hiệp Hòa
16	Quảng Ninh	8309	Hoàng Quế
16	Quảng Ninh	21204	Hoành Bồ
16	Quảng Ninh	8281	Hoành Mô
16	Quảng Ninh	8337	Hồng Gai
16	Quảng Ninh	8351	Kỳ Thượng
16	Quảng Ninh	8422	Liên Hòa
16	Quảng Ninh	8284	Lục Hồn
16	Quảng Ninh	8349	Lương Minh
16	Quảng Ninh	8315	Mạo Khê
16	Quảng Ninh	8373	Móng Cái 1
16	Quảng Ninh	8370	Móng Cái 2
16	Quảng Ninh	8367	Móng Cái 3
16	Quảng Ninh	8301	Mông Dương
16	Quảng Ninh	8421	Phong Cốc
16	Quảng Ninh	21248	Quảng Đức
16	Quảng Ninh	21233	Quảng Hà
16	Quảng Ninh	8302	Quang Hanh
16	Quảng Ninh	8353	Quảng La
16	Quảng Ninh	21230	Quảng Tân
16	Quảng Ninh	8423	Quảng Yên
16	Quảng Ninh	8356	Thống Nhất
16	Quảng Ninh	8378	Tiên Yên
16	Quảng Ninh	8342	Tuần Châu
16	Quảng Ninh	8393	Uông Bí
16	Quảng Ninh	8401	Vân Đồn
16	Quảng Ninh	8397	Vàng Danh
16	Quảng Ninh	8343	Việt Hưng
16	Quảng Ninh	8375	Vĩnh Thực
16	Quảng Ninh	8391	Yên Tử
17	Quảng Ngãi	8244	An Phú
17	Quảng Ngãi	8095	Ba Dinh
17	Quảng Ngãi	8096	Ba Động
17	Quảng Ngãi	8214	Ba Gia
17	Quảng Ngãi	8105	Ba Tô
17	Quảng Ngãi	21482	Ba Tơ
17	Quảng Ngãi	8107	Ba Vì
17	Quảng Ngãi	8108	Ba Vinh
17	Quảng Ngãi	8109	Ba Xa
17	Quảng Ngãi	8113	Bình Chương
17	Quảng Ngãi	8120	Bình Minh
17	Quảng Ngãi	21481	Bình Sơn
17	Quảng Ngãi	5579	Bờ Y
17	Quảng Ngãi	8238	Cà Đam
17	Quảng Ngãi	8184	Cẩm Thành
17	Quảng Ngãi	5580	Dục Nông
17	Quảng Ngãi	5576	Đăk Bla
17	Quảng Ngãi	5560	Đăk Cấm
17	Quảng Ngãi	20850	Đăk Hà
17	Quảng Ngãi	20866	Đăk Kôi
17	Quảng Ngãi	5525	Đăk Long
17	Quảng Ngãi	5535	Đăk Mar
17	Quảng Ngãi	5527	Đăk Môn
17	Quảng Ngãi	5529	Đăk Pék
17	Quảng Ngãi	5522	Đăk Plô
17	Quảng Ngãi	5536	Đăk Pxi
17	Quảng Ngãi	5562	Đăk Rơ Wa
17	Quảng Ngãi	20865	Đăk Rve
17	Quảng Ngãi	20877	Đăk Sao
17	Quảng Ngãi	20852	Đăk Tô
17	Quảng Ngãi	20878	Đăk Tờ Kan
17	Quảng Ngãi	5537	Đăk Ui
17	Quảng Ngãi	8106	Đặng Thùy Trâm
17	Quảng Ngãi	8167	Đình Cương
17	Quảng Ngãi	8117	Đông Sơn
17	Quảng Ngãi	8231	Đông Trà Bồng
17	Quảng Ngãi	21479	Đức Phổ
17	Quảng Ngãi	5565	Ia Chim
17	Quảng Ngãi	20855	Ia Đal
17	Quảng Ngãi	20856	Ia Tơi
17	Quảng Ngãi	8137	Khánh Cường
17	Quảng Ngãi	20870	Kon Braih
17	Quảng Ngãi	5544	Kon Đào
17	Quảng Ngãi	5557	Kon Plông
17	Quảng Ngãi	5572	Kon Tum
17	Quảng Ngãi	8161	Lân Phong
17	Quảng Ngãi	8160	Long Phụng
17	Quảng Ngãi	8081	Lý Sơn
17	Quảng Ngãi	5553	Măng Bút
17	Quảng Ngãi	20860	Măng Đen
17	Quảng Ngãi	20879	Măng Ri
17	Quảng Ngãi	8149	Minh Long
17	Quảng Ngãi	8154	Mỏ Cày
17	Quảng Ngãi	21480	Mộ Đức
17	Quảng Ngãi	5588	Mô Rai
17	Quảng Ngãi	8255	Nghĩa Giang
17	Quảng Ngãi	8166	Nghĩa Hành
17	Quảng Ngãi	8183	Nghĩa Lộ
17	Quảng Ngãi	5531	Ngọc Linh
17	Quảng Ngãi	5570	Ngọk Bay
17	Quảng Ngãi	5539	Ngọk Réo
17	Quảng Ngãi	5545	Ngọk Tụ
17	Quảng Ngãi	8139	Nguyễn Nghiêm
17	Quảng Ngãi	8168	Phước Giang
17	Quảng Ngãi	5589	Rờ Kơi
17	Quảng Ngãi	5590	Sa Bình
17	Quảng Ngãi	8143	Sa Huỳnh
17	Quảng Ngãi	5586	Sa Loong
17	Quảng Ngãi	20872	Sa Thầy
17	Quảng Ngãi	8188	Sơn Hà
17	Quảng Ngãi	8193	Sơn Hạ
17	Quảng Ngãi	8195	Sơn Kỳ
17	Quảng Ngãi	8196	Sơn Linh
17	Quảng Ngãi	8150	Sơn Mai
17	Quảng Ngãi	8206	Sơn Tây
17	Quảng Ngãi	8210	Sơn Tây Hạ
17	Quảng Ngãi	8208	Sơn Tây Thượng
17	Quảng Ngãi	8200	Sơn Thủy
17	Quảng Ngãi	8219	Sơn Tịnh
17	Quảng Ngãi	21474	Tây Trà
17	Quảng Ngãi	21473	Tây Trà Bồng
17	Quảng Ngãi	8235	Thanh Bồng
17	Quảng Ngãi	8172	Thiện Tín
17	Quảng Ngãi	8226	Thọ Phong
17	Quảng Ngãi	8222	Tịnh Khê
17	Quảng Ngãi	8240	Trà Bồng
17	Quảng Ngãi	8145	Trà Câu
17	Quảng Ngãi	8252	Trà Giang
17	Quảng Ngãi	8218	Trường Giang
17	Quảng Ngãi	21471	Trương Quang Trọng
17	Quảng Ngãi	20883	Tu Mơ Rông
17	Quảng Ngãi	8241	Tư Nghĩa
17	Quảng Ngãi	8130	Vạn Tường
17	Quảng Ngãi	8258	Vệ Giang
17	Quảng Ngãi	5532	Xốp
17	Quảng Ngãi	5595	Ya Ly
21	Phú Thọ	4283	An Bình
21	Phú Thọ	4284	An Nghĩa
21	Phú Thọ	7374	Âu Cơ
21	Phú Thọ	7342	Bản Nguyên
21	Phú Thọ	7284	Bằng Luân
21	Phú Thọ	4310	Bao La
21	Phú Thọ	1657	Bình Nguyên
21	Phú Thọ	7357	Bình Phú
21	Phú Thọ	1654	Bình Tuyền
21	Phú Thọ	1656	Bình Xuyên
21	Phú Thọ	21186	Cẩm Khê
21	Phú Thọ	4212	Cao Dương
21	Phú Thọ	4378	Cao Phong
21	Phú Thọ	4178	Cao Sơn
21	Phú Thọ	7286	Chân Mộng
21	Phú Thọ	7287	Chí Đám
21	Phú Thọ	7404	Chí Tiên
21	Phú Thọ	7430	Cự Đồng
21	Phú Thọ	7356	Dân Chủ
21	Phú Thọ	4214	Dũng Tiến
21	Phú Thọ	21237	Đà Bắc
21	Phú Thọ	1762	Đại Đình
21	Phú Thọ	4254	Đại Đồng
21	Phú Thọ	7321	Đan Thượng
21	Phú Thọ	1763	Đạo Trù
21	Phú Thọ	7453	Đào Xá
21	Phú Thọ	21187	Đoan Hùng
21	Phú Thọ	7511	Đồng Lương
21	Phú Thọ	7409	Đông Thành
21	Phú Thọ	21234	Đức Nhàn
21	Phú Thọ	21188	Hạ Hòa
21	Phú Thọ	20994	Hải Lựu
21	Phú Thọ	7322	Hiền Lương
21	Phú Thọ	7387	Hiền Quan
21	Phú Thọ	4198	Hòa Bình
21	Phú Thọ	1689	Hoàng An
21	Phú Thọ	7412	Hoàng Cương
21	Phú Thọ	1688	Hội Thịnh
21	Phú Thọ	21270	Hợp Kim
21	Phú Thọ	1672	Hợp Lý
21	Phú Thọ	7513	Hùng Việt
21	Phú Thọ	7435	Hương Cần
21	Phú Thọ	7473	Hy Cương
21	Phú Thọ	7436	Khả Cửu
21	Phú Thọ	21269	Kim Bôi
21	Phú Thọ	4196	Kỳ Sơn
21	Phú Thọ	4360	Lạc Lương
21	Phú Thọ	4278	Lạc Sơn
21	Phú Thọ	4285	Lạc Thủy
21	Phú Thọ	7553	Lai Đồng
21	Phú Thọ	21190	Lâm Thao
21	Phú Thọ	20980	Lập Thạch
21	Phú Thọ	1741	Liên Châu
21	Phú Thọ	1673	Liên Hòa
21	Phú Thọ	7406	Liên Minh
21	Phú Thọ	4301	Liên Sơn
21	Phú Thọ	7554	Long Cốc
21	Phú Thọ	4218	Lương Sơn
21	Phú Thọ	4309	Mai Châu
21	Phú Thọ	4315	Mai Hạ
21	Phú Thọ	7556	Minh Đài
21	Phú Thọ	7494	Minh Hòa
21	Phú Thọ	4339	Mường Bi
21	Phú Thọ	4215	Mường Động
21	Phú Thọ	4346	Mường Hoa
21	Phú Thọ	4371	Mường Thàng
21	Phú Thọ	4271	Mường Vang
21	Phú Thọ	4234	Nật Sơn
21	Phú Thọ	4266	Ngọc Sơn
21	Phú Thọ	1742	Nguyệt Đức
21	Phú Thọ	4267	Nhân Nghĩa
21	Phú Thọ	7477	Nông Trang
21	Phú Thọ	4320	Pà Cò
21	Phú Thọ	7378	Phong Châu
21	Phú Thọ	7519	Phú Khê
21	Phú Thọ	7364	Phú Mỹ
21	Phú Thọ	7366	Phù Ninh
21	Phú Thọ	7377	Phú Thọ
21	Phú Thọ	1754	Phúc Yên
21	Phú Thọ	7344	Phùng Nguyên
21	Phú Thọ	7416	Quảng Yên
21	Phú Thọ	4179	Quy Đức
21	Phú Thọ	4255	Quyết Thắng
21	Phú Thọ	1677	Sơn Đông
21	Phú Thọ	7493	Sơn Lương
21	Phú Thọ	20992	Sông Lô
21	Phú Thọ	1692	Tam Dương
21	Phú Thọ	1687	Tam Dương Bắc
21	Phú Thọ	20983	Tam Đảo
21	Phú Thọ	1743	Tam Hồng
21	Phú Thọ	7390	Tam Nông
21	Phú Thọ	20987	Tam Sơn
21	Phú Thọ	4202	Tân Hòa
21	Phú Thọ	4337	Tân Lạc
21	Phú Thọ	4326	Tân Mai
21	Phú Thọ	4189	Tân Pheo
21	Phú Thọ	7565	Tân Sơn
21	Phú Thọ	7304	Tây Cốc
21	Phú Thọ	1744	Tề Lỗ
21	Phú Thọ	1678	Thái Hòa
21	Phú Thọ	21193	Thanh Ba
21	Phú Thọ	7483	Thanh Miếu
21	Phú Thọ	21201	Thanh Sơn
21	Phú Thọ	21202	Thanh Thủy
21	Phú Thọ	21412	Thịnh Minh
21	Phú Thọ	1714	Thổ Tang
21	Phú Thọ	7398	Thọ Văn
21	Phú Thọ	4207	Thống Nhất
21	Phú Thọ	7564	Thu Cúc
21	Phú Thọ	4381	Thung Nai
21	Phú Thọ	4273	Thượng Cốc
21	Phú Thọ	7501	Thượng Long
21	Phú Thọ	1679	Tiên Lữ
21	Phú Thọ	7535	Tiên Lương
21	Phú Thọ	4190	Tiền Phong
21	Phú Thọ	4334	Toàn Thắng
21	Phú Thọ	7369	Trạm Thản
21	Phú Thọ	7502	Trung Sơn
21	Phú Thọ	7464	Tu Vũ
21	Phú Thọ	7539	Vân Bán
21	Phú Thọ	7334	Văn Lang
21	Phú Thọ	7447	Văn Miếu
21	Phú Thọ	7489	Vân Phú
21	Phú Thọ	4353	Vân Sơn
21	Phú Thọ	7384	Vạn Xuân
21	Phú Thọ	7480	Việt Trì
21	Phú Thọ	1704	Vĩnh An
21	Phú Thọ	7335	Vĩnh Chân
21	Phú Thọ	1707	Vĩnh Hưng
21	Phú Thọ	1722	Vĩnh Phú
21	Phú Thọ	1726	Vĩnh Phúc
21	Phú Thọ	1705	Vĩnh Thành
21	Phú Thọ	1712	Vĩnh Tường
21	Phú Thọ	1734	Vĩnh Yên
21	Phú Thọ	7448	Võ Miếu
21	Phú Thọ	7570	Xuân Đài
21	Phú Thọ	1760	Xuân Hòa
21	Phú Thọ	1664	Xuân Lãng
21	Phú Thọ	7354	Xuân Lũng
21	Phú Thọ	7505	Xuân Viên
21	Phú Thọ	7340	Yên Kỳ
21	Phú Thọ	20986	Yên Lạc
21	Phú Thọ	21000	Yên Lãng
21	Phú Thọ	21203	Yên Lập
21	Phú Thọ	4282	Yên Phú
21	Phú Thọ	7451	Yên Sơn
21	Phú Thọ	4357	Yên Thủy
21	Phú Thọ	4366	Yên Trị
23	Ninh Bình	3643	Bắc Lý
23	Ninh Bình	3599	Bình An
23	Ninh Bình	3587	Bình Giang
23	Ninh Bình	3586	Bình Lục
23	Ninh Bình	7069	Bình Minh
23	Ninh Bình	3585	Bình Mỹ
23	Ninh Bình	3596	Bình Sơn
23	Ninh Bình	6461	Cát Thành
23	Ninh Bình	7070	Chất Bình
23	Ninh Bình	3699	Châu Sơn
23	Ninh Bình	6462	Cổ Lễ
23	Ninh Bình	7095	Cúc Phương
23	Ninh Bình	3610	Duy Hà
23	Ninh Bình	3602	Duy Tân
23	Ninh Bình	3604	Duy Tiên
23	Ninh Bình	7192	Đại Hoàng
23	Ninh Bình	7073	Định Hóa
23	Ninh Bình	6396	Đông A
23	Ninh Bình	7128	Đông Hoa Lư
23	Ninh Bình	7168	Đồng Thái
23	Ninh Bình	6436	Đồng Thịnh
23	Ninh Bình	3606	Đồng Văn
23	Ninh Bình	7186	Gia Hưng
23	Ninh Bình	7098	Gia Lâm
23	Ninh Bình	7190	Gia Phong
23	Ninh Bình	7199	Gia Trấn
23	Ninh Bình	7101	Gia Tường
23	Ninh Bình	7201	Gia Vân
23	Ninh Bình	7185	Gia Viễn
23	Ninh Bình	6340	Giao Bình
23	Ninh Bình	6342	Giao Hòa
23	Ninh Bình	6332	Giao Hưng
23	Ninh Bình	6336	Giao Minh
23	Ninh Bình	6344	Giao Ninh
23	Ninh Bình	6339	Giao Phúc
23	Ninh Bình	6324	Giao Thủy
23	Ninh Bình	3670	Hà Nam
23	Ninh Bình	6346	Hải An
23	Ninh Bình	6347	Hải Anh
23	Ninh Bình	6379	Hải Hậu
23	Ninh Bình	6357	Hải Hưng
23	Ninh Bình	6368	Hải Quang
23	Ninh Bình	6378	Hải Thịnh
23	Ninh Bình	6345	Hải Tiến
23	Ninh Bình	6377	Hải Xuân
23	Ninh Bình	6486	Hiển Khánh
23	Ninh Bình	7062	Hoa Lư
23	Ninh Bình	6443	Hồng Phong
23	Ninh Bình	6419	Hồng Quang
23	Ninh Bình	7150	Khánh Hội
23	Ninh Bình	7154	Khánh Nhạc
23	Ninh Bình	7158	Khánh Thiện
23	Ninh Bình	7161	Khánh Trung
23	Ninh Bình	3631	Kim Bảng
23	Ninh Bình	7079	Kim Đông
23	Ninh Bình	7078	Kim Sơn
23	Ninh Bình	3626	Kim Thanh
23	Ninh Bình	7084	Lai Thành
23	Ninh Bình	3629	Lê Hồ
23	Ninh Bình	3682	Liêm Hà
23	Ninh Bình	3589	Liêm Tuyền
23	Ninh Bình	6490	Liên Minh
23	Ninh Bình	3645	Lý Nhân
23	Ninh Bình	3630	Lý Thường Kiệt
23	Ninh Bình	6491	Minh Tân
23	Ninh Bình	6467	Minh Thái
23	Ninh Bình	21029	Mỹ Lộc
23	Ninh Bình	6405	Nam Định
23	Ninh Bình	6418	Nam Đồng
23	Ninh Bình	7127	Nam Hoa Lư
23	Ninh Bình	6425	Nam Hồng
23	Ninh Bình	21006	Nam Lý
23	Ninh Bình	6421	Nam Minh
23	Ninh Bình	6424	Nam Ninh
23	Ninh Bình	6422	Nam Trực
23	Ninh Bình	3646	Nam Xang
23	Ninh Bình	6437	Nghĩa Hưng
23	Ninh Bình	6446	Nghĩa Lâm
23	Ninh Bình	6452	Nghĩa Sơn
23	Ninh Bình	3632	Nguyễn Úy
23	Ninh Bình	3662	Nhân Hà
23	Ninh Bình	21038	Nho Quan
23	Ninh Bình	21033	Ninh Cường
23	Ninh Bình	6465	Ninh Giang
23	Ninh Bình	7087	Phát Diệm
23	Ninh Bình	6545	Phong Doanh
23	Ninh Bình	7106	Phú Long
23	Ninh Bình	3678	Phủ Lý
23	Ninh Bình	7107	Phú Sơn
23	Ninh Bình	3676	Phù Vân
23	Ninh Bình	6471	Quang Hưng
23	Ninh Bình	7088	Quang Thiện
23	Ninh Bình	6459	Quỹ Nhất
23	Ninh Bình	7109	Quỳnh Lưu
23	Ninh Bình	6460	Rạng Đông
23	Ninh Bình	3622	Tam Chúc
23	Ninh Bình	7135	Tam Điệp
23	Ninh Bình	6520	Tân Minh
23	Ninh Bình	21016	Tân Thanh
23	Ninh Bình	7058	Tây Hoa Lư
23	Ninh Bình	3683	Thanh Bình
23	Ninh Bình	3693	Thanh Lâm
23	Ninh Bình	3691	Thanh Liêm
23	Ninh Bình	6398	Thành Nam
23	Ninh Bình	7115	Thanh Sơn
23	Ninh Bình	6395	Thiên Trường
23	Ninh Bình	3617	Tiên Sơn
23	Ninh Bình	3660	Trần Thương
23	Ninh Bình	6477	Trực Ninh
23	Ninh Bình	7141	Trung Sơn
23	Ninh Bình	6412	Trường Thi
23	Ninh Bình	6543	Vạn Thắng
23	Ninh Bình	6399	Vị Khê
23	Ninh Bình	3666	Vĩnh Trụ
23	Ninh Bình	6485	Vụ Bản
23	Ninh Bình	6533	Vũ Dương
23	Ninh Bình	6512	Xuân Giang
23	Ninh Bình	6505	Xuân Hồng
23	Ninh Bình	6518	Xuân Hưng
23	Ninh Bình	21034	Xuân Trường
23	Ninh Bình	6537	Ý Yên
23	Ninh Bình	6523	Yên Cường
23	Ninh Bình	6524	Yên Đồng
23	Ninh Bình	7163	Yên Khánh
23	Ninh Bình	7172	Yên Mạc
23	Ninh Bình	7180	Yên Mô
23	Ninh Bình	7143	Yên Sơn
23	Ninh Bình	7178	Yên Thắng
23	Ninh Bình	7181	Yên Từ
24	Nghệ An	6609	An Châu
24	Nghệ An	6574	Anh Sơn
24	Nghệ An	6579	Anh Sơn Đông
24	Nghệ An	6701	Bắc Lý
24	Nghệ An	6651	Bạch Hà
24	Nghệ An	6655	Bạch Ngọc
24	Nghệ An	6944	Bích Hào
24	Nghệ An	6590	Bình Chuẩn
24	Nghệ An	7027	Bình Minh
24	Nghệ An	6592	Cam Phục
24	Nghệ An	6908	Cát Ngạn
24	Nghệ An	6814	Châu Bình
24	Nghệ An	6827	Châu Hồng
24	Nghệ An	6593	Châu Khê
24	Nghệ An	6828	Châu Lộc
24	Nghệ An	6822	Châu Tiến
24	Nghệ An	6704	Chiêu Lưu
24	Nghệ An	6594	Con Cuông
24	Nghệ An	6602	Cửa Lò
24	Nghệ An	6638	Diễn Châu
24	Nghệ An	21175	Đại Đồng
24	Nghệ An	6726	Đại Huệ
24	Nghệ An	21110	Đô Lương
24	Nghệ An	7034	Đông Hiếu
24	Nghệ An	21133	Đông Lộc
24	Nghệ An	6999	Đông Thành
24	Nghệ An	6619	Đức Châu
24	Nghệ An	7002	Giai Lạc
24	Nghệ An	6888	Giai Xuân
24	Nghệ An	6618	Hải Châu
24	Nghệ An	6762	Hải Lộc
24	Nghệ An	6911	Hạnh Lâm
24	Nghệ An	6915	Hoa Quân
24	Nghệ An	21095	Hoàng Mai
24	Nghệ An	6996	Hợp Minh
24	Nghệ An	6816	Hùng Chân
24	Nghệ An	6613	Hùng Châu
24	Nghệ An	21121	Hưng Nguyên
24	Nghệ An	6683	Hưng Nguyên Nam
24	Nghệ An	6706	Huồi Tụ
24	Nghệ An	6950	Hữu Khuông
24	Nghệ An	6707	Hữu Kiệm
24	Nghệ An	6709	Keng Đu
24	Nghệ An	6921	Kim Bảng
24	Nghệ An	6725	Kim Liên
24	Nghệ An	21119	Lam Thành
24	Nghệ An	6954	Lượng Minh
24	Nghệ An	6648	Lương Sơn
24	Nghệ An	6598	Mậu Thạch
24	Nghệ An	21107	Minh Châu
24	Nghệ An	6837	Minh Hợp
24	Nghệ An	6599	Môn Sơn
24	Nghệ An	6824	Mường Chọng
24	Nghệ An	6825	Mường Ham
24	Nghệ An	6711	Mường Lống
24	Nghệ An	6799	Mường Quàng
24	Nghệ An	6712	Mường Típ
24	Nghệ An	6713	Mường Xén
24	Nghệ An	6714	Mỹ Lý
24	Nghệ An	6715	Na Loi
24	Nghệ An	6716	Na Ngoi
24	Nghệ An	6718	Nậm Cắn
24	Nghệ An	6738	Nam Đàn
24	Nghệ An	6957	Nga My
24	Nghệ An	6774	Nghi Lộc
24	Nghệ An	21137	Nghĩa Đàn
24	Nghệ An	6893	Nghĩa Đồng
24	Nghệ An	6895	Nghĩa Hành
24	Nghệ An	6781	Nghĩa Hưng
24	Nghệ An	6782	Nghĩa Khánh
24	Nghệ An	6784	Nghĩa Lâm
24	Nghệ An	6786	Nghĩa Lộc
24	Nghệ An	6789	Nghĩa Mai
24	Nghệ An	6796	Nghĩa Thọ
24	Nghệ An	6571	Nhân Hòa
24	Nghệ An	6958	Nhôn Mai
24	Nghệ An	6745	Phúc Lộc
24	Nghệ An	6995	Quan Thành
24	Nghệ An	6614	Quảng Châu
24	Nghệ An	7000	Quang Đồng
24	Nghệ An	6804	Quế Phong
24	Nghệ An	21144	Quỳ Châu
24	Nghệ An	21146	Quỳ Hợp
24	Nghệ An	6882	Quỳnh Anh
24	Nghệ An	6845	Quỳnh Lưu
24	Nghệ An	6847	Quỳnh Mai
24	Nghệ An	6844	Quỳnh Phú
24	Nghệ An	6848	Quỳnh Sơn
24	Nghệ An	6871	Quỳnh Tam
24	Nghệ An	6874	Quỳnh Thắng
24	Nghệ An	6879	Quỳnh Văn
24	Nghệ An	6912	Sơn Lâm
24	Nghệ An	6928	Tam Đồng
24	Nghệ An	6840	Tam Hợp
24	Nghệ An	6961	Tam Quang
24	Nghệ An	6962	Tam Thái
24	Nghệ An	6901	Tân An
24	Nghệ An	6625	Tân Châu
24	Nghệ An	21147	Tân Kỳ
24	Nghệ An	20091	Tân Mai
24	Nghệ An	6899	Tân Phú
24	Nghệ An	7048	Tây Hiếu
24	Nghệ An	7037	Thái Hòa
24	Nghệ An	6748	Thần Lĩnh
24	Nghệ An	6570	Thành Bình Thọ
24	Nghệ An	6971	Thành Vinh
24	Nghệ An	6724	Thiên Nhẫn
24	Nghệ An	6810	Thông Thụ
24	Nghệ An	6662	Thuần Trung
24	Nghệ An	6887	Tiên Đồng
24	Nghệ An	6811	Tiền Phong
24	Nghệ An	6812	Tri Lễ
24	Nghệ An	6755	Trung Lộc
24	Nghệ An	6970	Trường Vinh
24	Nghệ An	6963	Tương Dương
24	Nghệ An	21129	Vạn An
24	Nghệ An	7014	Vân Du
24	Nghệ An	6668	Văn Hiến
24	Nghệ An	6753	Văn Kiều
24	Nghệ An	7010	Vân Tụ
24	Nghệ An	6978	Vinh Hưng
24	Nghệ An	6981	Vinh Lộc
24	Nghệ An	6974	Vinh Phú
24	Nghệ An	6575	Vĩnh Tường
24	Nghệ An	6913	Xuân Lâm
24	Nghệ An	6966	Yên Hòa
24	Nghệ An	6967	Yên Na
24	Nghệ An	7003	Yên Thành
24	Nghệ An	6699	Yên Trung
24	Nghệ An	6572	Yên Xuân
27	Lào Cai	5670	A Mú Sung
27	Lào Cai	1604	Âu Lâu
27	Lào Cai	5618	Bắc Hà
27	Lào Cai	5722	Bản Hồ
27	Lào Cai	5707	Bản Lầu
27	Lào Cai	5619	Bản Liền
27	Lào Cai	5673	Bản Xèo
27	Lào Cai	1622	Bảo Ái
27	Lào Cai	5651	Bảo Hà
27	Lào Cai	5621	Bảo Nhai
27	Lào Cai	5640	Bảo Thắng
27	Lào Cai	5660	Bảo Yên
27	Lào Cai	5675	Bát Xát
27	Lào Cai	5694	Cam Đường
27	Lào Cai	1624	Cảm Nhân
27	Lào Cai	5709	Cao Sơn
27	Lào Cai	1551	Cát Thịnh
27	Lào Cai	20968	Cầu Thia
27	Lào Cai	1552	Chấn Thịnh
27	Lào Cai	1580	Châu Quế
27	Lào Cai	1506	Chế Tạo
27	Lào Cai	5739	Chiềng Ken
27	Lào Cai	5622	Cốc Lầu
27	Lào Cai	21045	Cốc San
27	Lào Cai	5676	Dền Sáng
27	Lào Cai	5741	Dương Quỳ
27	Lào Cai	1584	Đông Cuông
27	Lào Cai	1555	Gia Hội
27	Lào Cai	5639	Gia Phú
27	Lào Cai	20905	Hạnh Phúc
27	Lào Cai	5698	Hợp Thành
27	Lào Cai	1535	Hưng Khánh
27	Lào Cai	1485	Khánh Hòa
27	Lào Cai	5745	Khánh Yên
27	Lào Cai	1509	Khao Mang
27	Lào Cai	1586	Lâm Giang
27	Lào Cai	1487	Lâm Thượng
27	Lào Cai	5701	Lào Cai
27	Lào Cai	1512	Lao Chải
27	Lào Cai	1563	Liên Sơn
27	Lào Cai	1503	Lục Yên
27	Lào Cai	5627	Lùng Phình
27	Lào Cai	1538	Lương Thịnh
27	Lào Cai	1588	Mậu A
27	Lào Cai	5748	Minh Lương
27	Lào Cai	1590	Mỏ Vàng
27	Lào Cai	20902	Mù Cang Chải
27	Lào Cai	5737	Mường Bo
27	Lào Cai	5678	Mường Hum
27	Lào Cai	21069	Mường Khương
27	Lào Cai	1492	Mường Lai
27	Lào Cai	5749	Nậm Chày
27	Lào Cai	1514	Nậm Có
27	Lào Cai	1611	Nam Cường
27	Lào Cai	5754	Nậm Xé
27	Lào Cai	5659	Nghĩa Đô
27	Lào Cai	20970	Nghĩa Lộ
27	Lào Cai	1562	Nghĩa Tâm
27	Lào Cai	5723	Ngũ Chỉ Sơn
27	Lào Cai	5716	Pha Long
27	Lào Cai	1523	Phình Hồ
27	Lào Cai	1593	Phong Dụ Hạ
27	Lào Cai	1594	Phong Dụ Thượng
27	Lào Cai	5641	Phong Hải
27	Lào Cai	5655	Phúc Khánh
27	Lào Cai	1494	Phúc Lợi
27	Lào Cai	1516	Púng Luông
27	Lào Cai	20909	Quy Mông
27	Lào Cai	5727	Sa Pa
27	Lào Cai	5763	Si Ma Cai
27	Lào Cai	5771	Sín Chéng
27	Lào Cai	1569	Sơn Lương
27	Lào Cai	5634	Tả Củ Tỷ
27	Lào Cai	5734	Tả Phìn
27	Lào Cai	5735	Tả Van
27	Lào Cai	1524	Tà Xi Láng
27	Lào Cai	1596	Tân Hợp
27	Lào Cai	1496	Tân Lĩnh
27	Lào Cai	5646	Tằng Loỏng
27	Lào Cai	1636	Thác Bà
27	Lào Cai	1576	Thượng Bằng La
27	Lào Cai	5663	Thượng Hà
27	Lào Cai	1525	Trạm Tấu
27	Lào Cai	1530	Trấn Yên
27	Lào Cai	5688	Trịnh Tường
27	Lào Cai	20971	Trung Tâm
27	Lào Cai	1577	Tú Lệ
27	Lào Cai	5742	Văn Bàn
27	Lào Cai	1570	Văn Chấn
27	Lào Cai	1617	Văn Phú
27	Lào Cai	1546	Việt Hồng
27	Lào Cai	5760	Võ Lao
27	Lào Cai	1598	Xuân Ái
27	Lào Cai	5666	Xuân Hòa
27	Lào Cai	5650	Xuân Quang
27	Lào Cai	5690	Y Tý
27	Lào Cai	1605	Yên Bái
27	Lào Cai	20967	Yên Bình
27	Lào Cai	1645	Yên Thành
28	Lạng Sơn	5976	Ba Sơn
28	Lạng Sơn	5927	Bắc Sơn
28	Lạng Sơn	21153	Bằng Mạc
28	Lạng Sơn	5962	Bình Gia
28	Lạng Sơn	5996	Cai Kinh
28	Lạng Sơn	5975	Cao Lộc
28	Lạng Sơn	5990	Châu Sơn
28	Lạng Sơn	21150	Chi Lăng
28	Lạng Sơn	21155	Chiến Thắng
28	Lạng Sơn	5968	Công Sơn
28	Lạng Sơn	6114	Điềm He
28	Lạng Sơn	21126	Đình Lập
28	Lạng Sơn	6064	Đoàn Kết
28	Lạng Sơn	5969	Đồng Đăng
28	Lạng Sơn	6022	Đông Kinh
28	Lạng Sơn	5948	Hoa Thám
28	Lạng Sơn	6084	Hoàng Văn Thụ
28	Lạng Sơn	6086	Hội Hoan
28	Lạng Sơn	5950	Hồng Phong
28	Lạng Sơn	5931	Hưng Vũ
28	Lạng Sơn	6005	Hữu Liên
28	Lạng Sơn	6015	Hữu Lũng
28	Lạng Sơn	6068	Kháng Chiến
28	Lạng Sơn	6106	Khánh Khê
28	Lạng Sơn	6036	Khuất Xá
28	Lạng Sơn	5988	Kiên Mộc
28	Lạng Sơn	6024	Kỳ Lừa
28	Lạng Sơn	6038	Lộc Bình
28	Lạng Sơn	6037	Lợi Bác
28	Lạng Sơn	6021	Lương Văn Tri
28	Lạng Sơn	6039	Mẫu Sơn
28	Lạng Sơn	6041	Na Dương
28	Lạng Sơn	6090	Na Sầm
28	Lạng Sơn	21162	Nhân Lý
28	Lạng Sơn	5934	Nhất Hòa
28	Lạng Sơn	21163	Quan Sơn
28	Lạng Sơn	6071	Quốc Khánh
28	Lạng Sơn	6072	Quốc Việt
28	Lạng Sơn	5956	Quý Hòa
28	Lạng Sơn	6027	Tam Thanh
28	Lạng Sơn	6110	Tân Đoàn
28	Lạng Sơn	6013	Tân Thành
28	Lạng Sơn	6075	Tân Tiến
28	Lạng Sơn	5940	Tân Tri
28	Lạng Sơn	5958	Tân Văn
28	Lạng Sơn	5995	Thái Bình
28	Lạng Sơn	6077	Thất Khê
28	Lạng Sơn	5959	Thiện Hòa
28	Lạng Sơn	5960	Thiện Long
28	Lạng Sơn	6012	Thiện Tân
28	Lạng Sơn	5961	Thiện Thuật
28	Lạng Sơn	6054	Thống Nhất
28	Lạng Sơn	6097	Thụy Hùng
28	Lạng Sơn	6063	Tràng Định
28	Lạng Sơn	6115	Tri Lễ
28	Lạng Sơn	6007	Tuấn Sơn
28	Lạng Sơn	6094	Văn Lãng
28	Lạng Sơn	21167	Vạn Linh
28	Lạng Sơn	6016	Vân Nham
28	Lạng Sơn	6101	Văn Quan
28	Lạng Sơn	5943	Vũ Lăng
28	Lạng Sơn	5944	Vũ Lễ
28	Lạng Sơn	6052	Xuân Dương
28	Lạng Sơn	6017	Yên Bình
28	Lạng Sơn	6122	Yên Phúc
29	Lâm Đồng	20038	1 Bảo Lộc
29	Lâm Đồng	5806	2 Bảo Lộc
29	Lâm Đồng	5805	3 Bảo Lộc
29	Lâm Đồng	5797	B’Lao
29	Lâm Đồng	20744	Bắc Bình
29	Lâm Đồng	10850	Bắc Gia Nghĩa
29	Lâm Đồng	2097	Bắc Ruộng
29	Lâm Đồng	20537	Bảo Lâm 1
29	Lâm Đồng	5785	Bảo Lâm 2
29	Lâm Đồng	5795	Bảo Lâm 3
29	Lâm Đồng	5792	Bảo Lâm 4
29	Lâm Đồng	5787	Bảo Lâm 5
29	Lâm Đồng	5852	Bảo Thuận
29	Lâm Đồng	2086	Bình Thuận
29	Lâm Đồng	5826	Cam Ly - Đà Lạt
29	Lâm Đồng	20538	Cát Tiên
29	Lâm Đồng	20539	Cát Tiên 2
29	Lâm Đồng	5810	Cát Tiên 3
29	Lâm Đồng	10867	Cư Jút
29	Lâm Đồng	5871	D’Ran
29	Lâm Đồng	20540	Di Linh
29	Lâm Đồng	5845	Đạ Huoai
29	Lâm Đồng	5844	Đạ Huoai 2
29	Lâm Đồng	5848	Đạ Huoai 3
29	Lâm Đồng	20542	Đạ Tẻh
29	Lâm Đồng	5841	Đạ Tẻh 2
29	Lâm Đồng	5842	Đạ Tẻh 3
29	Lâm Đồng	10883	Đắk Mil
29	Lâm Đồng	10887	Đắk Sắk
29	Lâm Đồng	10921	Đắk Song
29	Lâm Đồng	10863	Đắk Wil
29	Lâm Đồng	20549	Đam Rông 1
29	Lâm Đồng	20548	Đam Rông 2
29	Lâm Đồng	20546	Đam Rông 3
29	Lâm Đồng	20547	Đam Rông 4
29	Lâm Đồng	5869	Đinh Trang Thượng
29	Lâm Đồng	5902	Đinh Văn Lâm Hà
29	Lâm Đồng	5878	Đơn Dương
29	Lâm Đồng	10847	Đông Gia Nghĩa
29	Lâm Đồng	2048	Đông Giang
29	Lâm Đồng	2098	Đồng Kho
29	Lâm Đồng	10938	Đức An
29	Lâm Đồng	10902	Đức Lập
29	Lâm Đồng	2036	Đức Linh
29	Lâm Đồng	5886	Đức Trọng
29	Lâm Đồng	5865	Gia Hiệp
29	Lâm Đồng	2013	Hải Ninh
29	Lâm Đồng	2065	Hàm Kiệm
29	Lâm Đồng	2053	Hàm Liêm
29	Lâm Đồng	2041	Hàm Tân
29	Lâm Đồng	2055	Hàm Thắng
29	Lâm Đồng	2068	Hàm Thạnh
29	Lâm Đồng	2062	Hàm Thuận
29	Lâm Đồng	2054	Hàm Thuận Bắc
29	Lâm Đồng	2074	Hàm Thuận Nam
29	Lâm Đồng	5884	Hiệp Thạnh
29	Lâm Đồng	5859	Hòa Bắc
29	Lâm Đồng	5861	Hòa Ninh
29	Lâm Đồng	2014	Hòa Thắng
29	Lâm Đồng	2030	Hoài Đức
29	Lâm Đồng	20748	Hồng Sơn
29	Lâm Đồng	2016	Hồng Thái
29	Lâm Đồng	5872	Ka Đô
29	Lâm Đồng	10919	Kiến Đức
29	Lâm Đồng	10967	Krông Nô
29	Lâm Đồng	2058	La Dạ
29	Lâm Đồng	2126	La Gi
29	Lâm Đồng	5895	Lạc Dương
29	Lâm Đồng	5830	Lâm Viên - Đà Lạt
29	Lâm Đồng	5828	Lang Biang - Đà Lạt
29	Lâm Đồng	2115	Liên Hương
29	Lâm Đồng	2017	Lương Sơn
29	Lâm Đồng	2083	Mũi Né
29	Lâm Đồng	5908	Nam Ban Lâm Hà
29	Lâm Đồng	10865	Nam Dong
29	Lâm Đồng	10957	Nam Đà
29	Lâm Đồng	10844	Nam Gia Nghĩa
29	Lâm Đồng	5909	Nam Hà Lâm Hà
29	Lâm Đồng	10959	Nâm Nung
29	Lâm Đồng	2027	Nam Thành
29	Lâm Đồng	2109	Nghị Đức
29	Lâm Đồng	10910	Nhân Cơ
29	Lâm Đồng	5888	Ninh Gia
29	Lâm Đồng	2117	Phan Rí Cửa
29	Lâm Đồng	2022	Phan Sơn
29	Lâm Đồng	2088	Phan Thiết
29	Lâm Đồng	2094	Phú Quý
29	Lâm Đồng	5911	Phú Sơn Lâm Hà
29	Lâm Đồng	2087	Phú Thủy
29	Lâm Đồng	5912	Phúc Thọ Lâm Hà
29	Lâm Đồng	2125	Phước Hội
29	Lâm Đồng	10877	Quảng Hòa
29	Lâm Đồng	10878	Quảng Khê
29	Lâm Đồng	5877	Quảng Lập
29	Lâm Đồng	10962	Quảng Phú
29	Lâm Đồng	10879	Quảng Sơn
29	Lâm Đồng	10972	Quảng Tân
29	Lâm Đồng	10915	Quảng Tín
29	Lâm Đồng	10973	Quảng Trực
29	Lâm Đồng	5864	Sơn Điền
29	Lâm Đồng	2038	Sơn Mỹ
29	Lâm Đồng	2026	Sông Lũy
29	Lâm Đồng	2110	Suối Kiết
29	Lâm Đồng	10872	Tà Đùng
29	Lâm Đồng	5891	Tà Hine
29	Lâm Đồng	5892	Tà Năng
29	Lâm Đồng	5913	Tân Hà Lâm Hà
29	Lâm Đồng	2127	Tân Hải
29	Lâm Đồng	5893	Tân Hội
29	Lâm Đồng	2071	Tân Lập
29	Lâm Đồng	2042	Tân Minh
29	Lâm Đồng	2072	Tân Thành
29	Lâm Đồng	2107	Tánh Linh
29	Lâm Đồng	10903	Thuận An
29	Lâm Đồng	10940	Thuận Hạnh
29	Lâm Đồng	2092	Tiến Thành
29	Lâm Đồng	2035	Trà Tân
29	Lâm Đồng	10941	Trường Xuân
29	Lâm Đồng	10968	Tuy Đức
29	Lâm Đồng	2116	Tuy Phong
29	Lâm Đồng	2067	Tuyên Quang
29	Lâm Đồng	2121	Vĩnh Hảo
29	Lâm Đồng	20536	Xuân Hương - Đà Lạt
29	Lâm Đồng	5822	Xuân Trường - Đà Lạt
30	Lai Châu	21384	Bản Bo
30	Lai Châu	21387	Bình Lư
30	Lai Châu	21308	Bum Nưa
30	Lai Châu	21309	Bum Tở
30	Lai Châu	21336	Dào San
30	Lai Châu	21292	Đoàn Kết
30	Lai Châu	21357	Hồng Thu
30	Lai Châu	21321	Hua Bum
30	Lai Châu	21416	Khoen On
30	Lai Châu	21339	Khổng Lào
30	Lai Châu	21390	Khun Há
30	Lai Châu	21322	Lê Lợi
30	Lai Châu	21312	Mù Cả
30	Lai Châu	21399	Mường Khoa
30	Lai Châu	21418	Mường Kim
30	Lai Châu	21323	Mường Mô
30	Lai Châu	21307	Mường Tè
30	Lai Châu	21419	Mường Than
30	Lai Châu	21362	Nậm Cuổi
30	Lai Châu	21327	Nậm Hàng
30	Lai Châu	21364	Nậm Mạ
30	Lai Châu	21401	Nậm Sỏ
30	Lai Châu	21365	Nậm Tăm
30	Lai Châu	21368	Pa Tần
30	Lai Châu	21314	Pa Ủ
30	Lai Châu	21402	Pắc Ta
30	Lai Châu	21334	Phong Thổ
30	Lai Châu	21371	Pu Sam Cáp
30	Lai Châu	21348	Sì Lở Lầu
30	Lai Châu	21354	Sìn Hồ
30	Lai Châu	21349	Sin Suối Hồ
30	Lai Châu	20111	Tả Lèng
30	Lai Châu	21317	Tà Tổng
30	Lai Châu	21302	Tân Phong
30	Lai Châu	21397	Tân Uyên
30	Lai Châu	21414	Than Uyên
30	Lai Châu	21318	Thu Lũm
30	Lai Châu	21380	Tủa Sín Chải
33	Khánh Hòa	7246	Anh Dũng
33	Khánh Hòa	5340	Ba Ngòi
33	Khánh Hòa	20751	Bác Ái
33	Khánh Hòa	20755	Bác Ái Đông
33	Khánh Hòa	20750	Bác Ái Tây
33	Khánh Hòa	5352	Bắc Cam Ranh
33	Khánh Hòa	5286	Bắc Khánh Vĩnh
33	Khánh Hòa	5276	Bắc Nha Trang
33	Khánh Hòa	5327	Bắc Ninh Hòa
33	Khánh Hòa	7254	Bảo An
33	Khánh Hòa	20761	Cà Ná
33	Khánh Hòa	3335	Cam An
33	Khánh Hòa	3338	Cam Hiệp
33	Khánh Hòa	3329	Cam Lâm
33	Khánh Hòa	5344	Cam Linh
33	Khánh Hòa	5350	Cam Ranh
33	Khánh Hòa	7225	Công Hải
33	Khánh Hòa	5297	Diên Điền
33	Khánh Hòa	21464	Diên Khánh
33	Khánh Hòa	21467	Diên Lạc
33	Khánh Hòa	5299	Diên Lâm
33	Khánh Hòa	5302	Diên Thọ
33	Khánh Hòa	5358	Đại Lãnh
33	Khánh Hòa	7257	Đô Vinh
33	Khánh Hòa	7258	Đông Hải
33	Khánh Hòa	5334	Đông Khánh Sơn
33	Khánh Hòa	5320	Đông Ninh Hòa
33	Khánh Hòa	5318	Hòa Thắng
33	Khánh Hòa	5326	Hòa Trí
33	Khánh Hòa	5339	Khánh Sơn
33	Khánh Hòa	21462	Khánh Vĩnh
33	Khánh Hòa	7248	Lâm Sơn
33	Khánh Hòa	7250	Mỹ Sơn
33	Khánh Hòa	5354	Nam Cam Ranh
33	Khánh Hòa	5283	Nam Khánh Vĩnh
33	Khánh Hòa	5260	Nam Nha Trang
33	Khánh Hòa	5324	Nam Ninh Hòa
33	Khánh Hòa	5261	Nha Trang
33	Khánh Hòa	7227	Ninh Chử
33	Khánh Hòa	7232	Ninh Hải
33	Khánh Hòa	5319	Ninh Hòa
33	Khánh Hòa	7238	Ninh Phước
33	Khánh Hòa	7253	Ninh Sơn
33	Khánh Hòa	7259	Phan Rang
33	Khánh Hòa	20764	Phước Dinh
33	Khánh Hòa	20765	Phước Hà
33	Khánh Hòa	7240	Phước Hậu
33	Khánh Hòa	7241	Phước Hữu
33	Khánh Hòa	20464	Suối Dầu
33	Khánh Hòa	5305	Suối Hiệp
33	Khánh Hòa	5308	Tân Định
33	Khánh Hòa	5338	Tây Khánh Sơn
33	Khánh Hòa	5288	Tây Khánh Vĩnh
33	Khánh Hòa	5280	Tây Nha Trang
33	Khánh Hòa	5325	Tây Ninh Hòa
33	Khánh Hòa	7228	Thuận Bắc
33	Khánh Hòa	20767	Thuận Nam
33	Khánh Hòa	5292	Trung Khánh Vĩnh
33	Khánh Hòa	21461	Trường Sa
33	Khánh Hòa	5362	Tu Bông
33	Khánh Hòa	5361	Vạn Hưng
33	Khánh Hòa	5360	Vạn Ninh
33	Khánh Hòa	5267	Vạn Thắng
33	Khánh Hòa	7235	Vĩnh Hải
33	Khánh Hòa	7236	Xuân Hải
34	Hưng Yên	9738	A Sào
34	Hưng Yên	9863	Ái Quốc
34	Hưng Yên	21018	Ân Thi
34	Hưng Yên	9637	Bắc Đông Hưng
34	Hưng Yên	9641	Bắc Đông Quan
34	Hưng Yên	9794	Bắc Thái Ninh
34	Hưng Yên	9835	Bắc Thụy Anh
34	Hưng Yên	9658	Bắc Tiên Hưng
34	Hưng Yên	9697	Bình Định
34	Hưng Yên	9699	Bình Nguyên
34	Hưng Yên	9700	Bình Thanh
34	Hưng Yên	5131	Châu Ninh
34	Hưng Yên	5143	Chí Minh
34	Hưng Yên	9671	Diên Hà
34	Hưng Yên	5178	Đại Đồng
34	Hưng Yên	5236	Đoàn Đào
34	Hưng Yên	9742	Đồng Bằng
34	Hưng Yên	9844	Đồng Châu
34	Hưng Yên	9630	Đông Hưng
34	Hưng Yên	9635	Đông Quan
34	Hưng Yên	9811	Đông Thái Ninh
34	Hưng Yên	9790	Đông Thụy Anh
34	Hưng Yên	9847	Đông Tiền Hải
34	Hưng Yên	9657	Đông Tiên Hưng
34	Hưng Yên	5206	Đức Hợp
34	Hưng Yên	5230	Đường Hào
34	Hưng Yên	5212	Hiệp Cường
34	Hưng Yên	5188	Hoàn Long
34	Hưng Yên	5146	Hoàng Hoa Thám
34	Hưng Yên	5113	Hồng Châu
34	Hưng Yên	9676	Hồng Minh
34	Hưng Yên	5099	Hồng Quang
34	Hưng Yên	9723	Hồng Vũ
34	Hưng Yên	21048	Hưng Hà
34	Hưng Yên	9856	Hưng Phú
34	Hưng Yên	21019	Khoái Châu
34	Hưng Yên	21051	Kiến Xương
34	Hưng Yên	5175	Lạc Đạo
34	Hưng Yên	9705	Lê Lợi
34	Hưng Yên	9674	Lê Quý Đôn
34	Hưng Yên	9678	Long Hưng
34	Hưng Yên	21020	Lương Bằng
34	Hưng Yên	5168	Mễ Sở
34	Hưng Yên	9767	Minh Thọ
34	Hưng Yên	5224	Mỹ Hào
34	Hưng Yên	9851	Nam Cường
34	Hưng Yên	9629	Nam Đông Hưng
34	Hưng Yên	9805	Nam Thái Ninh
34	Hưng Yên	9831	Nam Thụy Anh
34	Hưng Yên	9853	Nam Tiền Hải
34	Hưng Yên	9653	Nam Tiên Hưng
34	Hưng Yên	5211	Nghĩa Dân
34	Hưng Yên	5169	Nghĩa Trụ
34	Hưng Yên	9764	Ngọc Lâm
34	Hưng Yên	9673	Ngự Thiên
34	Hưng Yên	9751	Nguyễn Du
34	Hưng Yên	5101	Nguyễn Trãi
34	Hưng Yên	5189	Nguyễn Văn Linh
34	Hưng Yên	5182	Như Quỳnh
34	Hưng Yên	5091	Phạm Ngũ Lão
34	Hưng Yên	5117	Phố Hiến
34	Hưng Yên	9744	Phụ Dực
34	Hưng Yên	5170	Phụng Công
34	Hưng Yên	5243	Quang Hưng
34	Hưng Yên	9712	Quang Lịch
34	Hưng Yên	9748	Quỳnh An
34	Hưng Yên	9752	Quỳnh Phụ
34	Hưng Yên	5115	Sơn Nam
34	Hưng Yên	21017	Tân Hưng
34	Hưng Yên	9871	Tân Thuận
34	Hưng Yên	9745	Tân Tiến
34	Hưng Yên	9795	Tây Thái Ninh
34	Hưng Yên	9825	Tây Thụy Anh
34	Hưng Yên	9838	Tây Tiền Hải
34	Hưng Yên	9781	Thái Bình
34	Hưng Yên	9800	Thái Ninh
34	Hưng Yên	9823	Thái Thụy
34	Hưng Yên	9664	Thần Khê
34	Hưng Yên	9880	Thư Trì
34	Hưng Yên	9897	Thư Vũ
34	Hưng Yên	5227	Thượng Hồng
34	Hưng Yên	9822	Thụy Anh
34	Hưng Yên	9870	Tiền Hải
34	Hưng Yên	5154	Tiên Hoa
34	Hưng Yên	9648	Tiên Hưng
34	Hưng Yên	9684	Tiên La
34	Hưng Yên	5162	Tiên Lữ
34	Hưng Yên	5245	Tiên Tiến
34	Hưng Yên	5247	Tống Trân
34	Hưng Yên	9720	Trà Giang
34	Hưng Yên	9626	Trà Lý
34	Hưng Yên	9779	Trần Hưng Đạo
34	Hưng Yên	9728	Trần Lãm
34	Hưng Yên	5122	Triệu Việt Vương
34	Hưng Yên	21025	Văn Giang
34	Hưng Yên	9872	Vạn Xuân
34	Hưng Yên	5145	Việt Tiến
34	Hưng Yên	5196	Việt Yên
34	Hưng Yên	9788	Vũ Phúc
34	Hưng Yên	9727	Vũ Quý
34	Hưng Yên	21061	Vũ Thư
34	Hưng Yên	9896	Vũ Tiên
34	Hưng Yên	5109	Xuân Trúc
34	Hưng Yên	5197	Yên Mỹ
38	Hà Tĩnh	3990	Bắc Hồng Lĩnh
38	Hà Tĩnh	3897	Cẩm Bình
38	Hà Tĩnh	3898	Cẩm Duệ
38	Hà Tĩnh	3902	Cẩm Hưng
38	Hà Tĩnh	3904	Cẩm Lạc
38	Hà Tĩnh	3919	Cẩm Trung
38	Hà Tĩnh	21196	Cẩm Xuyên
38	Hà Tĩnh	3942	Can Lộc
38	Hà Tĩnh	4081	Cổ Đạm
38	Hà Tĩnh	21250	Đan Hải
38	Hà Tĩnh	4110	Đông Kinh
38	Hà Tĩnh	3922	Đồng Lộc
38	Hà Tĩnh	4108	Đồng Tiến
38	Hà Tĩnh	3948	Đức Đồng
38	Hà Tĩnh	3970	Đức Minh
38	Hà Tĩnh	3973	Đức Quang
38	Hà Tĩnh	21210	Đức Thịnh
38	Hà Tĩnh	21213	Đức Thọ
38	Hà Tĩnh	3923	Gia Hanh
38	Hà Tĩnh	3975	Hà Huy Tập
38	Hà Tĩnh	3997	Hà Linh
38	Hà Tĩnh	4053	Hải Ninh
38	Hà Tĩnh	4064	Hoành Sơn
38	Hà Tĩnh	4153	Hồng Lộc
38	Hà Tĩnh	3999	Hương Bình
38	Hà Tĩnh	4000	Hương Đô
38	Hà Tĩnh	21214	Hương Khê
38	Hà Tĩnh	4001	Hương Phố
38	Hà Tĩnh	4017	Hương Sơn
38	Hà Tĩnh	4009	Hương Xuân
38	Hà Tĩnh	21219	Kim Hoa
38	Hà Tĩnh	4051	Kỳ Anh
38	Hà Tĩnh	4055	Kỳ Hoa
38	Hà Tĩnh	4058	Kỳ Khang
38	Hà Tĩnh	4059	Kỳ Lạc
38	Hà Tĩnh	4075	Kỳ Thượng
38	Hà Tĩnh	4079	Kỳ Văn
38	Hà Tĩnh	4080	Kỳ Xuân
38	Hà Tĩnh	21244	Lộc Hà
38	Hà Tĩnh	4134	Mai Hoa
38	Hà Tĩnh	4156	Mai Phụ
38	Hà Tĩnh	3994	Nam Hồng Lĩnh
38	Hà Tĩnh	4084	Nghi Xuân
38	Hà Tĩnh	4014	Phúc Trạch
38	Hà Tĩnh	4023	Sơn Giang
38	Hà Tĩnh	4027	Sơn Hồng
38	Hà Tĩnh	4028	Sơn Kim 1
38	Hà Tĩnh	4029	Sơn Kim 2
38	Hà Tĩnh	4041	Sơn Tây
38	Hà Tĩnh	4044	Sơn Tiến
38	Hà Tĩnh	21192	Sông Trí
38	Hà Tĩnh	21257	Thạch Hà
38	Hà Tĩnh	4111	Thạch Khê
38	Hà Tĩnh	4112	Thạch Lạc
38	Hà Tĩnh	4126	Thạch Xuân
38	Hà Tĩnh	3974	Thành Sen
38	Hà Tĩnh	3921	Thiên Cầm
38	Hà Tĩnh	4133	Thượng Đức
38	Hà Tĩnh	4083	Tiên Điền
38	Hà Tĩnh	21254	Toàn Lưu
38	Hà Tĩnh	3987	Trần Phú
38	Hà Tĩnh	3928	Trường Lưu
38	Hà Tĩnh	21217	Tứ Mỹ
38	Hà Tĩnh	3940	Tùng Lộc
38	Hà Tĩnh	4117	Việt Xuyên
38	Hà Tĩnh	21259	Vũ Quang
38	Hà Tĩnh	4063	Vũng Áng
38	Hà Tĩnh	3930	Xuân Lộc
38	Hà Tĩnh	21198	Yên Hòa
41	Gia Lai	3402	Al Bá
41	Gia Lai	3357	An Bình
41	Gia Lai	2167	Ân Hảo
41	Gia Lai	2142	An Hòa
41	Gia Lai	3363	An Khê
41	Gia Lai	21428	An Lão
41	Gia Lai	2217	An Lương
41	Gia Lai	2154	An Nhơn
41	Gia Lai	2153	An Nhơn Bắc
41	Gia Lai	2152	An Nhơn Đông
41	Gia Lai	2164	An Nhơn Nam
41	Gia Lai	2162	An Nhơn Tây
41	Gia Lai	3490	An Phú
41	Gia Lai	2147	An Toàn
41	Gia Lai	2178	Ân Tường
41	Gia Lai	2149	An Vinh
41	Gia Lai	3478	Ayun
41	Gia Lai	3367	Ayun Pa
41	Gia Lai	3388	Bàu Cạn
41	Gia Lai	3491	Biển Hồ
41	Gia Lai	2258	Bình An
41	Gia Lai	2215	Bình Dương
41	Gia Lai	2150	Bình Định
41	Gia Lai	2261	Bình Hiệp
41	Gia Lai	2265	Bình Khê
41	Gia Lai	2264	Bình Phú
41	Gia Lai	3404	Bờ Ngoong
41	Gia Lai	2180	Bồng Sơn
41	Gia Lai	2284	Canh Liên
41	Gia Lai	2286	Canh Vinh
41	Gia Lai	2211	Cát Tiến
41	Gia Lai	3439	Chơ Long
41	Gia Lai	20958	Chư A Thai
41	Gia Lai	3440	Chư Krey
41	Gia Lai	3387	Chư Păh
41	Gia Lai	20891	Chư Prông
41	Gia Lai	20898	Chư Pưh
41	Gia Lai	20906	Chư Sê
41	Gia Lai	3360	Cửu An
41	Gia Lai	3496	Diên Hồng
41	Gia Lai	20093	Đak Đoa
41	Gia Lai	20935	Đak Pơ
41	Gia Lai	3426	Đak Rong
41	Gia Lai	20914	Đak Sơmei
41	Gia Lai	3444	Đăk Song
41	Gia Lai	2207	Đề Gi
41	Gia Lai	3415	Đức Cơ
41	Gia Lai	3498	Gào
41	Gia Lai	2200	Hòa Hội
41	Gia Lai	2175	Hoài Ân
41	Gia Lai	2192	Hoài Nhơn
41	Gia Lai	2182	Hoài Nhơn Bắc
41	Gia Lai	2187	Hoài Nhơn Đông
41	Gia Lai	2193	Hoài Nhơn Nam
41	Gia Lai	2188	Hoài Nhơn Tây
41	Gia Lai	3500	Hội Phú
41	Gia Lai	2206	Hội Sơn
41	Gia Lai	3485	Hra
41	Gia Lai	20927	Ia Băng
41	Gia Lai	3395	Ia Boòng
41	Gia Lai	3466	Ia Chia
41	Gia Lai	3417	Ia Dơk
41	Gia Lai	3418	Ia Dom
41	Gia Lai	3458	Ia Dreh
41	Gia Lai	3470	Ia Grai
41	Gia Lai	20960	Ia Hiao
41	Gia Lai	3410	Ia Hrú
41	Gia Lai	3469	Ia Hrung
41	Gia Lai	3379	Ia Khươl
41	Gia Lai	3411	Ia Ko
41	Gia Lai	3472	Ia Krái
41	Gia Lai	3420	Ia Krêl
41	Gia Lai	3392	Ia Lâu
41	Gia Lai	3412	Ia Le
41	Gia Lai	3381	Ia Ly
41	Gia Lai	3394	Ia Mơ
41	Gia Lai	3423	Ia Nan
41	Gia Lai	3473	Ia O
41	Gia Lai	20948	Ia Pa
41	Gia Lai	3384	Ia Phí
41	Gia Lai	3397	Ia Pia
41	Gia Lai	3424	Ia Pnôn
41	Gia Lai	3398	Ia Púch
41	Gia Lai	3369	Ia Rbol
41	Gia Lai	3459	Ia Rsai
41	Gia Lai	3371	Ia Sao
41	Gia Lai	3399	Ia Tôr
41	Gia Lai	20949	Ia Tul
41	Gia Lai	20952	Kbang
41	Gia Lai	20929	KDang
41	Gia Lai	2170	Kim Sơn
41	Gia Lai	3486	Kon Chiêng
41	Gia Lai	20930	Kon Gang
41	Gia Lai	3430	Kông Bơ La
41	Gia Lai	20954	Kông Chro
41	Gia Lai	3432	Krong
41	Gia Lai	3489	Lơ Pang
41	Gia Lai	20919	Mang Yang
41	Gia Lai	2201	Ngô Mây
41	Gia Lai	2243	Nhơn Châu
41	Gia Lai	2208	Phù Cát
41	Gia Lai	21437	Phù Mỹ
41	Gia Lai	2221	Phù Mỹ Bắc
41	Gia Lai	2229	Phù Mỹ Đông
41	Gia Lai	2228	Phù Mỹ Nam
41	Gia Lai	2223	Phù Mỹ Tây
41	Gia Lai	20955	Phú Thiện
41	Gia Lai	3463	Phú Túc
41	Gia Lai	3501	Pleiku
41	Gia Lai	20951	Pờ Tó
41	Gia Lai	2252	Quy Nhơn
41	Gia Lai	2247	Quy Nhơn Bắc
41	Gia Lai	2244	Quy Nhơn Đông
41	Gia Lai	2235	Quy Nhơn Nam
41	Gia Lai	2248	Quy Nhơn Tây
41	Gia Lai	3436	Sơn Lang
41	Gia Lai	3447	SRó
41	Gia Lai	2194	Tam Quan
41	Gia Lai	2256	Tây Sơn
41	Gia Lai	3507	Thống Nhất
41	Gia Lai	3437	Tơ Tung
41	Gia Lai	21443	Tuy Phước
41	Gia Lai	2273	Tuy Phước Bắc
41	Gia Lai	2272	Tuy Phước Đông
41	Gia Lai	2270	Tuy Phước Tây
41	Gia Lai	3464	Uar
41	Gia Lai	2282	Vân Canh
41	Gia Lai	2172	Vạn Đức
41	Gia Lai	2291	Vĩnh Quang
41	Gia Lai	2292	Vĩnh Sơn
41	Gia Lai	21447	Vĩnh Thạnh
41	Gia Lai	2293	Vĩnh Thịnh
41	Gia Lai	2205	Xuân An
41	Gia Lai	20941	Ya Hội
41	Gia Lai	3448	Ya Ma
42	Đồng Tháp	11019	An Bình
42	Đồng Tháp	11060	An Hòa
42	Đồng Tháp	10252	An Hữu
42	Đồng Tháp	11061	An Long
42	Đồng Tháp	11072	An Phước
42	Đồng Tháp	10326	An Thạnh Thủy
42	Đồng Tháp	20622	Ba Sao
42	Đồng Tháp	20624	Bình Hàng Trung
42	Đồng Tháp	10327	Bình Ninh
42	Đồng Tháp	10275	Bình Phú
42	Đồng Tháp	11082	Bình Thành
42	Đồng Tháp	10304	Bình Trưng
42	Đồng Tháp	10346	Bình Xuân
42	Đồng Tháp	20578	Cái Bè
42	Đồng Tháp	20575	Cai Lậy
42	Đồng Tháp	10998	Cao Lãnh
42	Đồng Tháp	10310	Châu Thành
42	Đồng Tháp	20579	Chợ Gạo
42	Đồng Tháp	10381	Đạo Thạnh
42	Đồng Tháp	11092	Đốc Binh Kiều
42	Đồng Tháp	10373	Đồng Sơn
42	Đồng Tháp	10360	Gia Thuận
42	Đồng Tháp	10348	Gò Công
42	Đồng Tháp	10367	Gò Công Đông
42	Đồng Tháp	10259	Hậu Mỹ
42	Đồng Tháp	10277	Hiệp Đức
42	Đồng Tháp	11038	Hòa Long
42	Đồng Tháp	10265	Hội Cư
42	Đồng Tháp	11030	Hồng Ngự
42	Đồng Tháp	10397	Hưng Thạnh
42	Đồng Tháp	10309	Kim Sơn
42	Đồng Tháp	11046	Lai Vung
42	Đồng Tháp	20641	Lấp Vò
42	Đồng Tháp	10375	Long Bình
42	Đồng Tháp	10311	Long Định
42	Đồng Tháp	10312	Long Hưng
42	Đồng Tháp	11026	Long Khánh
42	Đồng Tháp	11027	Long Phú Thuận
42	Đồng Tháp	10350	Long Thuận
42	Đồng Tháp	10280	Long Tiên
42	Đồng Tháp	10334	Lương Hòa Lạc
42	Đồng Tháp	11055	Mỹ An Hưng
42	Đồng Tháp	10264	Mỹ Đức Tây
42	Đồng Tháp	20628	Mỹ Hiệp
42	Đồng Tháp	10267	Mỹ Lợi
42	Đồng Tháp	10994	Mỹ Ngãi
42	Đồng Tháp	10382	Mỹ Phong
42	Đồng Tháp	10283	Mỹ Phước Tây
42	Đồng Tháp	11098	Mỹ Quí
42	Đồng Tháp	10287	Mỹ Thành
42	Đồng Tháp	10274	Mỹ Thiện
42	Đồng Tháp	3594	Mỹ Thọ
42	Đồng Tháp	10384	Mỹ Tho
42	Đồng Tháp	10335	Mỹ Tịnh An
42	Đồng Tháp	10997	Mỹ Trà
42	Đồng Tháp	10288	Ngũ Hiệp
42	Đồng Tháp	10290	Nhị Quý
42	Đồng Tháp	11042	Phong Hòa
42	Đồng Tháp	20634	Phong Mỹ
42	Đồng Tháp	11063	Phú Cường
42	Đồng Tháp	11013	Phú Hựu
42	Đồng Tháp	10371	Phú Thành
42	Đồng Tháp	11069	Phú Thọ
42	Đồng Tháp	20635	Phương Thịnh
42	Đồng Tháp	11108	Sa Đéc
42	Đồng Tháp	10345	Sơn Qui
42	Đồng Tháp	11065	Tam Nông
42	Đồng Tháp	11043	Tân Dương
42	Đồng Tháp	10363	Tân Điền
42	Đồng Tháp	10364	Tân Đông
42	Đồng Tháp	11076	Tân Hộ Cơ
42	Đồng Tháp	20580	Tân Hòa
42	Đồng Tháp	11075	Tân Hồng
42	Đồng Tháp	10320	Tân Hương
42	Đồng Tháp	11057	Tân Khánh Trung
42	Đồng Tháp	11084	Tân Long
42	Đồng Tháp	11016	Tân Nhuận Đông
42	Đồng Tháp	10299	Tân Phú
42	Đồng Tháp	10913	Tân Phú Đông
42	Đồng Tháp	11018	Tân Phú Trung
42	Đồng Tháp	10401	Tân Phước 1
42	Đồng Tháp	10402	Tân Phước 2
42	Đồng Tháp	10405	Tân Phước 3
42	Đồng Tháp	11078	Tân Thành
42	Đồng Tháp	11083	Tân Thạnh
42	Đồng Tháp	10918	Tân Thới
42	Đồng Tháp	10340	Tân Thuận Bình
42	Đồng Tháp	20642	Thanh Bình
42	Đồng Tháp	10300	Thanh Hòa
42	Đồng Tháp	10254	Thanh Hưng
42	Đồng Tháp	11102	Thanh Mỹ
42	Đồng Tháp	10292	Thạnh Phú
42	Đồng Tháp	11097	Tháp Mười
42	Đồng Tháp	10386	Thới Sơn
42	Đồng Tháp	11031	Thường Lạc
42	Đồng Tháp	11033	Thường Phước
42	Đồng Tháp	11071	Tràm Chim
42	Đồng Tháp	10387	Trung An
42	Đồng Tháp	11103	Trường Xuân
42	Đồng Tháp	20581	Vĩnh Bình
42	Đồng Tháp	10379	Vĩnh Hựu
42	Đồng Tháp	10325	Vĩnh Kim
43	Đồng Nai	1953	An Lộc
43	Đồng Nai	1162	An Phước
43	Đồng Nai	1231	An Viễn
43	Đồng Nai	1149	Bảo Vinh
43	Đồng Nai	20343	Bàu Hàm
43	Đồng Nai	1132	Biên Hòa
43	Đồng Nai	20333	Bình An
43	Đồng Nai	1152	Bình Lộc
43	Đồng Nai	1942	Bình Long
43	Đồng Nai	1233	Bình Minh
43	Đồng Nai	20049	Bình Phước
43	Đồng Nai	1955	Bình Tân
43	Đồng Nai	1976	Bom Bo
43	Đồng Nai	1984	Bù Đăng
43	Đồng Nai	1957	Bù Gia Mập
43	Đồng Nai	20318	Cẩm Mỹ
43	Đồng Nai	1995	Chơn Thành
43	Đồng Nai	20340	Dầu Giây
43	Đồng Nai	1959	Đa Kia
43	Đồng Nai	1175	Đại Phước
43	Đồng Nai	1187	Đak Lua
43	Đồng Nai	1977	Đak Nhau
43	Đồng Nai	1960	Đăk Ơ
43	Đồng Nai	20331	Định Quán
43	Đồng Nai	20086	Đồng Phú
43	Đồng Nai	20513	Đồng Tâm
43	Đồng Nai	20061	Đồng Xoài
43	Đồng Nai	1200	Gia Kiệm
43	Đồng Nai	1153	Hàng Gòn
43	Đồng Nai	1238	Hố Nai
43	Đồng Nai	20509	Hưng Phước
43	Đồng Nai	1239	Hưng Thịnh
43	Đồng Nai	1137	La Ngà
43	Đồng Nai	20525	Lộc Hưng
43	Đồng Nai	20521	Lộc Ninh
43	Đồng Nai	20528	Lộc Quang
43	Đồng Nai	20529	Lộc Tấn
43	Đồng Nai	20532	Lộc Thành
43	Đồng Nai	20531	Lộc Thạnh
43	Đồng Nai	1120	Long Bình
43	Đồng Nai	1963	Long Hà
43	Đồng Nai	20065	Long Hưng
43	Đồng Nai	1155	Long Khánh
43	Đồng Nai	20002	Long Phước
43	Đồng Nai	20332	Long Thành
43	Đồng Nai	1945	Minh Đức
43	Đồng Nai	1991	Minh Hưng
43	Đồng Nai	1188	Nam Cát Tiên
43	Đồng Nai	1986	Nghĩa Trung
43	Đồng Nai	1996	Nha Bích
43	Đồng Nai	1185	Nhơn Trạch
43	Đồng Nai	1140	Phú Hòa
43	Đồng Nai	1191	Phú Lâm
43	Đồng Nai	1212	Phú Lý
43	Đồng Nai	1966	Phú Nghĩa
43	Đồng Nai	1967	Phú Riềng
43	Đồng Nai	1968	Phú Trung
43	Đồng Nai	20330	Phú Vinh
43	Đồng Nai	1183	Phước An
43	Đồng Nai	1970	Phước Bình
43	Đồng Nai	20501	Phước Long
43	Đồng Nai	1988	Phước Sơn
43	Đồng Nai	20040	Phước Tân
43	Đồng Nai	1170	Phước Thái
43	Đồng Nai	20322	Sông Ray
43	Đồng Nai	1196	Tà Lài
43	Đồng Nai	1124	Tam Hiệp
43	Đồng Nai	20036	Tam Phước
43	Đồng Nai	1213	Tân An
43	Đồng Nai	1947	Tân Hưng
43	Đồng Nai	1948	Tân Khai
43	Đồng Nai	20517	Tân Lợi
43	Đồng Nai	20334	Tân Phú
43	Đồng Nai	1998	Tân Quan
43	Đồng Nai	20508	Tân Tiến
43	Đồng Nai	20344	Tân Triều
43	Đồng Nai	1146	Thanh Sơn
43	Đồng Nai	20510	Thiện Hưng
43	Đồng Nai	1989	Thọ Sơn
43	Đồng Nai	1144	Thống Nhất
43	Đồng Nai	20519	Thuận Lợi
43	Đồng Nai	1116	Trấn Biên
43	Đồng Nai	20059	Trảng Bom
43	Đồng Nai	1134	Trảng Dài
43	Đồng Nai	1216	Trị An
43	Đồng Nai	1223	Xuân Bắc
43	Đồng Nai	1224	Xuân Định
43	Đồng Nai	1227	Xuân Đông
43	Đồng Nai	20326	Xuân Đường
43	Đồng Nai	20347	Xuân Hòa
43	Đồng Nai	1158	Xuân Lập
43	Đồng Nai	1220	Xuân Lộc
43	Đồng Nai	20345	Xuân Phú
43	Đồng Nai	20328	Xuân Quế
43	Đồng Nai	1228	Xuân Thành
44	Điện Biên	20163	Búng Lao
44	Điện Biên	20194	Chà Tở
44	Điện Biên	20221	Chiềng Sinh
44	Điện Biên	20112	Điện Biên Phủ
44	Điện Biên	20159	Mường Ảng
44	Điện Biên	20203	Mường Chà
44	Điện Biên	20165	Mường Lạn
44	Điện Biên	20180	Mường Lay
44	Điện Biên	21279	Mường Luân
44	Điện Biên	20224	Mường Mùn
44	Điện Biên	20115	Mường Nhà
44	Điện Biên	20184	Mường Nhé
44	Điện Biên	20116	Mường Phăng
44	Điện Biên	20117	Mường Pồn
44	Điện Biên	20135	Mường Thanh
44	Điện Biên	20185	Mường Toong
44	Điện Biên	20175	Mường Tùng
44	Điện Biên	20195	Nà Bủng
44	Điện Biên	20197	Nà Hỳ
44	Điện Biên	20176	Na Sang
44	Điện Biên	21280	Na Son
44	Điện Biên	20119	Nà Tấu
44	Điện Biên	20186	Nậm Kè
44	Điện Biên	20177	Nậm Nèn
44	Điện Biên	20124	Núa Ngam
44	Điện Biên	20178	Pa Ham
44	Điện Biên	21284	Phình Giàng
44	Điện Biên	21285	Pu Nhi
44	Điện Biên	20229	Pú Nhung
44	Điện Biên	20233	Quài Tở
44	Điện Biên	20189	Quảng Lâm
44	Điện Biên	20121	Sam Mứn
44	Điện Biên	20212	Sáng Nhè
44	Điện Biên	20205	Si Pa Phìn
44	Điện Biên	20218	Sín Chải
44	Điện Biên	20191	Sín Thầu
44	Điện Biên	20213	Sính Phình
44	Điện Biên	20130	Thanh An
44	Điện Biên	20134	Thanh Nưa
44	Điện Biên	20136	Thanh Yên
44	Điện Biên	21286	Tìa Dình
44	Điện Biên	20207	Tủa Chùa
44	Điện Biên	20217	Tủa Thàng
44	Điện Biên	20219	Tuần Giáo
44	Điện Biên	21287	Xa Dung
46	Đắk Lắk	7643	Bình Kiến
46	Đắk Lắk	10679	Buôn Đôn
46	Đắk Lắk	20014	Buôn Hồ
46	Đắk Lắk	10680	Buôn Ma Thuột
46	Đắk Lắk	20008	Cư Bao
46	Đắk Lắk	20824	Cư M’gar
46	Đắk Lắk	10819	Cư M’ta
46	Đắk Lắk	10776	Cư Pơng
46	Đắk Lắk	10820	Cư Prao
46	Đắk Lắk	10762	Cư Pui
46	Đắk Lắk	10734	Cư Yang
46	Đắk Lắk	10703	Cuôr Đăng
46	Đắk Lắk	10763	Dang Kang
46	Đắk Lắk	10782	Dliê Ya
46	Đắk Lắk	20805	Dray Bhăng
46	Đắk Lắk	10756	Dur Kmăl
46	Đắk Lắk	10811	Đắk Liêng
46	Đắk Lắk	10813	Đắk Phơi
46	Đắk Lắk	7667	Đông Hòa
46	Đắk Lắk	7588	Đồng Xuân
46	Đắk Lắk	7618	Đức Bình
46	Đắk Lắk	7619	Ea Bá
46	Đắk Lắk	10746	Ea Bung
46	Đắk Lắk	10719	Ea Drăng
46	Đắk Lắk	20010	Ea Drông
46	Đắk Lắk	10721	Ea H’Leo
46	Đắk Lắk	10720	Ea Hiao
46	Đắk Lắk	10682	Ea Kao
46	Đắk Lắk	20832	Ea Kar
46	Đắk Lắk	10722	Ea Khăl
46	Đắk Lắk	10706	Ea Kiết
46	Đắk Lắk	10794	Ea Kly
46	Đắk Lắk	10736	Ea Knốp
46	Đắk Lắk	10795	Ea Knuếc
46	Đắk Lắk	20808	Ea Ktur
46	Đắk Lắk	7623	Ea Ly
46	Đắk Lắk	10709	Ea M’Droh
46	Đắk Lắk	10758	Ea Na
46	Đắk Lắk	20809	Ea Ning
46	Đắk Lắk	10677	Ea Nuôl
46	Đắk Lắk	10738	Ea Ô
46	Đắk Lắk	10739	Ea Păl
46	Đắk Lắk	10797	Ea Phê
46	Đắk Lắk	10826	Ea Riêng
46	Đắk Lắk	10748	Ea Rốk
46	Đắk Lắk	20833	Ea Súp
46	Đắk Lắk	10827	Ea Trang
46	Đắk Lắk	10713	Ea Tul
46	Đắk Lắk	10678	Ea Wer
46	Đắk Lắk	10728	Ea Wy
46	Đắk Lắk	7665	Hòa Hiệp
46	Đắk Lắk	7693	Hòa Mỹ
46	Đắk Lắk	10685	Hòa Phú
46	Đắk Lắk	10767	Hòa Sơn
46	Đắk Lắk	7698	Hòa Thịnh
46	Đắk Lắk	7671	Hòa Xuân
46	Đắk Lắk	10750	Ia Lốp
46	Đắk Lắk	10751	Ia Rvê
46	Đắk Lắk	10828	Krông Á
46	Đắk Lắk	10759	Krông Ana
46	Đắk Lắk	10770	Krông Bông
46	Đắk Lắk	10774	Krông Búk
46	Đắk Lắk	20840	Krông Năng
46	Đắk Lắk	10815	Krông Nô
46	Đắk Lắk	10803	Krông Pắc
46	Đắk Lắk	10808	Liên Sơn Lắk
46	Đắk Lắk	20843	M’Drắk
46	Đắk Lắk	10816	Nam Ka
46	Đắk Lắk	7628	Ô Loan
46	Đắk Lắk	21442	Phú Hòa 1
46	Đắk Lắk	7715	Phú Hòa 2
46	Đắk Lắk	7583	Phú Mỡ
46	Đắk Lắk	10790	Phú Xuân
46	Đắk Lắk	7647	Phú Yên
46	Đắk Lắk	10779	Pơng Drang
46	Đắk Lắk	10716	Quảng Phú
46	Đắk Lắk	7603	Sơn Hòa
46	Đắk Lắk	7701	Sơn Thành
46	Đắk Lắk	7614	Sông Cầu
46	Đắk Lắk	21448	Sông Hinh
46	Đắk Lắk	7606	Suối Trai
46	Đắk Lắk	10791	Tam Giang
46	Đắk Lắk	10690	Tân An
46	Đắk Lắk	10692	Tân Lập
46	Đắk Lắk	10806	Tân Tiến
46	Đắk Lắk	7690	Tây Hòa
46	Đắk Lắk	7597	Tây Sơn
46	Đắk Lắk	10698	Thành Nhất
46	Đắk Lắk	7630	Tuy An Bắc
46	Đắk Lắk	7638	Tuy An Đông
46	Đắk Lắk	7627	Tuy An Nam
46	Đắk Lắk	21450	Tuy An Tây
46	Đắk Lắk	7649	Tuy Hòa
46	Đắk Lắk	7598	Vân Hòa
46	Đắk Lắk	10807	Vụ Bổn
46	Đắk Lắk	7608	Xuân Cảnh
46	Đắk Lắk	21438	Xuân Đài
46	Đắk Lắk	7584	Xuân Lãnh
46	Đắk Lắk	7612	Xuân Lộc
46	Đắk Lắk	7586	Xuân Phước
46	Đắk Lắk	7616	Xuân Thọ
46	Đắk Lắk	10772	Yang Mao
47	Cao Bằng	3049	Bạch Đằng
47	Cao Bằng	21102	Bảo Lạc
47	Cao Bằng	7541	Bảo Lâm
47	Cao Bằng	21141	Bế Văn Đàn
47	Cao Bằng	3070	Ca Thành
47	Cao Bằng	21123	Cần Yên
47	Cao Bằng	3086	Canh Tân
47	Cao Bằng	3004	Cô Ba
47	Cao Bằng	3005	Cốc Pàng
47	Cao Bằng	3121	Đàm Thủy
47	Cao Bằng	3123	Đình Phong
47	Cao Bằng	3133	Đoài Dương
47	Cao Bằng	7661	Độc Lập
47	Cao Bằng	3088	Đông Khê
47	Cao Bằng	21164	Đức Long
47	Cao Bằng	3028	Hạ Lang
47	Cao Bằng	3037	Hà Quảng
47	Cao Bằng	7662	Hạnh Phúc
47	Cao Bằng	3061	Hòa An
47	Cao Bằng	21103	Hưng Đạo
47	Cao Bằng	3010	Huy Giáp
47	Cao Bằng	3011	Khánh Xuân
47	Cao Bằng	3090	Kim Đồng
47	Cao Bằng	3036	Lũng Nặm
47	Cao Bằng	7515	Lý Bôn
47	Cao Bằng	3022	Lý Quốc
47	Cao Bằng	3093	Minh Khai
47	Cao Bằng	3074	Minh Tâm
47	Cao Bằng	7517	Nam Quang
47	Cao Bằng	3063	Nam Tuấn
47	Cao Bằng	3076	Nguyên Bình
47	Cao Bằng	3065	Nguyễn Huệ
47	Cao Bằng	8865	Nùng Trí Cao
47	Cao Bằng	21135	Phan Thanh
47	Cao Bằng	21143	Phục Hòa
47	Cao Bằng	21182	Quang Hán
47	Cao Bằng	7524	Quảng Lâm
47	Cao Bằng	3024	Quang Long
47	Cao Bằng	21183	Quang Trung
47	Cao Bằng	21138	Quảng Uyên
47	Cao Bằng	3014	Sơn Lộ
47	Cao Bằng	3078	Tam Kim
47	Cao Bằng	8867	Tân Giang
47	Cao Bằng	7566	Thạch An
47	Cao Bằng	3079	Thành Công
47	Cao Bằng	21122	Thanh Long
47	Cao Bằng	21114	Thông Nông
47	Cao Bằng	3060	Thục Phán
47	Cao Bằng	3082	Tĩnh Túc
47	Cao Bằng	3045	Tổng Cọt
47	Cao Bằng	21172	Trà Lĩnh
47	Cao Bằng	21171	Trùng Khánh
47	Cao Bằng	3046	Trường Hà
47	Cao Bằng	3030	Vinh Quý
47	Cao Bằng	3016	Xuân Trường
47	Cao Bằng	7546	Yên Thổ
48	Cà Mau	2350	An Trạch
48	Cà Mau	3153	An Xuyên
48	Cà Mau	2306	Bạc Liêu
48	Cà Mau	3194	Biển Bạch
48	Cà Mau	3240	Cái Đôi Vàm
48	Cà Mau	20684	Cái Nước
48	Cà Mau	2328	Châu Thới
48	Cà Mau	3202	Đá Bạc
48	Cà Mau	20685	Đầm Dơi
48	Cà Mau	3221	Đất Mới
48	Cà Mau	3187	Đất Mũi
48	Cà Mau	2353	Định Thành
48	Cà Mau	20650	Đông Hải
48	Cà Mau	2348	Gành Hào
48	Cà Mau	20645	Giá Rai
48	Cà Mau	2302	Hiệp Thành
48	Cà Mau	3196	Hồ Thị Kỷ
48	Cà Mau	20652	Hoà Bình
48	Cà Mau	3148	Hoà Thành
48	Cà Mau	2321	Hồng Dân
48	Cà Mau	2329	Hưng Hội
48	Cà Mau	3164	Hưng Mỹ
48	Cà Mau	3212	Khánh An
48	Cà Mau	3200	Khánh Bình
48	Cà Mau	3205	Khánh Hưng
48	Cà Mau	3214	Khánh Lâm
48	Cà Mau	20647	Láng Tròn
48	Cà Mau	2355	Long Điền
48	Cà Mau	3165	Lương Thế Trân
48	Cà Mau	3149	Lý Văn Lâm
48	Cà Mau	20686	Năm Căn
48	Cà Mau	20696	Nguyễn Phích
48	Cà Mau	3253	Nguyễn Việt Khái
48	Cà Mau	2322	Ninh Quới
48	Cà Mau	2324	Ninh Thạnh Lợi
48	Cà Mau	3190	Phan Ngọc Hiển
48	Cà Mau	2340	Phong Hiệp
48	Cà Mau	2318	Phong Thạnh
48	Cà Mau	3242	Phú Mỹ
48	Cà Mau	20687	Phú Tân
48	Cà Mau	20656	Phước Long
48	Cà Mau	3174	Quách Phẩm
48	Cà Mau	3210	Sông Đốc
48	Cà Mau	3176	Tạ An Khương
48	Cà Mau	3234	Tam Giang
48	Cà Mau	3191	Tân Ân
48	Cà Mau	3167	Tân Hưng
48	Cà Mau	3197	Tân Lộc
48	Cà Mau	3156	Tân Thành
48	Cà Mau	3182	Tân Thuận
48	Cà Mau	3183	Tân Tiến
48	Cà Mau	3185	Thanh Tùng
48	Cà Mau	20692	Thới Bình
48	Cà Mau	3186	Trần Phán
48	Cà Mau	20695	Trần Văn Thời
48	Cà Mau	3199	Trí Phải
48	Cà Mau	3213	U Minh
48	Cà Mau	2363	Vĩnh Hậu
48	Cà Mau	2325	Vĩnh Lộc
48	Cà Mau	2326	Vĩnh Lợi
48	Cà Mau	2366	Vĩnh Mỹ
48	Cà Mau	20655	Vĩnh Phước
48	Cà Mau	2347	Vĩnh Thanh
48	Cà Mau	2304	Vĩnh Trạch
54	Bắc Ninh	2500	An Lạc
54	Bắc Ninh	2388	Bắc Giang
54	Bắc Ninh	2441	Bắc Lũng
54	Bắc Ninh	2442	Bảo Đài
54	Bắc Ninh	2466	Biển Động
54	Bắc Ninh	2467	Biên Sơn
54	Bắc Ninh	2587	Bố Hạ
54	Bắc Ninh	2777	Bồng Lai
54	Bắc Ninh	2445	Cẩm Lý
54	Bắc Ninh	2561	Cảnh Thụy
54	Bắc Ninh	2749	Cao Đức
54	Bắc Ninh	2780	Chi Lăng
54	Bắc Ninh	2469	Chũ
54	Bắc Ninh	2505	Dương Hưu
54	Bắc Ninh	2381	Đa Mai
54	Bắc Ninh	2818	Đại Đồng
54	Bắc Ninh	2751	Đại Lai
54	Bắc Ninh	2501	Đại Sơn
54	Bắc Ninh	2782	Đào Viên
54	Bắc Ninh	2470	Đèo Gia
54	Bắc Ninh	2753	Đông Cứu
54	Bắc Ninh	2591	Đồng Kỳ
54	Bắc Ninh	2834	Đồng Nguyên
54	Bắc Ninh	2450	Đông Phú
54	Bắc Ninh	2564	Đồng Việt
54	Bắc Ninh	20985	Gia Bình
54	Bắc Ninh	2731	Hạp Lĩnh
54	Bắc Ninh	2414	Hiệp Hòa
54	Bắc Ninh	2404	Hoàng Vân
54	Bắc Ninh	2405	Hợp Thịnh
54	Bắc Ninh	2429	Kép
54	Bắc Ninh	2474	Kiên Lao
54	Bắc Ninh	2736	Kinh Bắc
54	Bắc Ninh	2765	Lâm Thao
54	Bắc Ninh	2437	Lạng Giang
54	Bắc Ninh	2822	Liên Bão
54	Bắc Ninh	2456	Lục Nam
54	Bắc Ninh	2480	Lục Ngạn
54	Bắc Ninh	2454	Lục Sơn
54	Bắc Ninh	2772	Lương Tài
54	Bắc Ninh	2806	Mão Điền
54	Bắc Ninh	2426	Mỹ Thái
54	Bắc Ninh	2478	Nam Dương
54	Bắc Ninh	2737	Nam Sơn
54	Bắc Ninh	2548	Nếnh
54	Bắc Ninh	2455	Nghĩa Phương
54	Bắc Ninh	2531	Ngọc Thiện
54	Bắc Ninh	2533	Nhã Nam
54	Bắc Ninh	2788	Nhân Hòa
54	Bắc Ninh	2756	Nhân Thắng
54	Bắc Ninh	2810	Ninh Xá
54	Bắc Ninh	2826	Phật Tích
54	Bắc Ninh	2838	Phù Khê
54	Bắc Ninh	2790	Phù Lãng
54	Bắc Ninh	2534	Phúc Hoà
54	Bắc Ninh	2792	Phương Liễu
54	Bắc Ninh	2484	Phượng Sơn
54	Bắc Ninh	2535	Quang Trung
54	Bắc Ninh	2789	Quế Võ
54	Bắc Ninh	2486	Sa Lý
54	Bắc Ninh	2498	Sơn Động
54	Bắc Ninh	2487	Sơn Hải
54	Bắc Ninh	2812	Song Liễu
54	Bắc Ninh	2850	Tam Đa
54	Bắc Ninh	2851	Tam Giang
54	Bắc Ninh	2839	Tam Sơn
54	Bắc Ninh	2601	Tam Tiến
54	Bắc Ninh	2574	Tân An
54	Bắc Ninh	2828	Tân Chi
54	Bắc Ninh	2431	Tân Dĩnh
54	Bắc Ninh	2494	Tân Sơn
54	Bắc Ninh	2578	Tân Tiến
54	Bắc Ninh	2521	Tân Yên
54	Bắc Ninh	2518	Tây Yên Tử
54	Bắc Ninh	2811	Thuận Thành
54	Bắc Ninh	2823	Tiên Du
54	Bắc Ninh	2436	Tiên Lục
54	Bắc Ninh	2581	Tiền Phong
54	Bắc Ninh	2814	Trạm Lộ
54	Bắc Ninh	2815	Trí Quả
54	Bắc Ninh	2773	Trung Chính
54	Bắc Ninh	2774	Trung Kênh
54	Bắc Ninh	2462	Trường Sơn
54	Bắc Ninh	2557	Tự Lạn
54	Bắc Ninh	2833	Từ Sơn
54	Bắc Ninh	2515	Tuấn Đạo
54	Bắc Ninh	2558	Vân Hà
54	Bắc Ninh	2854	Văn Môn
54	Bắc Ninh	2517	Vân Sơn
54	Bắc Ninh	2542	Việt Yên
54	Bắc Ninh	2746	Võ Cường
54	Bắc Ninh	2747	Vũ Ninh
54	Bắc Ninh	2417	Xuân Cẩm
54	Bắc Ninh	2605	Xuân Lương
54	Bắc Ninh	2576	Yên Dũng
54	Bắc Ninh	2519	Yên Định
54	Bắc Ninh	2843	Yên Phong
54	Bắc Ninh	2599	Yên Thế
54	Bắc Ninh	2856	Yên Trung
59	An Giang	5395	An Biên
59	An Giang	1368	An Châu
59	An Giang	1447	An Cư
59	An Giang	5402	An Minh
59	An Giang	20565	An Phú
59	An Giang	1461	Ba Chúc
59	An Giang	5407	Bình An
59	An Giang	1397	Bình Đức
59	An Giang	5449	Bình Giang
59	An Giang	1370	Bình Hòa
59	An Giang	1357	Bình Mỹ
59	An Giang	5450	Bình Sơn
59	An Giang	1408	Bình Thạnh Đông
59	An Giang	1372	Cần Đăng
59	An Giang	127	Châu Đốc
59	An Giang	20557	Châu Phong
59	An Giang	1360	Châu Phú
59	An Giang	5410	Châu Thành
59	An Giang	1451	Chi Lăng
59	An Giang	20566	Chợ Mới
59	An Giang	1409	Chợ Vàm
59	An Giang	1463	Cô Tô
59	An Giang	1396	Cù Lao Giêng
59	An Giang	5416	Định Hòa
59	An Giang	1432	Định Mỹ
59	An Giang	5396	Đông Hòa
59	An Giang	5398	Đông Hưng
59	An Giang	5387	Đông Thái
59	An Giang	20589	Giang Thành
59	An Giang	20593	Giồng Riềng
59	An Giang	20595	Gò Quao
59	An Giang	5442	Hà Tiên
59	An Giang	20602	Hòa Điền
59	An Giang	5428	Hòa Hưng
59	An Giang	1411	Hòa Lạc
59	An Giang	5430	Hòa Thuận
59	An Giang	1385	Hội An
59	An Giang	20596	Hòn Đất
59	An Giang	20603	Hòn Nghệ
59	An Giang	116	Khánh Bình
59	An Giang	5464	Kiên Hải
59	An Giang	20598	Kiên Lương
59	An Giang	1388	Long Điền
59	An Giang	1391	Long Kiến
59	An Giang	1427	Long Phú
59	An Giang	5431	Long Thạnh
59	An Giang	1407	Long Xuyên
59	An Giang	1363	Mỹ Đức
59	An Giang	1401	Mỹ Hòa Hưng
59	An Giang	1406	Mỹ Thới
59	An Giang	5456	Mỹ Thuận
59	An Giang	5432	Ngọc Chúc
59	An Giang	118	Nhơn Hội
59	An Giang	1395	Nhơn Mỹ
59	An Giang	1455	Núi Cấm
59	An Giang	1468	Ô Lâm
59	An Giang	1436	Óc Eo
59	An Giang	1414	Phú An
59	An Giang	1437	Phú Hòa
59	An Giang	120	Phú Hữu
59	An Giang	1418	Phú Lâm
59	An Giang	5469	Phú Quốc
59	An Giang	1420	Phú Tân
59	An Giang	5483	Rạch Giá
59	An Giang	20605	Sơn Hải
59	An Giang	5460	Sơn Kiên
59	An Giang	20562	Tân An
59	An Giang	3230	Tân Châu
59	An Giang	20606	Tân Hiệp
59	An Giang	5490	Tân Hội
59	An Giang	5401	Tân Thạnh
59	An Giang	1439	Tây Phú
59	An Giang	5393	Tây Yên
59	An Giang	5493	Thạnh Đông
59	An Giang	5437	Thạnh Hưng
59	An Giang	5413	Thạnh Lộc
59	An Giang	1366	Thạnh Mỹ Tây
59	An Giang	5474	Thổ Châu
59	An Giang	1435	Thoại Sơn
59	An Giang	1457	Thới Sơn
59	An Giang	5447	Tiên Hải
59	An Giang	20564	Tịnh Biên
59	An Giang	5448	Tô Châu
59	An Giang	20568	Tri Tôn
59	An Giang	5368	U Minh Thượng
59	An Giang	5404	Vân Khánh
59	An Giang	1375	Vĩnh An
59	An Giang	5498	Vĩnh Bình
59	An Giang	20591	Vĩnh Điều
59	An Giang	1471	Vĩnh Gia
59	An Giang	1377	Vĩnh Hanh
59	An Giang	123	Vĩnh Hậu
59	An Giang	5374	Vĩnh Hòa
59	An Giang	5419	Vĩnh Hòa Hưng
59	An Giang	5500	Vĩnh Phong
59	An Giang	133	Vĩnh Tế
59	An Giang	1367	Vĩnh Thạnh Trung
59	An Giang	5486	Vĩnh Thông
59	An Giang	5501	Vĩnh Thuận
59	An Giang	1444	Vĩnh Trạch
59	An Giang	5424	Vĩnh Tuy
59	An Giang	1429	Vĩnh Xương
60	Hải Phòng	4477	Ái Quốc
60	Hải Phòng	4728	An Biên
60	Hải Phòng	20436	An Dương
60	Hải Phòng	20424	An Hải
60	Hải Phòng	4673	An Hưng
60	Hải Phòng	4679	An Khánh
60	Hải Phòng	20439	An Lão
60	Hải Phòng	20425	An Phong
60	Hải Phòng	4517	An Phú
60	Hải Phòng	4675	An Quang
60	Hải Phòng	4503	An Thành
60	Hải Phòng	20441	An Trường
60	Hải Phòng	4454	Bắc An Phụ
60	Hải Phòng	4619	Bắc Thanh Miện
60	Hải Phòng	4684	Bạch Đằng
60	Hải Phòng	4656	Bạch Long Vĩ
60	Hải Phòng	4409	Bình Giang
60	Hải Phòng	4429	Cẩm Giang
60	Hải Phòng	4422	Cẩm Giàng
60	Hải Phòng	4843	Cát Hải
60	Hải Phòng	4798	Chấn Hưng
60	Hải Phòng	4449	Chí Linh
60	Hải Phòng	4628	Chí Minh
60	Hải Phòng	4453	Chu Văn An
60	Hải Phòng	20412	Dương Kinh
60	Hải Phòng	4637	Đại Sơn
60	Hải Phòng	4686	Đồ Sơn
60	Hải Phòng	20043	Đông Hải
60	Hải Phòng	4411	Đường An
60	Hải Phòng	4476	Gia Lộc
60	Hải Phòng	4474	Gia Phúc
60	Hải Phòng	4746	Gia Viên
60	Hải Phòng	4594	Hà Bắc
60	Hải Phòng	4589	Hà Đông
60	Hải Phòng	4605	Hà Nam
60	Hải Phòng	4593	Hà Tây
60	Hải Phòng	20416	Hải An
60	Hải Phòng	21008	Hải Dương
60	Hải Phòng	4623	Hải Hưng
60	Hải Phòng	20449	Hòa Bình
60	Hải Phòng	4471	Hồng An
60	Hải Phòng	4690	Hồng Bàng
60	Hải Phòng	4556	Hồng Châu
60	Hải Phòng	4524	Hợp Tiến
60	Hải Phòng	20411	Hưng Đạo
60	Hải Phòng	4795	Hùng Thắng
60	Hải Phòng	4414	Kẻ Sặt
60	Hải Phòng	4400	Khúc Thừa Dụ
60	Hải Phòng	4709	Kiến An
60	Hải Phòng	4713	Kiến Hải
60	Hải Phòng	4723	Kiến Hưng
60	Hải Phòng	4718	Kiến Minh
60	Hải Phòng	4721	Kiến Thụy
60	Hải Phòng	4763	Kim Thành
60	Hải Phòng	4575	Kinh Môn
60	Hải Phòng	4651	Lạc Phượng
60	Hải Phòng	4514	Lai Khê
60	Hải Phòng	4734	Lê Chân
60	Hải Phòng	4441	Lê Đại Hành
60	Hải Phòng	4782	Lê Ích Mộc
60	Hải Phòng	4493	Lê Thanh Nghị
60	Hải Phòng	4492	Lưu Kiếm
60	Hải Phòng	4420	Mao Điền
60	Hải Phòng	4499	Nam An Phụ
60	Hải Phòng	4683	Nam Đồ Sơn
60	Hải Phòng	21015	Nam Đồng
60	Hải Phòng	21037	Nam Sách
60	Hải Phòng	4626	Nam Thanh Miện
60	Hải Phòng	4772	Nam Triệu
60	Hải Phòng	4715	Nghi Dương
60	Hải Phòng	4753	Ngô Quyền
60	Hải Phòng	4821	Nguyễn Bỉnh Khiêm
60	Hải Phòng	21021	Nguyễn Đại Năng
60	Hải Phòng	4636	Nguyên Giáp
60	Hải Phòng	4615	Nguyễn Lương Bằng
60	Hải Phòng	4442	Nguyễn Trãi
60	Hải Phòng	4579	Nhị Chiểu
60	Hải Phòng	4551	Ninh Giang
60	Hải Phòng	4578	Phạm Sư Mạnh
60	Hải Phòng	4704	Phù Liễn
60	Hải Phòng	4585	Phú Thái
60	Hải Phòng	4792	Quyết Thắng
60	Hải Phòng	4535	Tân An
60	Hải Phòng	4488	Tân Hưng
60	Hải Phòng	4632	Tân Kỳ
60	Hải Phòng	4793	Tân Minh
60	Hải Phòng	4489	Thạch Khôi
60	Hải Phòng	4533	Thái Tân
60	Hải Phòng	4480	Thành Đông
60	Hải Phòng	4596	Thanh Hà
60	Hải Phòng	4610	Thanh Miện
60	Hải Phòng	4764	Thiên Hương
60	Hải Phòng	4412	Thượng Hồng
60	Hải Phòng	4760	Thủy Nguyên
60	Hải Phòng	20446	Tiên Lãng
60	Hải Phòng	4804	Tiên Minh
60	Hải Phòng	4447	Trần Hưng Đạo
60	Hải Phòng	4569	Trần Liễu
60	Hải Phòng	4444	Trần Nhân Tông
60	Hải Phòng	4522	Trần Phú
60	Hải Phòng	4468	Trường Tân
60	Hải Phòng	4646	Tứ Kỳ
60	Hải Phòng	4419	Tứ Minh
60	Hải Phòng	4425	Tuệ Tĩnh
60	Hải Phòng	4430	Việt Hòa
60	Hải Phòng	4757	Việt Khê
60	Hải Phòng	4820	Vĩnh Am
60	Hải Phòng	20447	Vĩnh Bảo
60	Hải Phòng	4828	Vĩnh Hải
60	Hải Phòng	4819	Vĩnh Hòa
60	Hải Phòng	4548	Vĩnh Lại
60	Hải Phòng	4831	Vĩnh Thịnh
60	Hải Phòng	4832	Vĩnh Thuận
60	Hải Phòng	4456	Yết Kiêu
61	Đà Nẵng	3553	An Hải
61	Đà Nẵng	3560	An Khê
61	Đà Nẵng	7933	An Thắng
61	Đà Nẵng	20816	Avương
61	Đà Nẵng	3539	Bà Nà
61	Đà Nẵng	8037	Bàn Thạch
61	Đà Nẵng	20784	Bến Giằng
61	Đà Nẵng	20775	Bến Hiên
61	Đà Nẵng	3573	Cẩm Lệ
61	Đà Nẵng	20802	Chiên Đàn
61	Đà Nẵng	7942	Duy Nghĩa
61	Đà Nẵng	7949	Duy Xuyên
61	Đà Nẵng	7981	Đắc Pring
61	Đà Nẵng	7912	Đại Lộc
61	Đà Nẵng	7938	Điện Bàn
61	Đà Nẵng	7932	Điện Bàn Bắc
61	Đà Nẵng	7924	Điện Bàn Đông
61	Đà Nẵng	7929	Điện Bàn Tây
61	Đà Nẵng	8058	Đồng Dương
61	Đà Nẵng	20779	Đông Giang
61	Đà Nẵng	7997	Đức Phú
61	Đà Nẵng	7931	Gò Nổi
61	Đà Nẵng	7914	Hà Nha
61	Đà Nẵng	3522	Hải Châu
61	Đà Nẵng	3538	Hải Vân
61	Đà Nẵng	7960	Hiệp Đức
61	Đà Nẵng	3526	Hòa Cường
61	Đà Nẵng	3544	Hòa Khánh
61	Đà Nẵng	3545	Hòa Tiến
61	Đà Nẵng	3541	Hòa Vang
61	Đà Nẵng	3543	Hòa Xuân
61	Đà Nẵng	3512	Hoàng Sa
61	Đà Nẵng	7968	Hội An
61	Đà Nẵng	7971	Hội An Đông
61	Đà Nẵng	7967	Hội An Tây
61	Đà Nẵng	20817	Hùng Sơn
61	Đà Nẵng	8032	Hương Trà
61	Đà Nẵng	8002	Khâm Đức
61	Đà Nẵng	7982	La Dêê
61	Đà Nẵng	7983	La Êê
61	Đà Nẵng	8070	Lãnh Ngọc
61	Đà Nẵng	20405	Liên Chiểu
61	Đà Nẵng	7979	Nam Giang
61	Đà Nẵng	7952	Nam Phước
61	Đà Nẵng	20246	Nam Trà My
61	Đà Nẵng	3549	Ngũ Hành Sơn
61	Đà Nẵng	20790	Nông Sơn
61	Đà Nẵng	20792	Núi Thành
61	Đà Nẵng	20799	Phú Ninh
61	Đà Nẵng	7918	Phú Thuận
61	Đà Nẵng	8003	Phước Chánh
61	Đà Nẵng	8006	Phước Hiệp
61	Đà Nẵng	8011	Phước Năng
61	Đà Nẵng	8012	Phước Thành
61	Đà Nẵng	7958	Phước Trà
61	Đà Nẵng	8036	Quảng Phú
61	Đà Nẵng	20788	Quế Phước
61	Đà Nẵng	8023	Quế Sơn
61	Đà Nẵng	8018	Quế Sơn Trung
61	Đà Nẵng	8066	Sơn Cẩm Hà
61	Đà Nẵng	3556	Sơn Trà
61	Đà Nẵng	20776	Sông Kôn
61	Đà Nẵng	20778	Sông Vàng
61	Đà Nẵng	7987	Tam Anh
61	Đà Nẵng	7989	Tam Hải
61	Đà Nẵng	8040	Tam Kỳ
61	Đà Nẵng	7999	Tam Mỹ
61	Đà Nẵng	7998	Tam Xuân
61	Đà Nẵng	7976	Tân Hiệp
61	Đà Nẵng	20822	Tây Giang
61	Đà Nẵng	20800	Tây Hồ
61	Đà Nẵng	8046	Thăng An
61	Đà Nẵng	8054	Thăng Bình
61	Đà Nẵng	8061	Thăng Điền
61	Đà Nẵng	8055	Thăng Phú
61	Đà Nẵng	8057	Thăng Trường
61	Đà Nẵng	8065	Thạnh Bình
61	Đà Nẵng	20408	Thanh Khê
61	Đà Nẵng	20781	Thạnh Mỹ
61	Đà Nẵng	7946	Thu Bồn
61	Đà Nẵng	7915	Thượng Đức
61	Đà Nẵng	8077	Tiên Phước
61	Đà Nẵng	20254	Trà Đốc
61	Đà Nẵng	20259	Trà Giáp
61	Đà Nẵng	20244	Trà Leng
61	Đà Nẵng	20261	Trà Liên
61	Đà Nẵng	20245	Trà Linh
61	Đà Nẵng	20252	Trà My
61	Đà Nẵng	20264	Trà Tân
61	Đà Nẵng	20248	Trà Tập
61	Đà Nẵng	20249	Trà Vân
61	Đà Nẵng	7953	Việt An
61	Đà Nẵng	7904	Vu Gia
61	Đà Nẵng	8024	Xuân Phú
62	Cần Thơ	3281	An Bình
62	Cần Thơ	8576	An Lạc Thôn
62	Cần Thơ	10839	An Ninh
62	Cần Thơ	10856	An Thạnh
62	Cần Thơ	20066	Bình Thủy
62	Cần Thơ	20062	Cái Khế
62	Cần Thơ	3297	Cái Răng
62	Cần Thơ	4856	Châu Thành
62	Cần Thơ	20465	Cờ Đỏ
62	Cần Thơ	10857	Cù Lao Dung
62	Cần Thơ	8579	Đại Hải
62	Cần Thơ	8589	Đại Ngãi
62	Cần Thơ	4913	Đại Thành
62	Cần Thơ	20466	Đông Hiệp
62	Cần Thơ	20617	Đông Phước
62	Cần Thơ	3308	Đông Thuận
62	Cần Thơ	8613	Gia Hòa
62	Cần Thơ	4870	Hiệp Hưng
62	Cần Thơ	10842	Hồ Đắc Kiện
62	Cần Thơ	4871	Hòa An
62	Cần Thơ	4879	Hỏa Lựu
62	Cần Thơ	8614	Hòa Tú
62	Cần Thơ	3295	Hưng Phú
62	Cần Thơ	8581	Kế Sách
62	Cần Thơ	8645	Khánh Hòa
62	Cần Thơ	8647	Lai Hòa
62	Cần Thơ	8637	Lâm Tân
62	Cần Thơ	20670	Lịch Hội Thượng
62	Cần Thơ	8592	Liêu Tú
62	Cần Thơ	4864	Long Bình
62	Cần Thơ	8604	Long Hưng
62	Cần Thơ	20613	Long Mỹ
62	Cần Thơ	8594	Long Phú
62	Cần Thơ	4865	Long Phú 1
62	Cần Thơ	3302	Long Tuyền
62	Cần Thơ	2359	Lương Tâm
62	Cần Thơ	8605	Mỹ Hương
62	Cần Thơ	8606	Mỹ Phước
62	Cần Thơ	10876	Mỹ Quới
62	Cần Thơ	8608	Mỹ Tú
62	Cần Thơ	8611	Mỹ Xuyên
62	Cần Thơ	20610	Ngã Bảy
62	Cần Thơ	20658	Ngã Năm
62	Cần Thơ	8617	Ngọc Tố
62	Cần Thơ	3343	Nhơn Ái
62	Cần Thơ	8582	Nhơn Mỹ
62	Cần Thơ	8612	Nhu Gia
62	Cần Thơ	3291	Ninh Kiều
62	Cần Thơ	3311	Ô Môn
62	Cần Thơ	3340	Phong Điền
62	Cần Thơ	8583	Phong Nẫm
62	Cần Thơ	4862	Phú Hữu
62	Cần Thơ	8638	Phú Lộc
62	Cần Thơ	8628	Phú Lợi
62	Cần Thơ	20664	Phú Tâm
62	Cần Thơ	4875	Phụng Hiệp
62	Cần Thơ	3268	Phước Thới
62	Cần Thơ	4876	Phương Bình
62	Cần Thơ	8632	Sóc Trăng
62	Cần Thơ	8619	Tài Văn
62	Cần Thơ	3290	Tân An
62	Cần Thơ	4877	Tân Bình
62	Cần Thơ	4905	Tân Hòa
62	Cần Thơ	3274	Tân Lộc
62	Cần Thơ	10880	Tân Long
62	Cần Thơ	3238	Tân Phước Hưng
62	Cần Thơ	8598	Tân Thạnh
62	Cần Thơ	20455	Thạnh An
62	Cần Thơ	4878	Thạnh Hòa
62	Cần Thơ	20468	Thạnh Phú
62	Cần Thơ	3322	Thạnh Quới
62	Cần Thơ	8623	Thạnh Thới An
62	Cần Thơ	4909	Thạnh Xuân
62	Cần Thơ	3304	Thới An Đông
62	Cần Thơ	8584	Thới An Hội
62	Cần Thơ	20470	Thới Hưng
62	Cần Thơ	20456	Thới Lai
62	Cần Thơ	3271	Thới Long
62	Cần Thơ	3277	Thốt Nốt
62	Cần Thơ	20615	Thuận Hòa
62	Cần Thơ	3278	Thuận Hưng
62	Cần Thơ	8599	Trần Đề
62	Cần Thơ	20473	Trung Hưng
62	Cần Thơ	3280	Trung Nhứt
62	Cần Thơ	8601	Trường Khánh
62	Cần Thơ	20458	Trường Long
62	Cần Thơ	4912	Trường Long Tây
62	Cần Thơ	3313	Trường Thành
62	Cần Thơ	3316	Trường Xuân
62	Cần Thơ	4882	Vị Tân
62	Cần Thơ	4883	Vị Thanh
62	Cần Thơ	4892	Vị Thanh 1
62	Cần Thơ	4894	Vị Thủy
62	Cần Thơ	8646	Vĩnh Châu
62	Cần Thơ	8649	Vĩnh Hải
62	Cần Thơ	8642	Vĩnh Lợi
62	Cần Thơ	8651	Vĩnh Phước
62	Cần Thơ	20454	Vĩnh Thạnh
62	Cần Thơ	2368	Vĩnh Thuận Đông
62	Cần Thơ	3326	Vĩnh Trinh
62	Cần Thơ	4897	Vĩnh Tường
62	Cần Thơ	20619	Vĩnh Viễn
62	Cần Thơ	2370	Xà Phiên
63	TP. Hồ Chí Minh	203	An Đông
63	TP. Hồ Chí Minh	362	An Hội Đông
63	TP. Hồ Chí Minh	358	An Hội Tây
63	TP. Hồ Chí Minh	158	An Khánh
63	TP. Hồ Chí Minh	338	An Lạc
63	TP. Hồ Chí Minh	1338	An Long
63	TP. Hồ Chí Minh	352	An Nhơn
63	TP. Hồ Chí Minh	450	An Nhơn Tây
63	TP. Hồ Chí Minh	1326	An Phú
63	TP. Hồ Chí Minh	304	An Phú Đông
63	TP. Hồ Chí Minh	476	An Thới Đông
63	TP. Hồ Chí Minh	483	Bà Điểm
63	TP. Hồ Chí Minh	1876	Bà Rịa
63	TP. Hồ Chí Minh	1305	Bắc Tân Uyên
63	TP. Hồ Chí Minh	169	Bàn Cờ
63	TP. Hồ Chí Minh	20081	Bàu Bàng
63	TP. Hồ Chí Minh	1904	Bàu Lâm
63	TP. Hồ Chí Minh	385	Bảy Hiền
63	TP. Hồ Chí Minh	1273	Bến Cát
63	TP. Hồ Chí Minh	149	Bến Thành
63	TP. Hồ Chí Minh	20349	Bình Chánh
63	TP. Hồ Chí Minh	1905	Bình Châu
63	TP. Hồ Chí Minh	1294	Bình Cơ
63	TP. Hồ Chí Minh	1322	Bình Dương
63	TP. Hồ Chí Minh	249	Bình Đông
63	TP. Hồ Chí Minh	7858	Bình Giã
63	TP. Hồ Chí Minh	1330	Bình Hòa
63	TP. Hồ Chí Minh	436	Bình Hưng
63	TP. Hồ Chí Minh	339	Bình Hưng Hòa
63	TP. Hồ Chí Minh	477	Bình Khánh
63	TP. Hồ Chí Minh	437	Bình Lợi
63	TP. Hồ Chí Minh	395	Bình Lợi Trung
63	TP. Hồ Chí Minh	452	Bình Mỹ
63	TP. Hồ Chí Minh	222	Bình Phú
63	TP. Hồ Chí Minh	417	Bình Quới
63	TP. Hồ Chí Minh	341	Bình Tân
63	TP. Hồ Chí Minh	215	Bình Tây
63	TP. Hồ Chí Minh	402	Bình Thạnh
63	TP. Hồ Chí Minh	290	Bình Thới
63	TP. Hồ Chí Minh	214	Bình Tiên
63	TP. Hồ Chí Minh	342	Bình Trị Đông
63	TP. Hồ Chí Minh	163	Bình Trưng
63	TP. Hồ Chí Minh	478	Cần Giờ
63	TP. Hồ Chí Minh	165	Cát Lái
63	TP. Hồ Chí Minh	419	Cầu Kiệu
63	TP. Hồ Chí Minh	154	Cầu Ông Lãnh
63	TP. Hồ Chí Minh	1313	Chánh Hiệp
63	TP. Hồ Chí Minh	247	Chánh Hưng
63	TP. Hồ Chí Minh	1259	Chánh Phú Hòa
63	TP. Hồ Chí Minh	7860	Châu Đức
63	TP. Hồ Chí Minh	1877	Châu Pha
63	TP. Hồ Chí Minh	209	Chợ Lớn
63	TP. Hồ Chí Minh	199	Chợ Quán
63	TP. Hồ Chí Minh	107	Côn Đảo
63	TP. Hồ Chí Minh	462	Củ Chi
63	TP. Hồ Chí Minh	20463	Dầu Tiếng
63	TP. Hồ Chí Minh	1293	Dĩ An
63	TP. Hồ Chí Minh	278	Diên Hồng
63	TP. Hồ Chí Minh	1936	Đất Đỏ
63	TP. Hồ Chí Minh	1290	Đông Hòa
63	TP. Hồ Chí Minh	305	Đông Hưng Thuận
63	TP. Hồ Chí Minh	502	Đông Thạnh
63	TP. Hồ Chí Minh	422	Đức Nhuận
63	TP. Hồ Chí Minh	391	Gia Định
63	TP. Hồ Chí Minh	356	Gò Vấp
63	TP. Hồ Chí Minh	347	Hạnh Thông
63	TP. Hồ Chí Minh	328	Hiệp Bình
63	TP. Hồ Chí Minh	470	Hiệp Phước
63	TP. Hồ Chí Minh	1912	Hồ Tràm
63	TP. Hồ Chí Minh	292	Hòa Bình
63	TP. Hồ Chí Minh	1909	Hòa Hiệp
63	TP. Hồ Chí Minh	1910	Hòa Hội
63	TP. Hồ Chí Minh	284	Hòa Hưng
63	TP. Hồ Chí Minh	1262	Hòa Lợi
63	TP. Hồ Chí Minh	20351	Hóc Môn
63	TP. Hồ Chí Minh	439	Hưng Long
63	TP. Hồ Chí Minh	190	Khánh Hội
63	TP. Hồ Chí Minh	7869	Kim Long
63	TP. Hồ Chí Minh	1333	Lái Thiêu
63	TP. Hồ Chí Minh	334	Linh Xuân
63	TP. Hồ Chí Minh	261	Long Bình
63	TP. Hồ Chí Minh	20064	Long Điền
63	TP. Hồ Chí Minh	20069	Long Hải
63	TP. Hồ Chí Minh	1280	Long Hòa
63	TP. Hồ Chí Minh	1870	Long Hương
63	TP. Hồ Chí Minh	20078	Long Nguyên
63	TP. Hồ Chí Minh	262	Long Phước
63	TP. Hồ Chí Minh	1887	Long Sơn
63	TP. Hồ Chí Minh	264	Long Trường
63	TP. Hồ Chí Minh	288	Minh Phụng
63	TP. Hồ Chí Minh	1282	Minh Thạnh
63	TP. Hồ Chí Minh	7871	Ngãi Giao
63	TP. Hồ Chí Minh	20085	Nghĩa Thành
63	TP. Hồ Chí Minh	20352	Nhà Bè
63	TP. Hồ Chí Minh	177	Nhiêu Lộc
63	TP. Hồ Chí Minh	454	Nhuận Đức
63	TP. Hồ Chí Minh	1271	Phú An
63	TP. Hồ Chí Minh	257	Phú Định
63	TP. Hồ Chí Minh	1348	Phú Giáo
63	TP. Hồ Chí Minh	456	Phú Hòa Đông
63	TP. Hồ Chí Minh	224	Phú Lâm
63	TP. Hồ Chí Minh	1321	Phú Lợi
63	TP. Hồ Chí Minh	1880	Phú Mỹ
63	TP. Hồ Chí Minh	426	Phú Nhuận
63	TP. Hồ Chí Minh	367	Phú Thạnh
63	TP. Hồ Chí Minh	298	Phú Thọ
63	TP. Hồ Chí Minh	368	Phú Thọ Hòa
63	TP. Hồ Chí Minh	236	Phú Thuận
63	TP. Hồ Chí Minh	1933	Phước Hải
63	TP. Hồ Chí Minh	1346	Phước Hòa
63	TP. Hồ Chí Minh	267	Phước Long
63	TP. Hồ Chí Minh	1902	Phước Thắng
63	TP. Hồ Chí Minh	1339	Phước Thành
63	TP. Hồ Chí Minh	1889	Rạch Dừa
63	TP. Hồ Chí Minh	146	Sài Gòn
63	TP. Hồ Chí Minh	335	Tam Bình
63	TP. Hồ Chí Minh	20056	Tam Long
63	TP. Hồ Chí Minh	1898	Tam Thắng
63	TP. Hồ Chí Minh	461	Tân An Hội
63	TP. Hồ Chí Minh	388	Tân Bình
63	TP. Hồ Chí Minh	157	Tân Định
63	TP. Hồ Chí Minh	1307	Tân Đông Hiệp
63	TP. Hồ Chí Minh	1883	Tân Hải
63	TP. Hồ Chí Minh	20460	Tân Hiệp
63	TP. Hồ Chí Minh	381	Tân Hòa
63	TP. Hồ Chí Minh	237	Tân Hưng
63	TP. Hồ Chí Minh	1304	Tân Khánh
63	TP. Hồ Chí Minh	240	Tân Mỹ
63	TP. Hồ Chí Minh	445	Tân Nhựt
63	TP. Hồ Chí Minh	369	Tân Phú
63	TP. Hồ Chí Minh	1885	Tân Phước
63	TP. Hồ Chí Minh	390	Tân Sơn
63	TP. Hồ Chí Minh	376	Tân Sơn Hòa
63	TP. Hồ Chí Minh	379	Tân Sơn Nhất
63	TP. Hồ Chí Minh	372	Tân Sơn Nhì
63	TP. Hồ Chí Minh	21525	Tân Tạo
63	TP. Hồ Chí Minh	1878	Tân Thành
63	TP. Hồ Chí Minh	309	Tân Thới Hiệp
63	TP. Hồ Chí Minh	242	Tân Thuận
63	TP. Hồ Chí Minh	20071	Tân Uyên
63	TP. Hồ Chí Minh	449	Tân Vĩnh Lộc
63	TP. Hồ Chí Minh	270	Tăng Nhơn Phú
63	TP. Hồ Chí Minh	1254	Tây Nam
63	TP. Hồ Chí Minh	375	Tây Thạnh
63	TP. Hồ Chí Minh	466	Thái Mỹ
63	TP. Hồ Chí Minh	1285	Thanh An
63	TP. Hồ Chí Minh	482	Thạnh An
63	TP. Hồ Chí Minh	415	Thạnh Mỹ Tây
63	TP. Hồ Chí Minh	313	Thới An
63	TP. Hồ Chí Minh	1274	Thới Hòa
63	TP. Hồ Chí Minh	354	Thông Tây Hội
63	TP. Hồ Chí Minh	1319	Thủ Dầu Một
63	TP. Hồ Chí Minh	327	Thủ Đức
63	TP. Hồ Chí Minh	1332	Thuận An
63	TP. Hồ Chí Minh	1334	Thuận Giao
63	TP. Hồ Chí Minh	1310	Thường Tân
63	TP. Hồ Chí Minh	20068	Trừ Văn Thố
63	TP. Hồ Chí Minh	314	Trung Mỹ Tây
63	TP. Hồ Chí Minh	183	Vĩnh Hội
63	TP. Hồ Chí Minh	448	Vĩnh Lộc
63	TP. Hồ Chí Minh	1312	Vĩnh Tân
63	TP. Hồ Chí Minh	1892	Vũng Tàu
63	TP. Hồ Chí Minh	282	Vườn Lài
63	TP. Hồ Chí Minh	195	Xóm Chiếu
63	TP. Hồ Chí Minh	20266	Xuân Hòa
63	TP. Hồ Chí Minh	7885	Xuân Sơn
63	TP. Hồ Chí Minh	492	Xuân Thới Sơn
63	TP. Hồ Chí Minh	1916	Xuyên Mộc