province_id	province_name	alonhadat	batdongsan	nhatot	guland	mogi	total
1	TP. Hà Nội	0	11878	1393	3	54	13328
4	Vĩnh Long	0	34	36	0	0	70
8	TP Huế	0	54	24	0	0	78
9	Thanh Hóa	0	123	16	0	0	139
10	Thái Nguyên	0	121	7	0	1	129
12	Tây Ninh	451	550	116	9517	0	10634
13	Sơn La	0	24	1	0	0	25
15	Quảng Trị	0	14	1	0	0	15
16	Quảng Ninh	0	322	2	0	0	324
17	Quảng Ngãi	0	24	1	0	0	25
21	Phú Thọ	0	236	3	0	0	239
23	Ninh Bình	61	199	2	0	0	262
24	Nghệ An	0	48	3	0	0	51
27	Lào Cai	0	16	5	0	0	21
28	Lạng Sơn	0	1	0	0	0	1
29	Lâm Đồng	0	332	83	7911	4	8330
33	Khánh Hòa	0	988	88	14462	3	15541
34	Hưng Yên	0	678	7	0	0	685
38	Hà Tĩnh	0	5	3	0	0	8
41	Gia Lai	0	67	21	0	5	93
42	Đồng Tháp	0	39	13	0	0	52
43	Đồng Nai	0	774	465	19729	21	20989
44	Điện Biên	0	2	0	0	0	2
46	Đắk Lắk	0	52	122	2	5	181
47	Cao Bằng	0	1	0	0	0	1
48	Cà Mau	0	2	3	0	0	5
54	Bắc Ninh	0	346	4	0	0	350
59	An Giang	0	105	13	0	0	118
60	Hải Phòng	0	643	39	0	1	683
61	Đà Nẵng	0	2259	1110	0	3	3372
62	Cần Thơ	0	109	253	0	1	363
63	TP. Hồ Chí Minh	977	19852	13132	11693	702	46356
province_id	province_name	ward_id	ward_name	alonhadat	batdongsan	nhatot	guland	mogi	total
1	TP. Hà Nội	512	Từ Liêm	0	148	45	1	0	194
1	TP. Hà Nội	514	Đại Mỗ	0	392	38	0	3	433
1	TP. Hà Nội	515	Đông Ngạc	0	251	44	0	1	296
1	TP. Hà Nội	516	Tây Tựu	0	10	2	0	0	12
1	TP. Hà Nội	521	Phú Diễn	0	279	41	0	1	321
1	TP. Hà Nội	524	Tây Mỗ	0	190	29	0	0	219
1	TP. Hà Nội	527	Phú Thượng	0	5	2	0	0	7
1	TP. Hà Nội	532	Xuân Phương	0	79	13	0	0	92
1	TP. Hà Nội	545	Ngọc Hồi	0	24	3	0	0	27
1	TP. Hà Nội	554	Đại Thanh	0	48	15	0	1	64
1	TP. Hà Nội	557	Hoàng Liệt	0	125	13	0	0	138
1	TP. Hà Nội	559	Nam Phù	0	16	0	0	0	16
1	TP. Hà Nội	575	Nội Bài	0	39	1	0	0	40
1	TP. Hà Nội	580	Kim Anh	0	26	5	0	0	31
1	TP. Hà Nội	585	Trung Giã	0	19	1	0	0	20
1	TP. Hà Nội	623	Phúc Thịnh	0	52	3	0	0	55
1	TP. Hà Nội	624	Đông Anh	0	231	13	0	0	244
1	TP. Hà Nội	629	Vĩnh Thanh	0	20	3	0	0	23
1	TP. Hà Nội	637	Thư Lâm	0	9	1	0	0	10
1	TP. Hà Nội	644	Thiên Lộc	0	7	1	0	0	8
1	TP. Hà Nội	647	Bồ Đề	0	469	45	0	1	515
1	TP. Hà Nội	657	Phúc Lợi	0	270	24	0	0	294
1	TP. Hà Nội	658	Long Biên	0	41	2	0	0	43
1	TP. Hà Nội	665	Định Công	0	584	88	0	5	677
1	TP. Hà Nội	670	Hoàng Mai	0	288	67	0	3	358
1	TP. Hà Nội	672	Tương Mai	0	46	4	0	0	50
1	TP. Hà Nội	674	Lĩnh Nam	0	12	2	0	0	14
1	TP. Hà Nội	680	Cầu Giấy	0	988	79	0	5	1072
1	TP. Hà Nội	683	Nghĩa Đô	0	196	36	0	1	233
1	TP. Hà Nội	686	Yên Hòa	0	309	0	1	3	313
1	TP. Hà Nội	688	Tây Hồ	0	207	25	0	1	233
1	TP. Hà Nội	697	Khương Đình	0	448	64	0	5	517
1	TP. Hà Nội	698	Phương Liệt	0	67	13	0	1	81
1	TP. Hà Nội	703	Thanh Xuân	0	335	33	0	0	368
1	TP. Hà Nội	704	Thanh Liệt	0	0	5	0	0	5
1	TP. Hà Nội	709	Bạch Mai	0	306	66	0	6	378
1	TP. Hà Nội	714	Hai Bà Trưng	0	46	9	0	0	55
1	TP. Hà Nội	726	Vĩnh Tuy	0	141	14	0	1	156
1	TP. Hà Nội	727	Ô Chợ Dừa	0	52	14	0	1	67
1	TP. Hà Nội	729	Văn Miếu - Quốc Tử Giám	0	46	17	0	1	64
1	TP. Hà Nội	731	Kim Liên	0	96	27	0	0	123
1	TP. Hà Nội	733	Láng	0	82	9	0	0	91
1	TP. Hà Nội	742	Đống Đa	0	458	64	0	1	523
1	TP. Hà Nội	752	Giảng Võ	0	241	16	0	2	259
1	TP. Hà Nội	759	Ba Đình	0	349	44	0	1	394
1	TP. Hà Nội	762	Ngọc Hà	0	80	13	0	0	93
1	TP. Hà Nội	763	Hồng Hà	0	457	42	0	2	501
1	TP. Hà Nội	768	Hoàn Kiếm	0	32	3	0	0	35
1	TP. Hà Nội	769	Cửa Nam	0	124	14	0	0	138
1	TP. Hà Nội	783	Yên Lãng	0	1	0	0	0	1
1	TP. Hà Nội	788	Mê Linh	0	35	7	0	0	42
1	TP. Hà Nội	793	Quang Minh	0	39	7	0	0	46
1	TP. Hà Nội	799	Tiến Thắng	0	2	0	0	0	2
1	TP. Hà Nội	806	Suối Hai	0	16	0	0	0	16
1	TP. Hà Nội	807	Ba Vì	0	6	0	0	0	6
1	TP. Hà Nội	809	Quảng Oai	0	5	0	0	0	5
1	TP. Hà Nội	829	Bất Bạt	0	13	1	0	0	14
1	TP. Hà Nội	835	Vật Lại	0	1	0	0	0	1
1	TP. Hà Nội	836	Yên Bài	0	31	0	0	0	31
1	TP. Hà Nội	838	Chương Mỹ	0	74	8	0	0	82
1	TP. Hà Nội	855	Phú Nghĩa	0	12	3	0	0	15
1	TP. Hà Nội	857	Quảng Bị	0	4	0	0	0	4
1	TP. Hà Nội	865	Trần Phú	0	19	1	0	0	20
1	TP. Hà Nội	869	Xuân Mai	0	38	4	0	0	42
1	TP. Hà Nội	870	Đan Phượng	0	14	0	0	0	14
1	TP. Hà Nội	872	Ô Diên	0	38	0	0	0	38
1	TP. Hà Nội	878	Liên Minh	0	6	0	0	0	6
1	TP. Hà Nội	888	Dương Nội	0	417	29	0	2	448
1	TP. Hà Nội	890	Kiến Hưng	0	123	13	0	0	136
1	TP. Hà Nội	893	Yên Nghĩa	0	0	1	0	0	1
1	TP. Hà Nội	895	Phú Lương	0	12	0	1	0	13
1	TP. Hà Nội	897	Hà Đông	0	592	51	0	3	646
1	TP. Hà Nội	903	An Khánh	0	236	22	0	0	258
1	TP. Hà Nội	905	Dương Hòa	0	2	0	0	0	2
1	TP. Hà Nội	916	Sơn Đồng	0	79	8	0	0	87
1	TP. Hà Nội	919	Hoài Đức	0	253	15	0	0	268
1	TP. Hà Nội	928	Mỹ Đức	0	8	0	0	0	8
1	TP. Hà Nội	931	Hồng Sơn	0	1	0	0	0	1
1	TP. Hà Nội	935	Hương Sơn	0	3	0	0	0	3
1	TP. Hà Nội	939	Phúc Sơn	0	5	0	0	0	5
1	TP. Hà Nội	946	Hát Môn	0	3	0	0	0	3
1	TP. Hà Nội	968	Kiều Phú	0	3	0	0	0	3
1	TP. Hà Nội	969	Hưng Đạo	0	1	0	0	0	1
1	TP. Hà Nội	972	Yên Xuân	0	15	1	0	0	16
1	TP. Hà Nội	979	Phú Cát	0	93	6	0	0	99
1	TP. Hà Nội	990	Đoài Phương	0	72	2	0	0	74
1	TP. Hà Nội	992	Sơn Tây	0	7	1	0	0	8
1	TP. Hà Nội	1001	Tùng Thiện	0	16	0	0	0	16
1	TP. Hà Nội	1012	Hạ Bằng	0	66	9	0	0	75
1	TP. Hà Nội	1018	Tây Phương	0	3	0	0	0	3
1	TP. Hà Nội	1022	Hòa Lạc	0	61	3	0	0	64
1	TP. Hà Nội	1027	Bình Minh	0	61	9	0	0	70
1	TP. Hà Nội	1031	Dân Hòa	0	5	0	0	0	5
1	TP. Hà Nội	1039	Tam Hưng	0	3	0	0	0	3
1	TP. Hà Nội	1045	Thanh Oai	0	12	0	0	0	12
1	TP. Hà Nội	1047	Chương Dương	0	6	0	0	0	6
1	TP. Hà Nội	1053	Hồng Vân	0	9	1	0	0	10
1	TP. Hà Nội	1063	Thượng Phúc	0	3	0	0	0	3
1	TP. Hà Nội	1076	Ứng Hòa	0	3	0	0	0	3
1	TP. Hà Nội	1084	Hòa Xá	0	1	0	0	0	1
1	TP. Hà Nội	1089	Ứng Thiên	0	3	0	0	0	3
1	TP. Hà Nội	1097	Vân Đình	0	4	0	0	0	4
1	TP. Hà Nội	20029	Xuân Đỉnh	0	55	3	0	0	58
1	TP. Hà Nội	20037	Đại Xuyên	0	2	0	0	0	2
1	TP. Hà Nội	20354	Phù Đổng	0	18	5	0	0	23
1	TP. Hà Nội	20357	Gia Lâm	0	168	2	0	0	170
1	TP. Hà Nội	20359	Thuận An	0	5	0	0	0	5
1	TP. Hà Nội	20363	Bát Tràng	0	291	64	0	1	356
1	TP. Hà Nội	20370	Phú Xuyên	0	5	0	0	0	5
1	TP. Hà Nội	20374	Chuyên Mỹ	0	1	0	0	0	1
1	TP. Hà Nội	20387	Phượng Dực	0	6	0	0	0	6
1	TP. Hà Nội	20396	Phúc Thọ	0	4	1	0	0	5
1	TP. Hà Nội	20397	Phúc Lộc	0	1	1	0	0	2
1	TP. Hà Nội	20399	Quốc Oai	0	9	1	0	0	10
1	TP. Hà Nội	20400	Sóc Sơn	0	23	1	0	0	24
1	TP. Hà Nội	20402	Thạch Thất	0	4	0	0	0	4
1	TP. Hà Nội	20403	Thường Tín	0	11	1	0	0	12
4	Vĩnh Long	1780	Cái Vồn	0	2	1	0	0	3
4	Vĩnh Long	1781	Bình Minh	0	3	3	0	0	6
4	Vĩnh Long	1789	Long Hồ	0	0	2	0	0	2
4	Vĩnh Long	1791	Phú Quới	0	1	0	0	0	1
4	Vĩnh Long	1792	Phước Hậu	0	5	6	0	0	11
4	Vĩnh Long	1793	Tân Hạnh	0	0	4	0	0	4
4	Vĩnh Long	1794	Thanh Đức	0	3	2	0	0	5
4	Vĩnh Long	1797	Bình Phước	0	0	1	0	0	1
4	Vĩnh Long	1798	Cái Nhum	0	1	2	0	0	3
4	Vĩnh Long	1805	Nhơn Phú	0	0	1	0	0	1
4	Vĩnh Long	1808	Tân Long Hội	0	0	1	0	0	1
4	Vĩnh Long	1811	Hòa Hiệp	0	0	1	0	0	1
4	Vĩnh Long	1814	Ngãi Tứ	0	0	1	0	0	1
4	Vĩnh Long	1821	Song Phú	0	1	1	0	0	2
4	Vĩnh Long	1840	Tân Ngãi	0	0	2	0	0	2
4	Vĩnh Long	1841	Long Châu	0	7	3	0	0	10
4	Vĩnh Long	1863	Trung Ngãi	0	0	1	0	0	1
4	Vĩnh Long	1865	Trung Thành	0	0	1	0	0	1
4	Vĩnh Long	2865	An Bình	0	0	2	0	0	2
4	Vĩnh Long	2892	Phú Khương	0	1	0	0	0	1
4	Vĩnh Long	2894	Phú Tân	0	1	0	0	0	1
4	Vĩnh Long	2968	Phước Long	0	2	0	0	0	2
4	Vĩnh Long	2969	An Hội	0	1	0	0	0	1
4	Vĩnh Long	10458	Hưng Mỹ	0	1	0	0	0	1
4	Vĩnh Long	10462	Nguyệt Hoá	0	1	0	0	0	1
4	Vĩnh Long	20677	Chợ Lách	0	1	0	0	0	1
4	Vĩnh Long	20680	Thạnh Phú	0	1	0	0	0	1
4	Vĩnh Long	20699	Trà Vinh	0	2	0	0	0	2
4	Vĩnh Long	20727	Tam Bình	0	0	1	0	0	1
8	TP Huế	10119	An Cựu	0	11	2	0	0	13
8	TP Huế	10130	Thuận Hóa	0	16	2	0	0	18
8	TP Huế	10140	Thủy Xuân	0	4	3	0	0	7
8	TP Huế	10143	Vỹ Dạ	0	2	2	0	0	4
8	TP Huế	10146	Phú Bài	0	1	2	0	0	3
8	TP Huế	10150	Thanh Thủy	0	3	1	0	0	4
8	TP Huế	10151	Hương Thủy	0	0	1	0	0	1
8	TP Huế	10170	Kim Trà	0	3	2	0	0	5
8	TP Huế	10171	Hương Trà	0	1	0	0	0	1
8	TP Huế	10193	Phong Dinh	0	0	1	0	0	1
8	TP Huế	10196	Phong Điền	0	0	1	0	0	1
8	TP Huế	10198	Chân Mây - Lăng Cô	0	3	1	0	0	4
8	TP Huế	10211	Vinh Lộc	0	1	0	0	0	1
8	TP Huế	10223	Mỹ Thượng	0	5	0	0	0	5
8	TP Huế	10224	Phú Hồ	0	0	1	0	0	1
8	TP Huế	21289	Phú Xuân	0	1	1	0	0	2
8	TP Huế	21290	Kim Long	0	1	4	0	0	5
8	TP Huế	21293	A Lưới 2	0	1	0	0	0	1
8	TP Huế	21375	Đan Điền	0	1	0	0	0	1
9	Thanh Hóa	9015	Bỉm Sơn	0	1	0	0	0	1
9	Thanh Hóa	9056	Đông Sơn	0	7	1	0	0	8
9	Thanh Hóa	9066	Tống Sơn	0	1	0	0	0	1
9	Thanh Hóa	9132	Hoằng Phú	0	1	0	0	0	1
9	Thanh Hóa	9145	Hoằng Tiến	0	1	0	0	0	1
9	Thanh Hóa	9154	Nguyệt Viên	0	2	0	0	0	2
9	Thanh Hóa	9193	Tân Tiến	0	1	0	0	0	1
9	Thanh Hóa	9270	Thăng Bình	0	1	0	0	0	1
9	Thanh Hóa	9280	Tượng Lĩnh	0	1	0	0	0	1
9	Thanh Hóa	9316	Quảng Bình	0	2	0	0	0	2
9	Thanh Hóa	9336	Quảng Ngọc	0	1	1	0	0	2
9	Thanh Hóa	9341	Quảng Phú	0	3	0	0	0	3
9	Thanh Hóa	9353	Nam Sầm Sơn	0	1	0	0	0	1
9	Thanh Hóa	9356	Sầm Sơn	0	8	0	0	0	8
9	Thanh Hóa	9361	Kim Tân	0	2	0	0	0	2
9	Thanh Hóa	9363	Thạch Bình	0	1	0	0	0	1
9	Thanh Hóa	9369	Thạch Quảng	0	4	2	0	0	6
9	Thanh Hóa	9386	Thành Vinh	0	6	1	0	0	7
9	Thanh Hóa	9388	Vân Du	0	0	1	0	0	1
9	Thanh Hóa	9397	Hàm Rồng	0	23	3	0	0	26
9	Thanh Hóa	9401	Hạc Thành	0	43	4	0	0	47
9	Thanh Hóa	9403	Đông Quang	0	5	0	0	0	5
9	Thanh Hóa	9413	Sao Vàng	0	1	0	0	0	1
9	Thanh Hóa	9474	Tĩnh Gia	0	1	0	0	0	1
9	Thanh Hóa	9485	Đào Duy Từ	0	1	0	0	0	1
9	Thanh Hóa	9537	Đồng Tiến	0	1	0	0	0	1
9	Thanh Hóa	9542	Hợp Tiến	0	1	0	0	0	1
9	Thanh Hóa	9554	Thọ Phú	0	1	1	0	0	2
9	Thanh Hóa	21041	Lưu Vệ	0	1	1	0	0	2
9	Thanh Hóa	21063	Tân Ninh	0	1	0	0	0	1
10	Thái Nguyên	9911	Đại Từ	0	0	0	0	1	1
10	Thái Nguyên	9917	Đại Phúc	0	2	1	0	0	3
10	Thái Nguyên	9982	Phổ Yên	0	9	0	0	0	9
10	Thái Nguyên	9989	Vạn Xuân	0	32	1	0	0	33
10	Thái Nguyên	9995	Thành Công	0	1	1	0	0	2
10	Thái Nguyên	9998	Trung Thành	0	2	0	0	0	2
10	Thái Nguyên	10003	Điềm Thụy	0	1	0	0	0	1
10	Thái Nguyên	10008	Kha Sơn	0	10	0	0	0	10
10	Thái Nguyên	10036	Yên Trạch	0	1	0	0	0	1
10	Thái Nguyên	10037	Bá Xuyên	0	3	0	0	0	3
10	Thái Nguyên	10040	Bách Quang	0	3	0	0	0	3
10	Thái Nguyên	10044	Sông Công	0	2	0	0	0	2
10	Thái Nguyên	10050	Gia Sàng	0	2	0	0	0	2
10	Thái Nguyên	10054	Phan Đình Phùng	0	16	1	0	0	17
10	Thái Nguyên	10062	Quyết Thắng	0	33	3	0	0	36
10	Thái Nguyên	10070	Tích Lương	0	1	0	0	0	1
10	Thái Nguyên	21179	Linh Sơn	0	3	0	0	0	3
12	Tây Ninh	6139	Bình Đức	0	12	0	157	0	169
12	Tây Ninh	6142	Lương Hòa	0	30	0	284	0	314
12	Tây Ninh	6143	Mỹ Yên	0	44	0	289	0	333
12	Tây Ninh	6150	Thạnh Lợi	0	4	0	68	0	72
12	Tây Ninh	6152	Long Cang	0	8	0	160	0	168
12	Tây Ninh	6156	Long Hựu	0	0	0	9	0	9
12	Tây Ninh	6159	Rạch Kiến	0	5	0	391	0	396
12	Tây Ninh	6160	Mỹ Lệ	0	8	0	90	0	98
12	Tây Ninh	6166	Tân Lân	0	18	0	139	0	157
12	Tây Ninh	6173	Mỹ Lộc	0	9	0	75	0	84
12	Tây Ninh	6177	Phước Lý	0	17	0	82	0	99
12	Tây Ninh	6179	Phước Vĩnh Tây	0	0	0	27	0	27
12	Tây Ninh	6181	Tân Tập	0	6	0	38	0	44
12	Tây Ninh	6184	An Lục Long	0	4	0	11	0	15
12	Tây Ninh	6192	Tầm Vu	0	2	0	56	0	58
12	Tây Ninh	6195	Thuận Mỹ	0	1	0	6	0	7
12	Tây Ninh	6196	Vĩnh Công	0	0	0	4	0	4
12	Tây Ninh	6197	An Ninh	0	1	0	55	0	56
12	Tây Ninh	6202	Đức Lập	0	25	0	214	0	239
12	Tây Ninh	6204	Hậu Nghĩa	0	16	0	182	0	198
12	Tây Ninh	6205	Hiệp Hòa	0	1	0	25	0	26
12	Tây Ninh	6208	Hòa Khánh	0	7	0	184	0	191
12	Tây Ninh	6212	Mỹ Hạnh	0	48	0	668	0	716
12	Tây Ninh	6215	Đức Huệ	0	1	0	45	0	46
12	Tây Ninh	6219	Đông Thành	0	2	0	30	0	32
12	Tây Ninh	6221	Mỹ Quý	0	0	0	5	0	5
12	Tây Ninh	6226	Bình Hiệp	0	1	0	5	0	6
12	Tây Ninh	6232	Bình Hòa	0	0	0	4	0	4
12	Tây Ninh	6234	Mộc Hóa	0	0	0	8	0	8
12	Tây Ninh	6239	Tân An	0	0	0	27	0	27
12	Tây Ninh	6241	Khánh Hậu	0	6	0	15	0	21
12	Tây Ninh	6251	Hưng Điền	0	0	0	1	0	1
12	Tây Ninh	6255	Vĩnh Thạnh	0	0	0	2	0	2
12	Tây Ninh	6266	Nhơn Hòa Lập	0	0	0	1	0	1
12	Tây Ninh	6267	Nhơn Ninh	0	0	0	1	0	1
12	Tây Ninh	6282	Vàm Cỏ	0	1	0	58	0	59
12	Tây Ninh	6284	Bình Thành	0	0	0	6	0	6
12	Tây Ninh	6285	Tân Tây	0	1	0	9	0	10
12	Tây Ninh	6288	Thạnh Phước	0	0	0	24	0	24
12	Tây Ninh	6297	Mỹ An	0	0	0	5	0	5
12	Tây Ninh	6300	Mỹ Thạnh	0	3	0	18	0	21
12	Tây Ninh	6302	Tân Long	0	1	0	4	0	5
12	Tây Ninh	6308	Tuyên Bình	0	0	0	1	0	1
12	Tây Ninh	8879	Long Chữ	9	0	2	19	0	30
12	Tây Ninh	8883	Long Thuận	11	0	0	8	0	19
12	Tây Ninh	8889	Hảo Đước	9	0	0	50	0	59
12	Tây Ninh	8890	Hòa Hội	3	0	0	21	0	24
12	Tây Ninh	8892	Trà Vong	0	0	0	22	0	22
12	Tây Ninh	8893	Ninh Điền	4	0	2	29	0	35
12	Tây Ninh	8894	Phước Vinh	10	0	0	24	0	34
12	Tây Ninh	8896	Thanh Điền	9	0	4	25	0	38
12	Tây Ninh	8901	Cầu Khởi	27	1	1	73	0	102
12	Tây Ninh	8903	Lộc Ninh	6	3	0	42	0	51
12	Tây Ninh	8908	Truông Mít	14	4	4	117	0	139
12	Tây Ninh	8913	Phước Thạnh	18	9	8	997	0	1032
12	Tây Ninh	8915	Thạnh Đức	10	1	1	76	0	88
12	Tây Ninh	8919	Hòa Thành	13	0	4	30	0	47
12	Tây Ninh	8926	Tân Lập	2	0	1	11	0	14
12	Tây Ninh	8929	Thạnh Bình	3	0	0	29	0	32
12	Tây Ninh	8934	Tân Đông	0	0	0	18	0	18
12	Tây Ninh	8937	Tân Hòa	0	2	1	29	0	32
12	Tây Ninh	8938	Tân Hội	2	0	2	56	0	60
12	Tây Ninh	8939	Tân Phú	10	0	1	75	0	86
12	Tây Ninh	8941	Tân Thành	1	1	0	31	0	33
12	Tây Ninh	8943	Bình Minh	27	3	6	124	0	160
12	Tây Ninh	8946	Ninh Thạnh	17	0	1	43	0	61
12	Tây Ninh	8953	An Tịnh	53	11	20	657	0	741
12	Tây Ninh	8957	Gia Lộc	25	11	12	281	0	329
12	Tây Ninh	8959	Phước Chỉ	0	0	0	5	0	5
12	Tây Ninh	20046	Thủ Thừa	0	4	0	74	0	78
12	Tây Ninh	20475	Long An	0	17	0	89	0	106
12	Tây Ninh	20477	Kiến Tường	0	0	0	11	0	11
12	Tây Ninh	20480	Bến Lức	0	76	0	311	0	387
12	Tây Ninh	20481	Cần Giuộc	0	32	0	187	0	219
12	Tây Ninh	20482	Cần Đước	0	5	0	124	0	129
12	Tây Ninh	20483	Tân Trụ	0	2	0	57	0	59
12	Tây Ninh	20484	Nhựt Tảo	0	4	0	68	0	72
12	Tây Ninh	20485	Đức Hòa	0	57	0	585	0	642
12	Tây Ninh	20487	Thạnh Hóa	0	0	0	5	0	5
12	Tây Ninh	20490	Tân Hưng	0	0	0	2	0	2
12	Tây Ninh	20730	Tân Ninh	43	4	10	88	0	145
12	Tây Ninh	20731	Long Hoa	16	0	8	87	0	111
12	Tây Ninh	20734	Trảng Bàng	65	6	10	498	0	579
12	Tây Ninh	20735	Hưng Thuận	8	2	1	242	0	253
12	Tây Ninh	20736	Bến Cầu	4	1	0	59	0	64
12	Tây Ninh	20737	Châu Thành	10	2	3	38	0	53
12	Tây Ninh	20738	Dương Minh Châu	4	5	4	129	0	142
12	Tây Ninh	20739	Gò Dầu	15	4	2	383	0	404
12	Tây Ninh	20740	Tân Biên	0	0	3	28	0	31
12	Tây Ninh	20741	Tân Châu	3	1	3	77	0	84
13	Sơn La	8712	Mộc Châu	0	2	0	0	0	2
13	Sơn La	8715	Thảo Nguyên	0	1	0	0	0	1
13	Sơn La	8721	Vân Sơn	0	3	0	0	0	3
13	Sơn La	8783	Chiềng Cơi	0	16	0	0	0	16
13	Sơn La	8792	Tô Hiệu	0	2	0	0	0	2
15	Quảng Trị	7752	Đồng Thuận	0	1	0	0	0	1
15	Quảng Trị	7757	Đồng Sơn	0	1	0	0	0	1
15	Quảng Trị	7759	Đồng Hới	0	3	0	0	0	3
15	Quảng Trị	7803	Ninh Châu	0	1	0	0	0	1
15	Quảng Trị	8463	Nam Đông Hà	0	3	0	0	0	3
15	Quảng Trị	8467	Cửa Việt	0	2	0	0	0	2
15	Quảng Trị	21411	Cam Lộ	0	1	0	0	0	1
15	Quảng Trị	21454	Cửa Tùng	0	2	1	0	0	3
16	Quảng Ninh	8297	Cẩm Phả	0	7	0	0	0	7
16	Quảng Ninh	8302	Quang Hanh	0	1	0	0	0	1
16	Quảng Ninh	8315	Mạo Khê	0	2	0	0	0	2
16	Quảng Ninh	8326	Bãi Cháy	0	192	0	0	0	192
16	Quảng Ninh	8328	Cao Xanh	0	14	0	0	0	14
16	Quảng Ninh	8333	Hà Lầm	0	9	0	0	0	9
16	Quảng Ninh	8336	Hà Tu	0	3	0	0	0	3
16	Quảng Ninh	8337	Hồng Gai	0	11	0	0	0	11
16	Quảng Ninh	8338	Hạ Long	0	10	0	0	0	10
16	Quảng Ninh	8342	Tuần Châu	0	16	0	0	0	16
16	Quảng Ninh	8343	Việt Hưng	0	1	0	0	0	1
16	Quảng Ninh	8363	Hải Hòa	0	1	0	0	0	1
16	Quảng Ninh	8373	Móng Cái 1	0	2	0	0	0	2
16	Quảng Ninh	8391	Yên Tử	0	1	0	0	0	1
16	Quảng Ninh	8393	Uông Bí	0	8	1	0	0	9
16	Quảng Ninh	8401	Vân Đồn	0	20	1	0	0	21
16	Quảng Ninh	8414	Hà An	0	17	0	0	0	17
16	Quảng Ninh	8423	Quảng Yên	0	1	0	0	0	1
16	Quảng Ninh	21204	Hoành Bồ	0	1	0	0	0	1
16	Quảng Ninh	21223	Cô Tô	0	3	0	0	0	3
16	Quảng Ninh	21233	Quảng Hà	0	1	0	0	0	1
16	Quảng Ninh	21238	Cái Chiên	0	1	0	0	0	1
17	Quảng Ngãi	5586	Sa Loong	0	1	0	0	0	1
17	Quảng Ngãi	8154	Mỏ Cày	0	2	0	0	0	2
17	Quảng Ngãi	8183	Nghĩa Lộ	0	2	0	0	0	2
17	Quảng Ngãi	8184	Cẩm Thành	0	5	0	0	0	5
17	Quảng Ngãi	8214	Ba Gia	0	0	1	0	0	1
17	Quảng Ngãi	8226	Thọ Phong	0	9	0	0	0	9
17	Quảng Ngãi	20860	Măng Đen	0	3	0	0	0	3
17	Quảng Ngãi	21471	Trương Quang Trọng	0	1	0	0	0	1
17	Quảng Ngãi	21480	Mộ Đức	0	1	0	0	0	1
21	Phú Thọ	1654	Bình Tuyền	0	3	0	0	0	3
21	Phú Thọ	1656	Bình Xuyên	0	6	0	0	0	6
21	Phú Thọ	1664	Xuân Lãng	0	1	0	0	0	1
21	Phú Thọ	1692	Tam Dương	0	5	0	0	0	5
21	Phú Thọ	1726	Vĩnh Phúc	0	25	0	0	0	25
21	Phú Thọ	1734	Vĩnh Yên	0	5	0	0	0	5
21	Phú Thọ	1754	Phúc Yên	0	2	0	0	0	2
21	Phú Thọ	1760	Xuân Hòa	0	40	0	0	0	40
21	Phú Thọ	1762	Đại Đình	0	1	0	0	0	1
21	Phú Thọ	4196	Kỳ Sơn	0	1	0	0	0	1
21	Phú Thọ	4198	Hòa Bình	0	1	0	0	0	1
21	Phú Thọ	4202	Tân Hòa	0	1	0	0	0	1
21	Phú Thọ	4207	Thống Nhất	0	2	0	0	0	2
21	Phú Thọ	4212	Cao Dương	0	15	0	0	0	15
21	Phú Thọ	4215	Mường Động	0	4	0	0	0	4
21	Phú Thọ	4218	Lương Sơn	0	23	0	0	0	23
21	Phú Thọ	4234	Nật Sơn	0	2	0	0	0	2
21	Phú Thọ	4283	An Bình	0	1	0	0	0	1
21	Phú Thọ	4284	An Nghĩa	0	11	0	0	0	11
21	Phú Thọ	4285	Lạc Thủy	0	2	0	0	0	2
21	Phú Thọ	4301	Liên Sơn	0	14	0	0	0	14
21	Phú Thọ	4337	Tân Lạc	0	1	0	0	0	1
21	Phú Thọ	4339	Mường Bi	0	1	0	0	0	1
21	Phú Thọ	4357	Yên Thủy	0	2	0	0	0	2
21	Phú Thọ	4360	Lạc Lương	0	1	0	0	0	1
21	Phú Thọ	4366	Yên Trị	0	3	0	0	0	3
21	Phú Thọ	4371	Mường Thàng	0	3	0	0	0	3
21	Phú Thọ	4381	Thung Nai	0	2	0	0	0	2
21	Phú Thọ	7374	Âu Cơ	0	10	0	0	0	10
21	Phú Thọ	7377	Phú Thọ	0	1	0	0	0	1
21	Phú Thọ	7390	Tam Nông	0	3	0	0	0	3
21	Phú Thọ	7430	Cự Đồng	0	0	1	0	0	1
21	Phú Thọ	7447	Văn Miếu	0	1	0	0	0	1
21	Phú Thọ	7453	Đào Xá	0	1	0	0	0	1
21	Phú Thọ	7464	Tu Vũ	0	5	0	0	0	5
21	Phú Thọ	7477	Nông Trang	0	4	1	0	0	5
21	Phú Thọ	7480	Việt Trì	0	6	0	0	0	6
21	Phú Thọ	7483	Thanh Miếu	0	2	0	0	0	2
21	Phú Thọ	7489	Vân Phú	0	1	0	0	0	1
21	Phú Thọ	7494	Minh Hòa	0	1	0	0	0	1
21	Phú Thọ	20983	Tam Đảo	0	7	0	0	0	7
21	Phú Thọ	21186	Cẩm Khê	0	2	0	0	0	2
21	Phú Thọ	21202	Thanh Thủy	0	4	1	0	0	5
21	Phú Thọ	21237	Đà Bắc	0	3	0	0	0	3
21	Phú Thọ	21269	Kim Bôi	0	2	0	0	0	2
21	Phú Thọ	21270	Hợp Kim	0	4	0	0	0	4
21	Phú Thọ	21412	Thịnh Minh	0	1	0	0	0	1
23	Ninh Bình	3589	Liêm Tuyền	0	1	0	0	0	1
23	Ninh Bình	3604	Duy Tiên	0	4	0	0	0	4
23	Ninh Bình	3606	Đồng Văn	0	8	0	0	0	8
23	Ninh Bình	3610	Duy Hà	0	2	0	0	0	2
23	Ninh Bình	3629	Lê Hồ	0	1	0	0	0	1
23	Ninh Bình	3630	Lý Thường Kiệt	0	1	0	0	0	1
23	Ninh Bình	3643	Bắc Lý	0	4	0	0	0	4
23	Ninh Bình	3670	Hà Nam	0	126	0	0	0	126
23	Ninh Bình	3676	Phù Vân	0	1	0	0	0	1
23	Ninh Bình	3699	Châu Sơn	0	3	0	0	0	3
23	Ninh Bình	6340	Giao Bình	0	3	0	0	0	3
23	Ninh Bình	6344	Giao Ninh	0	10	0	0	0	10
23	Ninh Bình	6346	Hải An	0	1	0	0	0	1
23	Ninh Bình	6377	Hải Xuân	0	11	0	0	0	11
23	Ninh Bình	6378	Hải Thịnh	0	9	0	0	0	9
23	Ninh Bình	6405	Nam Định	0	2	0	0	0	2
23	Ninh Bình	6412	Trường Thi	0	2	0	0	0	2
23	Ninh Bình	7058	Tây Hoa Lư	1	0	0	0	0	1
23	Ninh Bình	7062	Hoa Lư	30	2	0	0	0	32
23	Ninh Bình	7101	Gia Tường	1	0	0	0	0	1
23	Ninh Bình	7106	Phú Long	1	0	0	0	0	1
23	Ninh Bình	7109	Quỳnh Lưu	0	1	0	0	0	1
23	Ninh Bình	7127	Nam Hoa Lư	8	3	0	0	0	11
23	Ninh Bình	7128	Đông Hoa Lư	6	0	0	0	0	6
23	Ninh Bình	7135	Tam Điệp	1	0	0	0	0	1
23	Ninh Bình	7141	Trung Sơn	0	1	0	0	0	1
23	Ninh Bình	7150	Khánh Hội	0	1	0	0	0	1
23	Ninh Bình	7154	Khánh Nhạc	1	0	0	0	0	1
23	Ninh Bình	7158	Khánh Thiện	1	0	0	0	0	1
23	Ninh Bình	7161	Khánh Trung	0	0	1	0	0	1
23	Ninh Bình	7163	Yên Khánh	3	0	0	0	0	3
23	Ninh Bình	7178	Yên Thắng	3	0	0	0	0	3
23	Ninh Bình	7180	Yên Mô	1	0	0	0	0	1
23	Ninh Bình	7185	Gia Viễn	2	0	0	0	0	2
23	Ninh Bình	7186	Gia Hưng	1	0	0	0	0	1
23	Ninh Bình	7201	Gia Vân	1	0	0	0	0	1
23	Ninh Bình	21006	Nam Lý	0	1	0	0	0	1
23	Ninh Bình	21016	Tân Thanh	0	1	0	0	0	1
24	Nghệ An	6725	Kim Liên	0	1	0	0	0	1
24	Nghệ An	6755	Trung Lộc	0	2	0	0	0	2
24	Nghệ An	6970	Trường Vinh	0	15	1	0	0	16
24	Nghệ An	6971	Thành Vinh	0	15	2	0	0	17
24	Nghệ An	6974	Vinh Phú	0	5	0	0	0	5
24	Nghệ An	6978	Vinh Hưng	0	5	0	0	0	5
24	Nghệ An	6981	Vinh Lộc	0	2	0	0	0	2
24	Nghệ An	7037	Thái Hòa	0	1	0	0	0	1
24	Nghệ An	21121	Hưng Nguyên	0	2	0	0	0	2
27	Lào Cai	1605	Yên Bái	0	1	0	0	0	1
27	Lào Cai	1617	Văn Phú	0	2	0	0	0	2
27	Lào Cai	5694	Cam Đường	0	6	4	0	0	10
27	Lào Cai	5701	Lào Cai	0	1	1	0	0	2
27	Lào Cai	5734	Tả Phìn	0	3	0	0	0	3
27	Lào Cai	5735	Tả Van	0	3	0	0	0	3
28	Lạng Sơn	5961	Thiện Thuật	0	1	0	0	0	1
29	Lâm Đồng	2013	Hải Ninh	0	0	0	17	0	17
29	Lâm Đồng	2014	Hòa Thắng	0	4	0	158	0	162
29	Lâm Đồng	2016	Hồng Thái	0	2	0	42	0	44
29	Lâm Đồng	2017	Lương Sơn	0	1	0	49	0	50
29	Lâm Đồng	2022	Phan Sơn	0	0	0	15	0	15
29	Lâm Đồng	2026	Sông Lũy	0	1	0	52	0	53
29	Lâm Đồng	2027	Nam Thành	0	0	0	5	0	5
29	Lâm Đồng	2030	Hoài Đức	0	0	0	11	0	11
29	Lâm Đồng	2035	Trà Tân	0	3	0	11	0	14
29	Lâm Đồng	2036	Đức Linh	0	2	0	7	0	9
29	Lâm Đồng	2038	Sơn Mỹ	0	2	0	42	0	44
29	Lâm Đồng	2041	Hàm Tân	0	2	0	121	0	123
29	Lâm Đồng	2042	Tân Minh	0	2	0	39	0	41
29	Lâm Đồng	2048	Đông Giang	0	0	0	1	0	1
29	Lâm Đồng	2053	Hàm Liêm	0	1	0	85	0	86
29	Lâm Đồng	2054	Hàm Thuận Bắc	0	0	0	46	0	46
29	Lâm Đồng	2055	Hàm Thắng	0	2	0	105	0	107
29	Lâm Đồng	2062	Hàm Thuận	0	0	0	88	0	88
29	Lâm Đồng	2065	Hàm Kiệm	0	8	0	38	0	46
29	Lâm Đồng	2067	Tuyên Quang	0	1	0	39	0	40
29	Lâm Đồng	2068	Hàm Thạnh	0	0	0	16	0	16
29	Lâm Đồng	2071	Tân Lập	0	0	0	36	0	36
29	Lâm Đồng	2072	Tân Thành	0	1	0	45	0	46
29	Lâm Đồng	2074	Hàm Thuận Nam	0	0	0	24	0	24
29	Lâm Đồng	2083	Mũi Né	0	24	0	275	0	299
29	Lâm Đồng	2086	Bình Thuận	0	1	0	63	0	64
29	Lâm Đồng	2087	Phú Thủy	0	17	0	127	0	144
29	Lâm Đồng	2088	Phan Thiết	0	1	0	21	0	22
29	Lâm Đồng	2092	Tiến Thành	0	14	0	72	0	86
29	Lâm Đồng	2094	Phú Quý	0	3	0	0	0	3
29	Lâm Đồng	2098	Đồng Kho	0	0	0	4	0	4
29	Lâm Đồng	2107	Tánh Linh	0	1	0	7	0	8
29	Lâm Đồng	2109	Nghị Đức	0	0	0	1	0	1
29	Lâm Đồng	2110	Suối Kiết	0	0	0	12	0	12
29	Lâm Đồng	2115	Liên Hương	0	0	0	40	0	40
29	Lâm Đồng	2116	Tuy Phong	0	0	0	6	0	6
29	Lâm Đồng	2117	Phan Rí Cửa	0	2	0	16	0	18
29	Lâm Đồng	2121	Vĩnh Hảo	0	0	0	5	0	5
29	Lâm Đồng	2125	Phước Hội	0	2	0	51	0	53
29	Lâm Đồng	2126	La Gi	0	6	0	35	0	41
29	Lâm Đồng	2127	Tân Hải	0	7	0	33	0	40
29	Lâm Đồng	5785	Bảo Lâm 2	0	5	1	213	0	219
29	Lâm Đồng	5787	Bảo Lâm 5	0	1	0	12	0	13
29	Lâm Đồng	5792	Bảo Lâm 4	0	0	0	12	0	12
29	Lâm Đồng	5795	Bảo Lâm 3	0	5	3	120	0	128
29	Lâm Đồng	5797	B’Lao	0	2	3	41	0	46
29	Lâm Đồng	5805	3 Bảo Lộc	0	4	5	210	0	219
29	Lâm Đồng	5806	2 Bảo Lộc	0	11	3	476	1	491
29	Lâm Đồng	5810	Cát Tiên 3	0	0	0	8	0	8
29	Lâm Đồng	5822	Xuân Trường - Đà Lạt	0	4	1	281	1	287
29	Lâm Đồng	5826	Cam Ly - Đà Lạt	0	11	4	287	0	302
29	Lâm Đồng	5828	Lang Biang - Đà Lạt	0	16	3	366	1	386
29	Lâm Đồng	5830	Lâm Viên - Đà Lạt	0	22	11	592	0	625
29	Lâm Đồng	5841	Đạ Tẻh 2	0	0	0	15	0	15
29	Lâm Đồng	5842	Đạ Tẻh 3	0	0	1	17	0	18
29	Lâm Đồng	5844	Đạ Huoai 2	0	0	0	10	0	10
29	Lâm Đồng	5845	Đạ Huoai	0	1	2	27	0	30
29	Lâm Đồng	5848	Đạ Huoai 3	0	1	0	8	0	9
29	Lâm Đồng	5852	Bảo Thuận	0	3	0	30	0	33
29	Lâm Đồng	5859	Hòa Bắc	0	0	0	67	0	67
29	Lâm Đồng	5861	Hòa Ninh	0	2	0	219	0	221
29	Lâm Đồng	5865	Gia Hiệp	0	0	0	10	0	10
29	Lâm Đồng	5869	Đinh Trang Thượng	0	1	0	31	0	32
29	Lâm Đồng	5871	D’Ran	0	1	0	13	0	14
29	Lâm Đồng	5872	Ka Đô	0	1	0	4	0	5
29	Lâm Đồng	5877	Quảng Lập	0	0	1	3	0	4
29	Lâm Đồng	5878	Đơn Dương	0	1	0	76	0	77
29	Lâm Đồng	5884	Hiệp Thạnh	0	4	2	185	0	191
29	Lâm Đồng	5886	Đức Trọng	0	14	3	253	0	270
29	Lâm Đồng	5888	Ninh Gia	0	2	0	40	0	42
29	Lâm Đồng	5891	Tà Hine	0	0	0	23	0	23
29	Lâm Đồng	5892	Tà Năng	0	0	0	1	0	1
29	Lâm Đồng	5893	Tân Hội	0	0	0	84	0	84
29	Lâm Đồng	5895	Lạc Dương	0	1	0	58	0	59
29	Lâm Đồng	5902	Đinh Văn Lâm Hà	0	3	0	69	0	72
29	Lâm Đồng	5908	Nam Ban Lâm Hà	0	19	6	360	0	385
29	Lâm Đồng	5909	Nam Hà Lâm Hà	0	3	1	60	0	64
29	Lâm Đồng	5911	Phú Sơn Lâm Hà	0	1	0	19	0	20
29	Lâm Đồng	5912	Phúc Thọ Lâm Hà	0	2	2	63	0	67
29	Lâm Đồng	5913	Tân Hà Lâm Hà	0	2	1	70	0	73
29	Lâm Đồng	10844	Nam Gia Nghĩa	0	1	0	9	0	10
29	Lâm Đồng	10847	Đông Gia Nghĩa	0	0	0	11	0	11
29	Lâm Đồng	10850	Bắc Gia Nghĩa	0	0	0	22	0	22
29	Lâm Đồng	10863	Đắk Wil	0	0	0	1	0	1
29	Lâm Đồng	10865	Nam Dong	0	0	0	15	0	15
29	Lâm Đồng	10867	Cư Jút	0	0	0	16	0	16
29	Lâm Đồng	10872	Tà Đùng	0	2	0	2	0	4
29	Lâm Đồng	10877	Quảng Hòa	0	0	0	3	0	3
29	Lâm Đồng	10878	Quảng Khê	0	0	0	1	0	1
29	Lâm Đồng	10879	Quảng Sơn	0	0	0	4	0	4
29	Lâm Đồng	10883	Đắk Mil	0	0	0	38	0	38
29	Lâm Đồng	10887	Đắk Sắk	0	0	0	39	0	39
29	Lâm Đồng	10902	Đức Lập	0	0	0	7	0	7
29	Lâm Đồng	10903	Thuận An	0	0	0	2	0	2
29	Lâm Đồng	10910	Nhân Cơ	0	0	0	12	0	12
29	Lâm Đồng	10915	Quảng Tín	0	0	0	29	0	29
29	Lâm Đồng	10919	Kiến Đức	0	1	0	6	0	7
29	Lâm Đồng	10921	Đắk Song	0	0	0	3	0	3
29	Lâm Đồng	10938	Đức An	0	0	0	17	0	17
29	Lâm Đồng	10940	Thuận Hạnh	0	0	0	4	0	4
29	Lâm Đồng	10941	Trường Xuân	0	3	0	11	0	14
29	Lâm Đồng	10957	Nam Đà	0	0	0	7	0	7
29	Lâm Đồng	10959	Nâm Nung	0	0	0	5	0	5
29	Lâm Đồng	10962	Quảng Phú	0	0	0	1	0	1
29	Lâm Đồng	10967	Krông Nô	0	0	0	9	0	9
29	Lâm Đồng	10968	Tuy Đức	0	0	0	12	0	12
29	Lâm Đồng	10972	Quảng Tân	0	0	0	2	0	2
29	Lâm Đồng	10973	Quảng Trực	0	0	0	2	0	2
29	Lâm Đồng	20038	1 Bảo Lộc	0	4	1	129	0	134
29	Lâm Đồng	20536	Xuân Hương - Đà Lạt	0	62	22	849	1	934
29	Lâm Đồng	20537	Bảo Lâm 1	0	2	2	113	0	117
29	Lâm Đồng	20538	Cát Tiên	0	0	1	2	0	3
29	Lâm Đồng	20539	Cát Tiên 2	0	0	0	4	0	4
29	Lâm Đồng	20540	Di Linh	0	1	1	94	0	96
29	Lâm Đồng	20542	Đạ Tẻh	0	1	0	50	0	51
29	Lâm Đồng	20547	Đam Rông 4	0	0	0	1	0	1
29	Lâm Đồng	20548	Đam Rông 2	0	0	0	1	0	1
29	Lâm Đồng	20549	Đam Rông 1	0	0	0	1	0	1
29	Lâm Đồng	20744	Bắc Bình	0	2	0	27	0	29
29	Lâm Đồng	20748	Hồng Sơn	0	0	0	57	0	57
33	Khánh Hòa	3329	Cam Lâm	0	8	0	309	0	317
33	Khánh Hòa	3335	Cam An	0	5	0	132	0	137
33	Khánh Hòa	3338	Cam Hiệp	0	12	0	292	0	304
33	Khánh Hòa	5260	Nam Nha Trang	0	333	27	3270	0	3630
33	Khánh Hòa	5261	Nha Trang	0	120	12	1203	0	1335
33	Khánh Hòa	5267	Vạn Thắng	0	4	0	115	0	119
33	Khánh Hòa	5276	Bắc Nha Trang	0	201	13	2337	2	2553
33	Khánh Hòa	5280	Tây Nha Trang	0	109	16	1321	1	1447
33	Khánh Hòa	5283	Nam Khánh Vĩnh	0	0	0	11	0	11
33	Khánh Hòa	5286	Bắc Khánh Vĩnh	0	5	0	59	0	64
33	Khánh Hòa	5288	Tây Khánh Vĩnh	0	4	0	26	0	30
33	Khánh Hòa	5292	Trung Khánh Vĩnh	0	0	0	40	0	40
33	Khánh Hòa	5297	Diên Điền	0	14	3	153	0	170
33	Khánh Hòa	5299	Diên Lâm	0	2	0	66	0	68
33	Khánh Hòa	5302	Diên Thọ	0	5	0	174	0	179
33	Khánh Hòa	5305	Suối Hiệp	0	10	0	198	0	208
33	Khánh Hòa	5308	Tân Định	0	2	1	448	0	451
33	Khánh Hòa	5318	Hòa Thắng	0	5	0	202	0	207
33	Khánh Hòa	5319	Ninh Hòa	0	4	0	469	0	473
33	Khánh Hòa	5320	Đông Ninh Hòa	0	3	0	259	0	262
33	Khánh Hòa	5324	Nam Ninh Hòa	0	3	0	203	0	206
33	Khánh Hòa	5325	Tây Ninh Hòa	0	5	0	149	0	154
33	Khánh Hòa	5326	Hòa Trí	0	2	1	130	0	133
33	Khánh Hòa	5327	Bắc Ninh Hòa	0	2	0	455	0	457
33	Khánh Hòa	5334	Đông Khánh Sơn	0	1	0	4	0	5
33	Khánh Hòa	5339	Khánh Sơn	0	0	0	2	0	2
33	Khánh Hòa	5340	Ba Ngòi	0	3	0	24	0	27
33	Khánh Hòa	5344	Cam Linh	0	0	0	25	0	25
33	Khánh Hòa	5350	Cam Ranh	0	1	0	28	0	29
33	Khánh Hòa	5352	Bắc Cam Ranh	0	12	1	328	0	341
33	Khánh Hòa	5354	Nam Cam Ranh	0	1	0	49	0	50
33	Khánh Hòa	5358	Đại Lãnh	0	7	1	49	0	57
33	Khánh Hòa	5360	Vạn Ninh	0	6	4	86	0	96
33	Khánh Hòa	5361	Vạn Hưng	0	8	0	61	0	69
33	Khánh Hòa	5362	Tu Bông	0	4	0	66	0	70
33	Khánh Hòa	7225	Công Hải	0	2	0	5	0	7
33	Khánh Hòa	7227	Ninh Chử	0	6	0	16	0	22
33	Khánh Hòa	7228	Thuận Bắc	0	0	0	5	0	5
33	Khánh Hòa	7232	Ninh Hải	0	0	0	18	0	18
33	Khánh Hòa	7235	Vĩnh Hải	0	0	0	549	0	549
33	Khánh Hòa	7236	Xuân Hải	0	0	0	6	0	6
33	Khánh Hòa	7238	Ninh Phước	0	1	0	15	0	16
33	Khánh Hòa	7240	Phước Hậu	0	0	0	3	0	3
33	Khánh Hòa	7241	Phước Hữu	0	0	0	6	0	6
33	Khánh Hòa	7246	Anh Dũng	0	0	0	2	0	2
33	Khánh Hòa	7248	Lâm Sơn	0	0	0	2	0	2
33	Khánh Hòa	7250	Mỹ Sơn	0	1	0	8	0	9
33	Khánh Hòa	7253	Ninh Sơn	0	0	0	3	0	3
33	Khánh Hòa	7254	Bảo An	0	1	0	14	0	15
33	Khánh Hòa	7257	Đô Vinh	0	0	0	4	0	4
33	Khánh Hòa	7258	Đông Hải	0	18	0	60	0	78
33	Khánh Hòa	7259	Phan Rang	0	1	0	25	0	26
33	Khánh Hòa	20464	Suối Dầu	0	6	0	155	0	161
33	Khánh Hòa	20750	Bác Ái Tây	0	0	0	18	0	18
33	Khánh Hòa	20751	Bác Ái	0	1	1	11	0	13
33	Khánh Hòa	20755	Bác Ái Đông	0	0	0	1	0	1
33	Khánh Hòa	20761	Cà Ná	0	2	0	19	0	21
33	Khánh Hòa	20764	Phước Dinh	0	1	0	25	0	26
33	Khánh Hòa	20765	Phước Hà	0	0	0	32	0	32
33	Khánh Hòa	20767	Thuận Nam	0	1	0	7	0	8
33	Khánh Hòa	21461	Trường Sa	0	1	0	5	0	6
33	Khánh Hòa	21462	Khánh Vĩnh	0	7	0	111	0	118
33	Khánh Hòa	21464	Diên Khánh	0	28	1	423	0	452
33	Khánh Hòa	21467	Diên Lạc	0	10	1	171	0	182
34	Hưng Yên	5091	Phạm Ngũ Lão	0	1	0	0	0	1
34	Hưng Yên	5101	Nguyễn Trãi	0	2	0	0	0	2
34	Hưng Yên	5109	Xuân Trúc	0	3	0	0	0	3
34	Hưng Yên	5113	Hồng Châu	0	1	0	0	0	1
34	Hưng Yên	5115	Sơn Nam	0	1	0	0	0	1
34	Hưng Yên	5117	Phố Hiến	0	2	0	0	0	2
34	Hưng Yên	5122	Triệu Việt Vương	0	5	0	0	0	5
34	Hưng Yên	5145	Việt Tiến	0	1	0	0	0	1
34	Hưng Yên	5154	Tiên Hoa	0	1	0	0	0	1
34	Hưng Yên	5168	Mễ Sở	0	10	0	0	0	10
34	Hưng Yên	5169	Nghĩa Trụ	0	306	5	0	0	311
34	Hưng Yên	5170	Phụng Công	0	186	1	0	0	187
34	Hưng Yên	5175	Lạc Đạo	0	1	0	0	0	1
34	Hưng Yên	5178	Đại Đồng	0	1	0	0	0	1
34	Hưng Yên	5182	Như Quỳnh	0	23	0	0	0	23
34	Hưng Yên	5188	Hoàn Long	0	11	0	0	0	11
34	Hưng Yên	5189	Nguyễn Văn Linh	0	5	0	0	0	5
34	Hưng Yên	5196	Việt Yên	0	5	0	0	0	5
34	Hưng Yên	5206	Đức Hợp	0	1	0	0	0	1
34	Hưng Yên	5224	Mỹ Hào	0	18	0	0	0	18
34	Hưng Yên	5227	Thượng Hồng	0	10	0	0	0	10
34	Hưng Yên	5230	Đường Hào	0	5	0	0	0	5
34	Hưng Yên	5243	Quang Hưng	0	1	0	0	0	1
34	Hưng Yên	5245	Tiên Tiến	0	1	0	0	0	1
34	Hưng Yên	5247	Tống Trân	0	5	0	0	0	5
34	Hưng Yên	9630	Đông Hưng	0	3	0	0	0	3
34	Hưng Yên	9678	Long Hưng	0	1	0	0	0	1
34	Hưng Yên	9728	Trần Lãm	0	1	0	0	0	1
34	Hưng Yên	9764	Ngọc Lâm	0	1	0	0	0	1
34	Hưng Yên	9781	Thái Bình	0	4	0	0	0	4
34	Hưng Yên	9788	Vũ Phúc	0	2	0	0	0	2
34	Hưng Yên	9823	Thái Thụy	0	1	0	0	0	1
34	Hưng Yên	9835	Bắc Thụy Anh	0	1	0	0	0	1
34	Hưng Yên	9844	Đồng Châu	0	1	0	0	0	1
34	Hưng Yên	9863	Ái Quốc	0	3	0	0	0	3
34	Hưng Yên	9870	Tiền Hải	0	1	0	0	0	1
34	Hưng Yên	21018	Ân Thi	0	2	0	0	0	2
34	Hưng Yên	21019	Khoái Châu	0	2	0	0	0	2
34	Hưng Yên	21020	Lương Bằng	0	4	0	0	0	4
34	Hưng Yên	21025	Văn Giang	0	45	0	0	0	45
38	Hà Tĩnh	3948	Đức Đồng	0	0	1	0	0	1
38	Hà Tĩnh	3987	Trần Phú	0	1	0	0	0	1
38	Hà Tĩnh	3997	Hà Linh	0	1	0	0	0	1
38	Hà Tĩnh	4081	Cổ Đạm	0	1	0	0	0	1
38	Hà Tĩnh	21213	Đức Thọ	0	1	1	0	0	2
38	Hà Tĩnh	21254	Toàn Lưu	0	1	1	0	0	2
41	Gia Lai	2150	Bình Định	0	3	0	0	0	3
41	Gia Lai	2192	Hoài Nhơn	0	1	0	0	0	1
41	Gia Lai	2205	Xuân An	0	1	0	0	0	1
41	Gia Lai	2207	Đề Gi	0	2	0	0	0	2
41	Gia Lai	2211	Cát Tiến	0	3	0	0	0	3
41	Gia Lai	2235	Quy Nhơn Nam	0	16	0	0	0	16
41	Gia Lai	2244	Quy Nhơn Đông	0	8	0	0	0	8
41	Gia Lai	2247	Quy Nhơn Bắc	0	2	0	0	0	2
41	Gia Lai	2252	Quy Nhơn	0	14	0	0	0	14
41	Gia Lai	2286	Canh Vinh	0	7	0	0	0	7
41	Gia Lai	3397	Ia Pia	0	0	1	0	0	1
41	Gia Lai	3469	Ia Hrung	0	0	0	0	1	1
41	Gia Lai	3470	Ia Grai	0	0	1	0	0	1
41	Gia Lai	3490	An Phú	0	0	1	0	2	3
41	Gia Lai	3491	Biển Hồ	0	1	1	0	0	2
41	Gia Lai	3496	Diên Hồng	0	0	5	0	0	5
41	Gia Lai	3498	Gào	0	1	0	0	0	1
41	Gia Lai	3500	Hội Phú	0	3	0	0	0	3
41	Gia Lai	3501	Pleiku	0	0	2	0	2	4
41	Gia Lai	3507	Thống Nhất	0	0	5	0	0	5
41	Gia Lai	20093	Đak Đoa	0	1	1	0	0	2
41	Gia Lai	20898	Chư Pưh	0	0	2	0	0	2
41	Gia Lai	20919	Mang Yang	0	0	1	0	0	1
41	Gia Lai	20927	Ia Băng	0	0	1	0	0	1
41	Gia Lai	20935	Đak Pơ	0	1	0	0	0	1
41	Gia Lai	21443	Tuy Phước	0	3	0	0	0	3
42	Đồng Tháp	10310	Châu Thành	0	1	0	0	0	1
42	Đồng Tháp	10311	Long Định	0	1	0	0	0	1
42	Đồng Tháp	10312	Long Hưng	0	1	0	0	0	1
42	Đồng Tháp	10335	Mỹ Tịnh An	0	1	0	0	0	1
42	Đồng Tháp	10345	Sơn Qui	0	3	0	0	0	3
42	Đồng Tháp	10348	Gò Công	0	3	0	0	0	3
42	Đồng Tháp	10350	Long Thuận	0	1	0	0	0	1
42	Đồng Tháp	10360	Gia Thuận	0	3	0	0	0	3
42	Đồng Tháp	10363	Tân Điền	0	1	0	0	0	1
42	Đồng Tháp	10364	Tân Đông	0	1	0	0	0	1
42	Đồng Tháp	10371	Phú Thành	0	2	0	0	0	2
42	Đồng Tháp	10373	Đồng Sơn	0	1	0	0	0	1
42	Đồng Tháp	10381	Đạo Thạnh	0	3	0	0	0	3
42	Đồng Tháp	10382	Mỹ Phong	0	3	0	0	0	3
42	Đồng Tháp	10387	Trung An	0	2	0	0	0	2
42	Đồng Tháp	10397	Hưng Thạnh	0	1	0	0	0	1
42	Đồng Tháp	10913	Tân Phú Đông	0	1	0	0	0	1
42	Đồng Tháp	10918	Tân Thới	0	4	0	0	0	4
42	Đồng Tháp	10994	Mỹ Ngãi	0	0	1	0	0	1
42	Đồng Tháp	10998	Cao Lãnh	0	0	3	0	0	3
42	Đồng Tháp	11016	Tân Nhuận Đông	0	0	1	0	0	1
42	Đồng Tháp	11038	Hòa Long	0	0	1	0	0	1
42	Đồng Tháp	11042	Phong Hòa	0	0	1	0	0	1
42	Đồng Tháp	11055	Mỹ An Hưng	0	1	0	0	0	1
42	Đồng Tháp	11082	Bình Thành	0	0	1	0	0	1
42	Đồng Tháp	11092	Đốc Binh Kiều	0	0	1	0	0	1
42	Đồng Tháp	11097	Tháp Mười	0	0	1	0	0	1
42	Đồng Tháp	11108	Sa Đéc	0	1	2	0	0	3
42	Đồng Tháp	20579	Chợ Gạo	0	1	0	0	0	1
42	Đồng Tháp	20580	Tân Hòa	0	1	0	0	0	1
42	Đồng Tháp	20581	Vĩnh Bình	0	1	0	0	0	1
42	Đồng Tháp	20641	Lấp Vò	0	1	1	0	0	2
43	Đồng Nai	1116	Trấn Biên	0	67	63	2152	10	2292
43	Đồng Nai	1120	Long Bình	0	15	34	323	0	372
43	Đồng Nai	1124	Tam Hiệp	0	19	30	480	0	529
43	Đồng Nai	1132	Biên Hòa	0	46	48	1078	3	1175
43	Đồng Nai	1134	Trảng Dài	0	23	18	554	0	595
43	Đồng Nai	1137	La Ngà	0	8	4	132	0	144
43	Đồng Nai	1140	Phú Hòa	0	0	1	32	1	34
43	Đồng Nai	1144	Thống Nhất	0	2	0	49	0	51
43	Đồng Nai	1146	Thanh Sơn	0	1	0	3	0	4
43	Đồng Nai	1149	Bảo Vinh	0	4	7	60	0	71
43	Đồng Nai	1152	Bình Lộc	0	15	12	131	0	158
43	Đồng Nai	1153	Hàng Gòn	0	2	9	59	0	70
43	Đồng Nai	1155	Long Khánh	0	7	4	94	0	105
43	Đồng Nai	1158	Xuân Lập	0	2	2	43	0	47
43	Đồng Nai	1162	An Phước	0	29	8	923	0	960
43	Đồng Nai	1170	Phước Thái	0	7	1	161	0	169
43	Đồng Nai	1175	Đại Phước	0	48	12	874	1	935
43	Đồng Nai	1183	Phước An	0	51	13	730	1	795
43	Đồng Nai	1185	Nhơn Trạch	0	55	19	502	0	576
43	Đồng Nai	1187	Đak Lua	0	0	0	12	0	12
43	Đồng Nai	1188	Nam Cát Tiên	0	1	1	10	0	12
43	Đồng Nai	1191	Phú Lâm	0	0	0	3	0	3
43	Đồng Nai	1196	Tà Lài	0	0	0	14	0	14
43	Đồng Nai	1200	Gia Kiệm	0	2	0	48	0	50
43	Đồng Nai	1212	Phú Lý	0	0	1	19	0	20
43	Đồng Nai	1213	Tân An	0	1	0	89	0	90
43	Đồng Nai	1216	Trị An	0	3	8	58	0	69
43	Đồng Nai	1220	Xuân Lộc	0	6	4	154	0	164
43	Đồng Nai	1223	Xuân Bắc	0	0	0	28	0	28
43	Đồng Nai	1224	Xuân Định	0	3	0	29	0	32
43	Đồng Nai	1227	Xuân Đông	0	6	3	136	0	145
43	Đồng Nai	1228	Xuân Thành	0	1	1	80	0	82
43	Đồng Nai	1231	An Viễn	0	10	11	338	0	359
43	Đồng Nai	1233	Bình Minh	0	4	3	157	0	164
43	Đồng Nai	1238	Hố Nai	0	9	11	185	1	206
43	Đồng Nai	1239	Hưng Thịnh	0	3	2	137	0	142
43	Đồng Nai	1942	Bình Long	0	0	0	189	0	189
43	Đồng Nai	1945	Minh Đức	0	1	0	314	0	315
43	Đồng Nai	1947	Tân Hưng	0	0	0	388	0	388
43	Đồng Nai	1948	Tân Khai	0	2	0	65	0	67
43	Đồng Nai	1953	An Lộc	0	1	0	638	0	639
43	Đồng Nai	1955	Bình Tân	0	2	0	17	0	19
43	Đồng Nai	1957	Bù Gia Mập	0	0	0	1	0	1
43	Đồng Nai	1959	Đa Kia	0	0	0	1	0	1
43	Đồng Nai	1963	Long Hà	0	6	0	72	0	78
43	Đồng Nai	1966	Phú Nghĩa	0	0	0	7	0	7
43	Đồng Nai	1967	Phú Riềng	0	0	0	12	0	12
43	Đồng Nai	1968	Phú Trung	0	0	0	4	0	4
43	Đồng Nai	1970	Phước Bình	0	0	0	112	0	112
43	Đồng Nai	1976	Bom Bo	0	0	0	3	0	3
43	Đồng Nai	1977	Đak Nhau	0	0	0	3	0	3
43	Đồng Nai	1984	Bù Đăng	0	0	0	10	0	10
43	Đồng Nai	1986	Nghĩa Trung	0	0	0	4	0	4
43	Đồng Nai	1988	Phước Sơn	0	0	0	9	0	9
43	Đồng Nai	1989	Thọ Sơn	0	0	0	8	0	8
43	Đồng Nai	1991	Minh Hưng	0	20	0	354	0	374
43	Đồng Nai	1995	Chơn Thành	0	9	0	271	0	280
43	Đồng Nai	1996	Nha Bích	0	9	0	686	0	695
43	Đồng Nai	1998	Tân Quan	0	1	0	251	0	252
43	Đồng Nai	20002	Long Phước	0	10	5	475	0	490
43	Đồng Nai	20036	Tam Phước	0	2	5	263	0	270
43	Đồng Nai	20040	Phước Tân	0	17	14	174	0	205
43	Đồng Nai	20049	Bình Phước	0	14	0	217	0	231
43	Đồng Nai	20059	Trảng Bom	0	9	9	270	0	288
43	Đồng Nai	20061	Đồng Xoài	0	0	0	38	0	38
43	Đồng Nai	20065	Long Hưng	0	52	2	507	3	564
43	Đồng Nai	20086	Đồng Phú	0	3	0	439	0	442
43	Đồng Nai	20318	Cẩm Mỹ	0	3	0	72	0	75
43	Đồng Nai	20322	Sông Ray	0	2	3	79	0	84
43	Đồng Nai	20326	Xuân Đường	0	1	0	64	0	65
43	Đồng Nai	20328	Xuân Quế	0	0	1	78	0	79
43	Đồng Nai	20330	Phú Vinh	0	0	0	23	0	23
43	Đồng Nai	20331	Định Quán	0	6	7	135	0	148
43	Đồng Nai	20332	Long Thành	0	52	16	652	0	720
43	Đồng Nai	20333	Bình An	0	11	6	128	0	145
43	Đồng Nai	20334	Tân Phú	0	0	1	23	0	24
43	Đồng Nai	20340	Dầu Giây	0	4	5	356	0	365
43	Đồng Nai	20343	Bàu Hàm	0	2	3	70	0	75
43	Đồng Nai	20344	Tân Triều	0	64	50	1387	0	1501
43	Đồng Nai	20345	Xuân Phú	0	4	1	32	0	37
43	Đồng Nai	20347	Xuân Hòa	0	0	1	74	0	75
43	Đồng Nai	20501	Phước Long	0	1	0	13	0	14
43	Đồng Nai	20508	Tân Tiến	0	1	0	22	0	23
43	Đồng Nai	20509	Hưng Phước	0	6	0	1	0	7
43	Đồng Nai	20510	Thiện Hưng	0	0	0	4	0	4
43	Đồng Nai	20513	Đồng Tâm	0	6	0	189	0	195
43	Đồng Nai	20517	Tân Lợi	0	0	0	565	0	565
43	Đồng Nai	20519	Thuận Lợi	0	0	0	17	0	17
43	Đồng Nai	20521	Lộc Ninh	0	1	0	5	0	6
43	Đồng Nai	20525	Lộc Hưng	0	0	0	20	0	20
43	Đồng Nai	20528	Lộc Quang	0	1	0	21	0	22
43	Đồng Nai	20529	Lộc Tấn	0	0	0	9	0	9
43	Đồng Nai	20531	Lộc Thạnh	0	0	0	11	0	11
43	Đồng Nai	20532	Lộc Thành	0	1	0	0	0	1
44	Điện Biên	20112	Điện Biên Phủ	0	1	0	0	0	1
44	Điện Biên	20135	Mường Thanh	0	1	0	0	0	1
46	Đắk Lắk	7627	Tuy An Nam	0	2	0	0	0	2
46	Đắk Lắk	7628	Ô Loan	0	4	0	0	0	4
46	Đắk Lắk	7643	Bình Kiến	0	3	0	0	0	3
46	Đắk Lắk	7647	Phú Yên	0	3	0	0	0	3
46	Đắk Lắk	7649	Tuy Hòa	0	4	0	0	0	4
46	Đắk Lắk	7665	Hòa Hiệp	0	2	0	0	0	2
46	Đắk Lắk	10677	Ea Nuôl	0	0	4	0	0	4
46	Đắk Lắk	10679	Buôn Đôn	0	1	0	0	0	1
46	Đắk Lắk	10680	Buôn Ma Thuột	0	2	26	0	0	28
46	Đắk Lắk	10682	Ea Kao	0	3	5	0	0	8
46	Đắk Lắk	10685	Hòa Phú	0	1	3	0	0	4
46	Đắk Lắk	10690	Tân An	0	10	15	0	0	25
46	Đắk Lắk	10692	Tân Lập	0	2	13	0	0	15
46	Đắk Lắk	10698	Thành Nhất	0	3	5	0	0	8
46	Đắk Lắk	10703	Cuôr Đăng	0	1	0	0	0	1
46	Đắk Lắk	10706	Ea Kiết	0	1	2	1	2	6
46	Đắk Lắk	10709	Ea M’Droh	0	2	2	0	0	4
46	Đắk Lắk	10716	Quảng Phú	0	0	1	0	1	2
46	Đắk Lắk	10719	Ea Drăng	0	1	0	0	0	1
46	Đắk Lắk	10779	Pơng Drang	0	0	1	0	0	1
46	Đắk Lắk	10790	Phú Xuân	0	0	1	0	0	1
46	Đắk Lắk	10794	Ea Kly	0	1	0	0	0	1
46	Đắk Lắk	10795	Ea Knuếc	0	0	1	0	0	1
46	Đắk Lắk	10797	Ea Phê	0	0	1	0	0	1
46	Đắk Lắk	10803	Krông Pắc	0	0	2	0	0	2
46	Đắk Lắk	10816	Nam Ka	0	0	1	0	0	1
46	Đắk Lắk	10827	Ea Trang	0	1	0	0	0	1
46	Đắk Lắk	20008	Cư Bao	0	0	1	0	0	1
46	Đắk Lắk	20010	Ea Drông	0	0	0	1	0	1
46	Đắk Lắk	20805	Dray Bhăng	0	1	0	0	0	1
46	Đắk Lắk	20808	Ea Ktur	0	0	1	0	0	1
46	Đắk Lắk	20809	Ea Ning	0	1	0	0	0	1
46	Đắk Lắk	20832	Ea Kar	0	3	2	0	0	5
47	Cao Bằng	3060	Thục Phán	0	1	0	0	0	1
48	Cà Mau	2306	Bạc Liêu	0	1	0	0	0	1
48	Cà Mau	3156	Tân Thành	0	1	2	0	0	3
48	Cà Mau	3221	Đất Mới	0	0	1	0	0	1
54	Bắc Ninh	2381	Đa Mai	0	1	0	0	0	1
54	Bắc Ninh	2388	Bắc Giang	0	19	0	0	0	19
54	Bắc Ninh	2405	Hợp Thịnh	0	2	0	0	0	2
54	Bắc Ninh	2414	Hiệp Hòa	0	9	0	0	0	9
54	Bắc Ninh	2417	Xuân Cẩm	0	5	0	0	0	5
54	Bắc Ninh	2426	Mỹ Thái	0	1	0	0	0	1
54	Bắc Ninh	2429	Kép	0	1	0	0	0	1
54	Bắc Ninh	2431	Tân Dĩnh	0	1	0	0	0	1
54	Bắc Ninh	2437	Lạng Giang	0	1	0	0	0	1
54	Bắc Ninh	2441	Bắc Lũng	0	1	0	0	0	1
54	Bắc Ninh	2442	Bảo Đài	0	1	0	0	0	1
54	Bắc Ninh	2456	Lục Nam	0	1	0	0	0	1
54	Bắc Ninh	2469	Chũ	0	1	0	0	0	1
54	Bắc Ninh	2494	Tân Sơn	0	1	0	0	0	1
54	Bắc Ninh	2521	Tân Yên	0	1	0	0	0	1
54	Bắc Ninh	2533	Nhã Nam	0	2	0	0	0	2
54	Bắc Ninh	2535	Quang Trung	0	1	0	0	0	1
54	Bắc Ninh	2542	Việt Yên	0	9	0	0	0	9
54	Bắc Ninh	2548	Nếnh	0	12	0	0	0	12
54	Bắc Ninh	2557	Tự Lạn	0	3	0	0	0	3
54	Bắc Ninh	2558	Vân Hà	0	3	0	0	0	3
54	Bắc Ninh	2564	Đồng Việt	0	1	0	0	0	1
54	Bắc Ninh	2576	Yên Dũng	0	1	0	0	0	1
54	Bắc Ninh	2578	Tân Tiến	0	6	0	0	0	6
54	Bắc Ninh	2581	Tiền Phong	0	2	0	0	0	2
54	Bắc Ninh	2736	Kinh Bắc	0	8	0	0	0	8
54	Bắc Ninh	2737	Nam Sơn	0	6	0	0	0	6
54	Bắc Ninh	2746	Võ Cường	0	14	0	0	0	14
54	Bắc Ninh	2747	Vũ Ninh	0	2	0	0	0	2
54	Bắc Ninh	2753	Đông Cứu	0	2	0	0	0	2
54	Bắc Ninh	2756	Nhân Thắng	0	1	0	0	0	1
54	Bắc Ninh	2772	Lương Tài	0	2	1	0	0	3
54	Bắc Ninh	2773	Trung Chính	0	4	0	0	0	4
54	Bắc Ninh	2782	Đào Viên	0	3	1	0	0	4
54	Bắc Ninh	2789	Quế Võ	0	2	0	0	0	2
54	Bắc Ninh	2792	Phương Liễu	0	5	0	0	0	5
54	Bắc Ninh	2806	Mão Điền	0	1	0	0	0	1
54	Bắc Ninh	2810	Ninh Xá	0	6	0	0	0	6
54	Bắc Ninh	2811	Thuận Thành	0	10	0	0	0	10
54	Bắc Ninh	2812	Song Liễu	0	24	0	0	0	24
54	Bắc Ninh	2814	Trạm Lộ	0	2	0	0	0	2
54	Bắc Ninh	2815	Trí Quả	0	6	0	0	0	6
54	Bắc Ninh	2818	Đại Đồng	0	15	0	0	0	15
54	Bắc Ninh	2822	Liên Bão	0	1	0	0	0	1
54	Bắc Ninh	2823	Tiên Du	0	3	0	0	0	3
54	Bắc Ninh	2826	Phật Tích	0	2	0	0	0	2
54	Bắc Ninh	2833	Từ Sơn	0	83	0	0	0	83
54	Bắc Ninh	2834	Đồng Nguyên	0	14	1	0	0	15
54	Bắc Ninh	2838	Phù Khê	0	17	0	0	0	17
54	Bắc Ninh	2843	Yên Phong	0	9	0	0	0	9
54	Bắc Ninh	2850	Tam Đa	0	1	1	0	0	2
54	Bắc Ninh	2851	Tam Giang	0	6	0	0	0	6
54	Bắc Ninh	2856	Yên Trung	0	4	0	0	0	4
54	Bắc Ninh	20985	Gia Bình	0	7	0	0	0	7
59	An Giang	123	Vĩnh Hậu	0	0	1	0	0	1
59	An Giang	127	Châu Đốc	0	2	3	0	0	5
59	An Giang	1363	Mỹ Đức	0	1	0	0	0	1
59	An Giang	1366	Thạnh Mỹ Tây	0	0	1	0	0	1
59	An Giang	1367	Vĩnh Thạnh Trung	0	1	0	0	0	1
59	An Giang	1375	Vĩnh An	0	0	1	0	0	1
59	An Giang	1397	Bình Đức	0	0	1	0	0	1
59	An Giang	1407	Long Xuyên	0	7	2	0	0	9
59	An Giang	1437	Phú Hòa	0	0	2	0	0	2
59	An Giang	5407	Bình An	0	1	0	0	0	1
59	An Giang	5442	Hà Tiên	0	3	0	0	0	3
59	An Giang	5447	Tiên Hải	0	1	0	0	0	1
59	An Giang	5469	Phú Quốc	0	84	0	0	0	84
59	An Giang	5483	Rạch Giá	0	5	0	0	0	5
59	An Giang	20562	Tân An	0	0	1	0	0	1
59	An Giang	20566	Chợ Mới	0	0	1	0	0	1
60	Hải Phòng	4412	Thượng Hồng	0	1	0	0	0	1
60	Hải Phòng	4414	Kẻ Sặt	0	3	0	0	0	3
60	Hải Phòng	4422	Cẩm Giàng	0	1	0	0	0	1
60	Hải Phòng	4430	Việt Hòa	0	2	0	0	0	2
60	Hải Phòng	4442	Nguyễn Trãi	0	1	0	0	0	1
60	Hải Phòng	4471	Hồng An	0	3	1	0	0	4
60	Hải Phòng	4480	Thành Đông	0	1	0	0	0	1
60	Hải Phòng	4488	Tân Hưng	0	5	0	0	0	5
60	Hải Phòng	4492	Lưu Kiếm	0	5	0	0	0	5
60	Hải Phòng	4493	Lê Thanh Nghị	0	2	0	0	0	2
60	Hải Phòng	4499	Nam An Phụ	0	1	0	0	0	1
60	Hải Phòng	4503	An Thành	0	8	0	0	0	8
60	Hải Phòng	4585	Phú Thái	0	1	0	0	0	1
60	Hải Phòng	4610	Thanh Miện	0	4	0	0	0	4
60	Hải Phòng	4619	Bắc Thanh Miện	0	1	0	0	0	1
60	Hải Phòng	4646	Tứ Kỳ	0	1	0	0	0	1
60	Hải Phòng	4673	An Hưng	0	2	0	0	0	2
60	Hải Phòng	4675	An Quang	0	10	0	0	0	10
60	Hải Phòng	4679	An Khánh	0	4	0	0	0	4
60	Hải Phòng	4683	Nam Đồ Sơn	0	7	0	0	0	7
60	Hải Phòng	4684	Bạch Đằng	0	14	1	0	0	15
60	Hải Phòng	4686	Đồ Sơn	0	3	1	0	0	4
60	Hải Phòng	4690	Hồng Bàng	0	44	4	0	0	48
60	Hải Phòng	4704	Phù Liễn	0	1	0	0	0	1
60	Hải Phòng	4709	Kiến An	0	15	0	0	0	15
60	Hải Phòng	4713	Kiến Hải	0	5	0	0	0	5
60	Hải Phòng	4715	Nghi Dương	0	1	0	0	0	1
60	Hải Phòng	4718	Kiến Minh	0	6	0	0	0	6
60	Hải Phòng	4721	Kiến Thụy	0	1	0	0	0	1
60	Hải Phòng	4728	An Biên	0	41	4	0	0	45
60	Hải Phòng	4734	Lê Chân	0	55	1	0	0	56
60	Hải Phòng	4746	Gia Viên	0	59	5	0	0	64
60	Hải Phòng	4753	Ngô Quyền	0	18	0	0	0	18
60	Hải Phòng	4760	Thủy Nguyên	0	54	0	0	0	54
60	Hải Phòng	4763	Kim Thành	0	1	0	0	0	1
60	Hải Phòng	4764	Thiên Hương	0	22	0	0	0	22
60	Hải Phòng	4772	Nam Triệu	0	6	0	0	0	6
60	Hải Phòng	4782	Lê Ích Mộc	0	2	0	0	0	2
60	Hải Phòng	4792	Quyết Thắng	0	1	0	0	0	1
60	Hải Phòng	4798	Chấn Hưng	0	1	0	0	0	1
60	Hải Phòng	4804	Tiên Minh	0	3	0	0	0	3
60	Hải Phòng	4820	Vĩnh Am	0	1	1	0	0	2
60	Hải Phòng	4843	Cát Hải	0	8	1	0	0	9
60	Hải Phòng	20043	Đông Hải	0	12	3	0	0	15
60	Hải Phòng	20411	Hưng Đạo	0	11	0	0	0	11
60	Hải Phòng	20412	Dương Kinh	0	50	2	0	0	52
60	Hải Phòng	20416	Hải An	0	84	2	0	1	87
60	Hải Phòng	20424	An Hải	0	20	1	0	0	21
60	Hải Phòng	20425	An Phong	0	6	1	0	0	7
60	Hải Phòng	20436	An Dương	0	3	0	0	0	3
60	Hải Phòng	20439	An Lão	0	3	0	0	0	3
60	Hải Phòng	20441	An Trường	0	11	1	0	0	12
60	Hải Phòng	20446	Tiên Lãng	0	3	0	0	0	3
60	Hải Phòng	20449	Hòa Bình	0	12	0	0	0	12
60	Hải Phòng	21008	Hải Dương	0	2	0	0	0	2
60	Hải Phòng	21037	Nam Sách	0	1	0	0	0	1
61	Đà Nẵng	3522	Hải Châu	0	117	59	0	0	176
61	Đà Nẵng	3526	Hòa Cường	0	180	12	0	0	192
61	Đà Nẵng	3538	Hải Vân	0	213	9	0	1	223
61	Đà Nẵng	3539	Bà Nà	0	16	4	0	0	20
61	Đà Nẵng	3541	Hòa Vang	0	6	23	0	0	29
61	Đà Nẵng	3543	Hòa Xuân	0	177	162	0	1	340
61	Đà Nẵng	3544	Hòa Khánh	0	149	114	0	0	263
61	Đà Nẵng	3545	Hòa Tiến	0	15	37	0	0	52
61	Đà Nẵng	3549	Ngũ Hành Sơn	0	584	292	0	0	876
61	Đà Nẵng	3553	An Hải	0	244	78	0	0	322
61	Đà Nẵng	3556	Sơn Trà	0	84	71	0	0	155
61	Đà Nẵng	3560	An Khê	0	42	86	0	0	128
61	Đà Nẵng	3573	Cẩm Lệ	0	51	78	0	0	129
61	Đà Nẵng	7912	Đại Lộc	0	14	0	0	0	14
61	Đà Nẵng	7924	Điện Bàn Đông	0	80	0	0	0	80
61	Đà Nẵng	7929	Điện Bàn Tây	0	1	0	0	0	1
61	Đà Nẵng	7932	Điện Bàn Bắc	0	7	0	0	0	7
61	Đà Nẵng	7933	An Thắng	0	5	0	0	0	5
61	Đà Nẵng	7938	Điện Bàn	0	2	0	0	0	2
61	Đà Nẵng	7942	Duy Nghĩa	0	8	0	0	0	8
61	Đà Nẵng	7952	Nam Phước	0	3	0	0	0	3
61	Đà Nẵng	7967	Hội An Tây	0	32	0	0	0	32
61	Đà Nẵng	7968	Hội An	0	19	0	0	0	19
61	Đà Nẵng	7971	Hội An Đông	0	40	0	0	0	40
61	Đà Nẵng	7987	Tam Anh	0	1	0	0	0	1
61	Đà Nẵng	7989	Tam Hải	0	1	0	0	0	1
61	Đà Nẵng	8023	Quế Sơn	0	1	0	0	0	1
61	Đà Nẵng	8024	Xuân Phú	0	3	0	0	0	3
61	Đà Nẵng	8032	Hương Trà	0	1	0	0	0	1
61	Đà Nẵng	8036	Quảng Phú	0	1	0	0	0	1
61	Đà Nẵng	8037	Bàn Thạch	0	1	0	0	0	1
61	Đà Nẵng	8040	Tam Kỳ	0	1	0	0	0	1
61	Đà Nẵng	8046	Thăng An	0	12	0	0	0	12
61	Đà Nẵng	8054	Thăng Bình	0	2	0	0	0	2
61	Đà Nẵng	8057	Thăng Trường	0	4	0	0	0	4
61	Đà Nẵng	8061	Thăng Điền	0	1	0	0	0	1
61	Đà Nẵng	20405	Liên Chiểu	0	42	0	0	1	43
61	Đà Nẵng	20408	Thanh Khê	0	89	65	0	0	154
61	Đà Nẵng	20778	Sông Vàng	0	2	0	0	0	2
61	Đà Nẵng	20792	Núi Thành	0	8	0	0	0	8
62	Cần Thơ	3268	Phước Thới	0	0	6	0	0	6
62	Cần Thơ	3271	Thới Long	0	0	1	0	0	1
62	Cần Thơ	3274	Tân Lộc	0	0	1	0	0	1
62	Cần Thơ	3278	Thuận Hưng	0	1	2	0	0	3
62	Cần Thơ	3281	An Bình	0	13	21	0	0	34
62	Cần Thơ	3290	Tân An	0	16	56	0	1	73
62	Cần Thơ	3291	Ninh Kiều	0	8	14	0	0	22
62	Cần Thơ	3295	Hưng Phú	0	13	41	0	0	54
62	Cần Thơ	3297	Cái Răng	0	35	55	0	0	90
62	Cần Thơ	3302	Long Tuyền	0	0	3	0	0	3
62	Cần Thơ	3304	Thới An Đông	0	1	3	0	0	4
62	Cần Thơ	3311	Ô Môn	0	1	0	0	0	1
62	Cần Thơ	4878	Thạnh Hòa	0	1	0	0	0	1
62	Cần Thơ	4882	Vị Tân	0	5	0	0	0	5
62	Cần Thơ	4909	Thạnh Xuân	0	2	0	0	0	2
62	Cần Thơ	8632	Sóc Trăng	0	1	0	0	0	1
62	Cần Thơ	10839	An Ninh	0	1	0	0	0	1
62	Cần Thơ	10857	Cù Lao Dung	0	2	0	0	0	2
62	Cần Thơ	20062	Cái Khế	0	5	25	0	0	30
62	Cần Thơ	20066	Bình Thủy	0	3	19	0	0	22
62	Cần Thơ	20610	Ngã Bảy	0	1	0	0	0	1
63	TP. Hồ Chí Minh	146	Sài Gòn	0	259	72	0	10	341
63	TP. Hồ Chí Minh	149	Bến Thành	0	176	114	0	7	297
63	TP. Hồ Chí Minh	154	Cầu Ông Lãnh	0	120	72	0	4	196
63	TP. Hồ Chí Minh	157	Tân Định	0	141	60	0	10	211
63	TP. Hồ Chí Minh	158	An Khánh	0	1222	234	0	15	1471
63	TP. Hồ Chí Minh	163	Bình Trưng	0	242	75	0	8	325
63	TP. Hồ Chí Minh	165	Cát Lái	0	395	57	0	8	460
63	TP. Hồ Chí Minh	169	Bàn Cờ	0	131	90	92	5	318
63	TP. Hồ Chí Minh	177	Nhiêu Lộc	0	129	134	79	8	350
63	TP. Hồ Chí Minh	183	Vĩnh Hội	0	58	26	0	1	85
63	TP. Hồ Chí Minh	190	Khánh Hội	0	44	63	258	4	369
63	TP. Hồ Chí Minh	195	Xóm Chiếu	0	38	50	0	0	88
63	TP. Hồ Chí Minh	199	Chợ Quán	0	81	63	0	2	146
63	TP. Hồ Chí Minh	203	An Đông	0	55	36	84	3	178
63	TP. Hồ Chí Minh	209	Chợ Lớn	0	42	37	67	1	147
63	TP. Hồ Chí Minh	214	Bình Tiên	0	38	42	0	3	83
63	TP. Hồ Chí Minh	215	Bình Tây	0	27	14	342	1	384
63	TP. Hồ Chí Minh	222	Bình Phú	0	172	143	233	7	555
63	TP. Hồ Chí Minh	224	Phú Lâm	0	61	50	144	3	258
63	TP. Hồ Chí Minh	236	Phú Thuận	0	445	234	0	26	705
63	TP. Hồ Chí Minh	237	Tân Hưng	0	414	328	17	91	850
63	TP. Hồ Chí Minh	240	Tân Mỹ	0	521	97	0	136	754
63	TP. Hồ Chí Minh	242	Tân Thuận	0	195	172	0	0	367
63	TP. Hồ Chí Minh	247	Chánh Hưng	0	217	231	115	3	566
63	TP. Hồ Chí Minh	249	Bình Đông	0	225	159	0	2	386
63	TP. Hồ Chí Minh	257	Phú Định	0	85	46	0	0	131
63	TP. Hồ Chí Minh	261	Long Bình	0	459	120	0	0	579
63	TP. Hồ Chí Minh	262	Long Phước	0	107	55	57	4	223
63	TP. Hồ Chí Minh	264	Long Trường	0	431	93	0	4	528
63	TP. Hồ Chí Minh	267	Phước Long	0	257	157	0	6	420
63	TP. Hồ Chí Minh	270	Tăng Nhơn Phú	0	187	204	0	14	405
63	TP. Hồ Chí Minh	278	Diên Hồng	0	160	113	0	5	278
63	TP. Hồ Chí Minh	282	Vườn Lài	0	84	94	0	3	181
63	TP. Hồ Chí Minh	284	Hòa Hưng	0	243	193	0	8	444
63	TP. Hồ Chí Minh	288	Minh Phụng	0	20	13	0	1	34
63	TP. Hồ Chí Minh	290	Bình Thới	0	49	50	129	1	229
63	TP. Hồ Chí Minh	292	Hòa Bình	0	44	66	0	0	110
63	TP. Hồ Chí Minh	298	Phú Thọ	0	64	49	0	2	115
63	TP. Hồ Chí Minh	304	An Phú Đông	0	214	211	0	10	435
63	TP. Hồ Chí Minh	305	Đông Hưng Thuận	0	181	252	0	20	453
63	TP. Hồ Chí Minh	309	Tân Thới Hiệp	0	146	238	0	4	388
63	TP. Hồ Chí Minh	313	Thới An	0	178	248	0	10	436
63	TP. Hồ Chí Minh	314	Trung Mỹ Tây	0	147	177	0	6	330
63	TP. Hồ Chí Minh	327	Thủ Đức	0	191	117	0	3	311
63	TP. Hồ Chí Minh	328	Hiệp Bình	0	509	290	0	2	801
63	TP. Hồ Chí Minh	334	Linh Xuân	0	189	117	0	3	309
63	TP. Hồ Chí Minh	335	Tam Bình	0	155	104	0	3	262
63	TP. Hồ Chí Minh	338	An Lạc	0	357	338	0	4	699
63	TP. Hồ Chí Minh	339	Bình Hưng Hòa	0	361	416	0	6	783
63	TP. Hồ Chí Minh	341	Bình Tân	0	254	380	0	2	636
63	TP. Hồ Chí Minh	342	Bình Trị Đông	0	178	236	0	5	419
63	TP. Hồ Chí Minh	347	Hạnh Thông	0	84	105	0	4	193
63	TP. Hồ Chí Minh	352	An Nhơn	0	154	209	0	2	365
63	TP. Hồ Chí Minh	354	Thông Tây Hội	0	178	254	0	9	441
63	TP. Hồ Chí Minh	356	Gò Vấp	0	155	227	0	8	390
63	TP. Hồ Chí Minh	358	An Hội Tây	0	288	347	0	14	649
63	TP. Hồ Chí Minh	362	An Hội Đông	0	131	205	0	3	339
63	TP. Hồ Chí Minh	367	Phú Thạnh	0	180	255	0	8	443
63	TP. Hồ Chí Minh	368	Phú Thọ Hòa	0	313	347	0	7	667
63	TP. Hồ Chí Minh	369	Tân Phú	0	141	126	0	15	282
63	TP. Hồ Chí Minh	372	Tân Sơn Nhì	0	162	110	0	2	274
63	TP. Hồ Chí Minh	375	Tây Thạnh	0	121	174	1	3	299
63	TP. Hồ Chí Minh	376	Tân Sơn Hòa	0	278	208	0	10	496
63	TP. Hồ Chí Minh	379	Tân Sơn Nhất	0	138	106	0	8	252
63	TP. Hồ Chí Minh	381	Tân Hòa	0	103	82	0	4	189
63	TP. Hồ Chí Minh	385	Bảy Hiền	0	237	234	0	13	484
63	TP. Hồ Chí Minh	388	Tân Bình	0	206	196	1	18	421
63	TP. Hồ Chí Minh	390	Tân Sơn	0	130	166	0	6	302
63	TP. Hồ Chí Minh	391	Gia Định	0	211	150	0	12	373
63	TP. Hồ Chí Minh	395	Bình Lợi Trung	0	355	244	0	7	606
63	TP. Hồ Chí Minh	402	Bình Thạnh	0	241	218	0	1	460
63	TP. Hồ Chí Minh	415	Thạnh Mỹ Tây	0	462	269	0	17	748
63	TP. Hồ Chí Minh	417	Bình Quới	0	8	22	0	0	30
63	TP. Hồ Chí Minh	419	Cầu Kiệu	0	239	188	0	9	436
63	TP. Hồ Chí Minh	422	Đức Nhuận	0	189	164	0	1	354
63	TP. Hồ Chí Minh	426	Phú Nhuận	0	225	105	0	4	334
63	TP. Hồ Chí Minh	436	Bình Hưng	0	252	116	0	1	369
63	TP. Hồ Chí Minh	437	Bình Lợi	0	24	14	0	1	39
63	TP. Hồ Chí Minh	439	Hưng Long	0	25	24	0	0	49
63	TP. Hồ Chí Minh	445	Tân Nhựt	0	134	113	0	0	247
63	TP. Hồ Chí Minh	448	Vĩnh Lộc	0	19	63	0	0	82
63	TP. Hồ Chí Minh	449	Tân Vĩnh Lộc	0	44	49	0	0	93
63	TP. Hồ Chí Minh	450	An Nhơn Tây	0	13	15	0	0	28
63	TP. Hồ Chí Minh	452	Bình Mỹ	0	24	24	0	0	48
63	TP. Hồ Chí Minh	454	Nhuận Đức	0	10	8	0	0	18
63	TP. Hồ Chí Minh	456	Phú Hòa Đông	0	18	10	0	0	28
63	TP. Hồ Chí Minh	461	Tân An Hội	0	15	13	28	0	56
63	TP. Hồ Chí Minh	462	Củ Chi	0	67	70	0	0	137
63	TP. Hồ Chí Minh	466	Thái Mỹ	0	20	15	0	1	36
63	TP. Hồ Chí Minh	470	Hiệp Phước	0	99	49	0	0	148
63	TP. Hồ Chí Minh	476	An Thới Đông	0	2	2	257	0	261
63	TP. Hồ Chí Minh	477	Bình Khánh	0	9	1	0	0	10
63	TP. Hồ Chí Minh	478	Cần Giờ	0	43	9	0	0	52
63	TP. Hồ Chí Minh	483	Bà Điểm	0	35	145	0	1	181
63	TP. Hồ Chí Minh	492	Xuân Thới Sơn	0	40	73	0	3	116
63	TP. Hồ Chí Minh	502	Đông Thạnh	0	83	94	0	0	177
63	TP. Hồ Chí Minh	1254	Tây Nam	0	13	0	157	0	170
63	TP. Hồ Chí Minh	1259	Chánh Phú Hòa	0	25	0	0	0	25
63	TP. Hồ Chí Minh	1262	Hòa Lợi	0	28	0	0	0	28
63	TP. Hồ Chí Minh	1271	Phú An	0	19	0	0	0	19
63	TP. Hồ Chí Minh	1273	Bến Cát	0	33	0	0	0	33
63	TP. Hồ Chí Minh	1274	Thới Hòa	0	108	0	0	0	108
63	TP. Hồ Chí Minh	1280	Long Hòa	0	16	0	1	0	17
63	TP. Hồ Chí Minh	1282	Minh Thạnh	0	5	0	178	0	183
63	TP. Hồ Chí Minh	1285	Thanh An	0	2	0	0	0	2
63	TP. Hồ Chí Minh	1290	Đông Hòa	0	255	0	0	0	255
63	TP. Hồ Chí Minh	1293	Dĩ An	0	192	0	0	0	192
63	TP. Hồ Chí Minh	1294	Bình Cơ	0	20	0	0	0	20
63	TP. Hồ Chí Minh	1304	Tân Khánh	0	18	0	0	0	18
63	TP. Hồ Chí Minh	1305	Bắc Tân Uyên	0	6	0	102	0	108
63	TP. Hồ Chí Minh	1307	Tân Đông Hiệp	0	3	0	0	0	3
63	TP. Hồ Chí Minh	1310	Thường Tân	0	0	0	33	0	33
63	TP. Hồ Chí Minh	1312	Vĩnh Tân	0	162	0	0	0	162
63	TP. Hồ Chí Minh	1313	Chánh Hiệp	0	53	0	0	0	53
63	TP. Hồ Chí Minh	1319	Thủ Dầu Một	0	65	0	0	0	65
63	TP. Hồ Chí Minh	1321	Phú Lợi	0	114	0	0	0	114
63	TP. Hồ Chí Minh	1322	Bình Dương	0	218	0	54	0	272
63	TP. Hồ Chí Minh	1326	An Phú	0	94	0	0	0	94
63	TP. Hồ Chí Minh	1330	Bình Hòa	0	132	0	0	0	132
63	TP. Hồ Chí Minh	1332	Thuận An	0	64	0	0	0	64
63	TP. Hồ Chí Minh	1333	Lái Thiêu	0	169	0	0	0	169
63	TP. Hồ Chí Minh	1334	Thuận Giao	0	48	0	0	0	48
63	TP. Hồ Chí Minh	1338	An Long	0	33	0	0	0	33
63	TP. Hồ Chí Minh	1339	Phước Thành	0	30	0	0	0	30
63	TP. Hồ Chí Minh	1346	Phước Hòa	0	9	0	1	0	10
63	TP. Hồ Chí Minh	1348	Phú Giáo	0	10	0	0	0	10
63	TP. Hồ Chí Minh	1870	Long Hương	0	3	0	115	0	118
63	TP. Hồ Chí Minh	1876	Bà Rịa	4	10	0	256	0	270
63	TP. Hồ Chí Minh	1877	Châu Pha	3	7	0	348	0	358
63	TP. Hồ Chí Minh	1878	Tân Thành	5	29	0	423	0	457
63	TP. Hồ Chí Minh	1880	Phú Mỹ	4	37	0	359	0	400
63	TP. Hồ Chí Minh	1883	Tân Hải	2	5	0	173	0	180
63	TP. Hồ Chí Minh	1885	Tân Phước	2	4	0	124	0	130
63	TP. Hồ Chí Minh	1887	Long Sơn	1	2	0	15	0	18
63	TP. Hồ Chí Minh	1889	Rạch Dừa	49	53	0	257	0	359
63	TP. Hồ Chí Minh	1892	Vũng Tàu	539	86	0	771	0	1396
63	TP. Hồ Chí Minh	1898	Tam Thắng	295	58	0	691	0	1044
63	TP. Hồ Chí Minh	1902	Phước Thắng	25	18	0	115	0	158
63	TP. Hồ Chí Minh	1904	Bàu Lâm	0	1	0	151	0	152
63	TP. Hồ Chí Minh	1905	Bình Châu	0	2	0	105	0	107
63	TP. Hồ Chí Minh	1909	Hòa Hiệp	1	2	0	87	0	90
63	TP. Hồ Chí Minh	1910	Hòa Hội	3	8	0	197	0	208
63	TP. Hồ Chí Minh	1912	Hồ Tràm	9	16	0	564	0	589
63	TP. Hồ Chí Minh	1916	Xuyên Mộc	2	6	0	492	0	500
63	TP. Hồ Chí Minh	1933	Phước Hải	10	0	0	227	0	237
63	TP. Hồ Chí Minh	1936	Đất Đỏ	5	0	0	275	0	280
63	TP. Hồ Chí Minh	7858	Bình Giã	0	3	0	117	0	120
63	TP. Hồ Chí Minh	7860	Châu Đức	1	1	0	24	0	26
63	TP. Hồ Chí Minh	7869	Kim Long	0	11	0	193	0	204
63	TP. Hồ Chí Minh	7871	Ngãi Giao	0	24	0	301	0	325
63	TP. Hồ Chí Minh	7885	Xuân Sơn	1	2	0	102	0	105
63	TP. Hồ Chí Minh	20056	Tam Long	7	23	0	662	0	692
63	TP. Hồ Chí Minh	20064	Long Điền	2	15	0	470	0	487
63	TP. Hồ Chí Minh	20068	Trừ Văn Thố	0	0	0	434	0	434
63	TP. Hồ Chí Minh	20069	Long Hải	6	8	0	172	0	186
63	TP. Hồ Chí Minh	20071	Tân Uyên	0	13	0	1	0	14
63	TP. Hồ Chí Minh	20078	Long Nguyên	0	23	0	0	0	23
63	TP. Hồ Chí Minh	20081	Bàu Bàng	0	40	0	0	0	40
63	TP. Hồ Chí Minh	20085	Nghĩa Thành	1	19	0	396	0	416
63	TP. Hồ Chí Minh	20266	Xuân Hòa	0	185	86	1	5	277
63	TP. Hồ Chí Minh	20349	Bình Chánh	0	45	22	0	0	67
63	TP. Hồ Chí Minh	20351	Hóc Môn	0	54	74	0	0	128
63	TP. Hồ Chí Minh	20352	Nhà Bè	0	449	234	0	0	683
63	TP. Hồ Chí Minh	20460	Tân Hiệp	0	31	0	0	0	31
63	TP. Hồ Chí Minh	20463	Dầu Tiếng	0	12	0	0	0	12
63	TP. Hồ Chí Minh	21525	Tân Tạo	0	0	0	645	0	645
