province_id	province_name	ward_id	ward_name	total_uploaded
1	TP. Hà Nội	512	Từ Liêm	197
1	TP. Hà Nội	514	Đại Mỗ	726
1	TP. Hà Nội	515	Đông Ngạc	662
1	TP. Hà Nội	516	Tây Tựu	43
1	TP. Hà Nội	521	Phú Diễn	921
1	TP. Hà Nội	524	Tây Mỗ	787
1	TP. Hà Nội	527	Phú Thượng	17
1	TP. Hà Nội	532	Xuân Phương	348
1	TP. Hà Nội	545	Ngọc Hồi	39
1	TP. Hà Nội	554	Đại Thanh	97
1	TP. Hà Nội	557	Hoàng Liệt	528
1	TP. Hà Nội	559	Nam Phù	50
1	TP. Hà Nội	575	Nội Bài	38
1	TP. Hà Nội	580	Kim Anh	27
1	TP. Hà Nội	585	Trung Giã	13
1	TP. Hà Nội	623	Phúc Thịnh	109
1	TP. Hà Nội	624	Đông Anh	352
1	TP. Hà Nội	629	Vĩnh Thanh	34
1	TP. Hà Nội	637	Thư Lâm	31
1	TP. Hà Nội	644	Thiên Lộc	14
1	TP. Hà Nội	647	Bồ Đề	813
1	TP. Hà Nội	657	Phúc Lợi	315
1	TP. Hà Nội	658	Long Biên	50
1	TP. Hà Nội	665	Định Công	1370
1	TP. Hà Nội	670	Hoàng Mai	806
1	TP. Hà Nội	672	Tương Mai	371
1	TP. Hà Nội	674	Lĩnh Nam	167
1	TP. Hà Nội	680	Cầu Giấy	1514
1	TP. Hà Nội	683	Nghĩa Đô	302
1	TP. Hà Nội	686	Yên Hòa	370
1	TP. Hà Nội	688	Tây Hồ	290
1	TP. Hà Nội	697	Khương Đình	1127
1	TP. Hà Nội	698	Phương Liệt	94
1	TP. Hà Nội	703	Thanh Xuân	1670
1	TP. Hà Nội	704	Thanh Liệt	8
1	TP. Hà Nội	709	Bạch Mai	536
1	TP. Hà Nội	714	Hai Bà Trưng	59
1	TP. Hà Nội	726	Vĩnh Tuy	322
1	TP. Hà Nội	727	Ô Chợ Dừa	81
1	TP. Hà Nội	729	Văn Miếu - Quốc Tử Giám	80
1	TP. Hà Nội	731	Kim Liên	171
1	TP. Hà Nội	733	Láng	148
1	TP. Hà Nội	742	Đống Đa	762
1	TP. Hà Nội	752	Giảng Võ	270
1	TP. Hà Nội	759	Ba Đình	499
1	TP. Hà Nội	762	Ngọc Hà	122
1	TP. Hà Nội	763	Hồng Hà	595
1	TP. Hà Nội	768	Hoàn Kiếm	53
1	TP. Hà Nội	769	Cửa Nam	124
1	TP. Hà Nội	783	Yên Lãng	7
1	TP. Hà Nội	787	Thượng Cát	16
1	TP. Hà Nội	788	Mê Linh	56
1	TP. Hà Nội	793	Quang Minh	102
1	TP. Hà Nội	799	Tiến Thắng	3
1	TP. Hà Nội	806	Suối Hai	14
1	TP. Hà Nội	807	Ba Vì	14
1	TP. Hà Nội	809	Quảng Oai	4
1	TP. Hà Nội	812	Cổ Đô	66
1	TP. Hà Nội	816	Minh Châu	1
1	TP. Hà Nội	829	Bất Bạt	16
1	TP. Hà Nội	835	Vật Lại	0
1	TP. Hà Nội	836	Yên Bài	58
1	TP. Hà Nội	838	Chương Mỹ	122
1	TP. Hà Nội	839	Hòa Phú	0
1	TP. Hà Nội	855	Phú Nghĩa	19
1	TP. Hà Nội	857	Quảng Bị	6
1	TP. Hà Nội	865	Trần Phú	25
1	TP. Hà Nội	869	Xuân Mai	74
1	TP. Hà Nội	870	Đan Phượng	35
1	TP. Hà Nội	872	Ô Diên	27
1	TP. Hà Nội	878	Liên Minh	6
1	TP. Hà Nội	888	Dương Nội	676
1	TP. Hà Nội	890	Kiến Hưng	183
1	TP. Hà Nội	893	Yên Nghĩa	3
1	TP. Hà Nội	895	Phú Lương	33
1	TP. Hà Nội	897	Hà Đông	810
1	TP. Hà Nội	903	An Khánh	329
1	TP. Hà Nội	905	Dương Hòa	9
1	TP. Hà Nội	916	Sơn Đồng	96
1	TP. Hà Nội	919	Hoài Đức	333
1	TP. Hà Nội	928	Mỹ Đức	150
1	TP. Hà Nội	931	Hồng Sơn	70
1	TP. Hà Nội	935	Hương Sơn	31
1	TP. Hà Nội	939	Phúc Sơn	50
1	TP. Hà Nội	946	Hát Môn	13
1	TP. Hà Nội	968	Kiều Phú	9
1	TP. Hà Nội	969	Hưng Đạo	9
1	TP. Hà Nội	972	Yên Xuân	27
1	TP. Hà Nội	979	Phú Cát	218
1	TP. Hà Nội	990	Đoài Phương	161
1	TP. Hà Nội	992	Sơn Tây	8
1	TP. Hà Nội	1001	Tùng Thiện	31
1	TP. Hà Nội	1012	Hạ Bằng	99
1	TP. Hà Nội	1018	Tây Phương	3
1	TP. Hà Nội	1022	Hòa Lạc	89
1	TP. Hà Nội	1027	Bình Minh	114
1	TP. Hà Nội	1031	Dân Hòa	16
1	TP. Hà Nội	1039	Tam Hưng	38
1	TP. Hà Nội	1045	Thanh Oai	41
1	TP. Hà Nội	1047	Chương Dương	10
1	TP. Hà Nội	1053	Hồng Vân	18
1	TP. Hà Nội	1063	Thượng Phúc	10
1	TP. Hà Nội	1076	Ứng Hòa	117
1	TP. Hà Nội	1084	Hòa Xá	5
1	TP. Hà Nội	1089	Ứng Thiên	27
1	TP. Hà Nội	1097	Vân Đình	47
1	TP. Hà Nội	20029	Xuân Đỉnh	403
1	TP. Hà Nội	20037	Đại Xuyên	36
1	TP. Hà Nội	20354	Phù Đổng	47
1	TP. Hà Nội	20357	Gia Lâm	235
1	TP. Hà Nội	20359	Thuận An	16
1	TP. Hà Nội	20363	Bát Tràng	439
1	TP. Hà Nội	20370	Phú Xuyên	58
1	TP. Hà Nội	20374	Chuyên Mỹ	24
1	TP. Hà Nội	20387	Phượng Dực	7
1	TP. Hà Nội	20396	Phúc Thọ	11
1	TP. Hà Nội	20397	Phúc Lộc	5
1	TP. Hà Nội	20399	Quốc Oai	43
1	TP. Hà Nội	20400	Sóc Sơn	49
1	TP. Hà Nội	20401	Đa Phúc	9
1	TP. Hà Nội	20402	Thạch Thất	17
1	TP. Hà Nội	20403	Thường Tín	24
1	TP. Hà Nội	21504	Yên Sở	62
1	TP. Hà Nội	21526	Vĩnh Hưng	125
1	TP. Hà Nội	21540	Thanh Trì	6
1	TP. Hà Nội	21541	Việt Hưng	0
4	Vĩnh Long	1779	Đông Thành	8
4	Vĩnh Long	1780	Cái Vồn	54
4	Vĩnh Long	1781	Bình Minh	3
4	Vĩnh Long	1789	Long Hồ	8
4	Vĩnh Long	1791	Phú Quới	9
4	Vĩnh Long	1792	Phước Hậu	49
4	Vĩnh Long	1793	Tân Hạnh	20
4	Vĩnh Long	1794	Thanh Đức	21
4	Vĩnh Long	1797	Bình Phước	2
4	Vĩnh Long	1798	Cái Nhum	2
4	Vĩnh Long	1805	Nhơn Phú	3
4	Vĩnh Long	1808	Tân Long Hội	1
4	Vĩnh Long	1811	Hòa Hiệp	1
4	Vĩnh Long	1814	Ngãi Tứ	0
4	Vĩnh Long	1816	Cái Ngang	0
4	Vĩnh Long	1821	Song Phú	1
4	Vĩnh Long	1825	Hòa Bình	0
4	Vĩnh Long	1827	Lục Sĩ Thành	0
4	Vĩnh Long	1834	Trà Ôn	0
4	Vĩnh Long	1835	Trà Côn	1
4	Vĩnh Long	1836	Vĩnh Xuân	3
4	Vĩnh Long	1840	Tân Ngãi	8
4	Vĩnh Long	1841	Long Châu	33
4	Vĩnh Long	1851	Hiếu Phụng	1
4	Vĩnh Long	1852	Hiếu Thành	0
4	Vĩnh Long	1854	Quới An	1
4	Vĩnh Long	1855	Quới Thiện	0
4	Vĩnh Long	1861	Trung Hiệp	0
4	Vĩnh Long	1863	Trung Ngãi	0
4	Vĩnh Long	1865	Trung Thành	0
4	Vĩnh Long	2865	An Bình	1
4	Vĩnh Long	2867	An Hiệp	0
4	Vĩnh Long	2870	An Ngãi Trung	0
4	Vĩnh Long	2873	Bảo Thạnh	0
4	Vĩnh Long	2876	Mỹ Chánh Hòa	0
4	Vĩnh Long	2884	Tân Thủy	0
4	Vĩnh Long	2885	Tân Xuân	0
4	Vĩnh Long	2892	Phú Khương	17
4	Vĩnh Long	2894	Phú Tân	18
4	Vĩnh Long	2895	Sơn Đông	7
4	Vĩnh Long	2905	Châu Hưng	3
4	Vĩnh Long	2908	Lộc Thuận	2
4	Vĩnh Long	2912	Phú Thuận	0
4	Vĩnh Long	2915	Thạnh Phước	0
4	Vĩnh Long	2916	Thạnh Trị	1
4	Vĩnh Long	2918	Thới Thuận	0
4	Vĩnh Long	2927	Giao Long	11
4	Vĩnh Long	2937	Tân Phú	3
4	Vĩnh Long	2941	Tiên Thủy	3
4	Vĩnh Long	2944	Hưng Khánh Trung	2
4	Vĩnh Long	2946	Phú Phụng	2
4	Vĩnh Long	2952	Vĩnh Thành	3
4	Vĩnh Long	2957	Châu Hòa	0
4	Vĩnh Long	2960	Hưng Nhượng	1
4	Vĩnh Long	2962	Lương Hòa	3
4	Vĩnh Long	2963	Lương Phú	0
4	Vĩnh Long	2968	Phước Long	0
4	Vĩnh Long	2969	An Hội	8
4	Vĩnh Long	2970	Tân Hào	0
4	Vĩnh Long	2977	An Qui	0
4	Vĩnh Long	2981	Đại Điền	2
4	Vĩnh Long	2987	Quới Điền	0
4	Vĩnh Long	2989	Thạnh Hải	1
4	Vĩnh Long	2991	Thạnh Phong	0
4	Vĩnh Long	10417	An Trường	0
4	Vĩnh Long	10419	Bình Phú	3
4	Vĩnh Long	10420	Càng Long	0
4	Vĩnh Long	10426	Nhị Long	0
4	Vĩnh Long	10429	Tân An	0
4	Vĩnh Long	10431	An Phú Tân	1
4	Vĩnh Long	10437	Phong Thạnh	0
4	Vĩnh Long	10438	Tam Ngãi	0
4	Vĩnh Long	10446	Mỹ Long	0
4	Vĩnh Long	10449	Nhị Trường	0
4	Vĩnh Long	10453	Vinh Kim	0
4	Vĩnh Long	10454	Châu Thành	1
4	Vĩnh Long	10456	Hòa Minh	0
4	Vĩnh Long	10457	Hoà Thuận	3
4	Vĩnh Long	10458	Hưng Mỹ	3
4	Vĩnh Long	10459	Long Hòa	0
4	Vĩnh Long	10462	Nguyệt Hoá	10
4	Vĩnh Long	10464	Song Lộc	2
4	Vĩnh Long	10467	Đông Hải	0
4	Vĩnh Long	10469	Long Hữu	0
4	Vĩnh Long	10470	Long Thành	0
4	Vĩnh Long	10472	Long Vĩnh	1
4	Vĩnh Long	10473	Ngũ Lạc	2
4	Vĩnh Long	10474	Trường Long Hoà	0
4	Vĩnh Long	10478	Hùng Hoà	2
4	Vĩnh Long	10482	Tân Hoà	1
4	Vĩnh Long	10484	Tập Ngãi	1
4	Vĩnh Long	10486	Đại An	0
4	Vĩnh Long	10488	Đôn Châu	0
4	Vĩnh Long	10490	Hàm Giang	0
4	Vĩnh Long	10491	Long Hiệp	0
4	Vĩnh Long	10492	Lưu Nghiệp Anh	0
4	Vĩnh Long	10497	Tập Sơn	1
4	Vĩnh Long	10891	Mỹ Thuận	1
4	Vĩnh Long	10896	Tân Lược	0
4	Vĩnh Long	10897	Tân Quới	1
4	Vĩnh Long	10928	Nhuận Phú Tân	1
4	Vĩnh Long	10930	Phước Mỹ Trung	1
4	Vĩnh Long	10933	Tân Thành Bình	2
4	Vĩnh Long	10937	Bến Tre	8
4	Vĩnh Long	10942	An Định	1
4	Vĩnh Long	10953	Đồng Khởi	1
4	Vĩnh Long	10955	Hương Mỹ	1
4	Vĩnh Long	10965	Thành Thới	3
4	Vĩnh Long	20673	Ba Tri	0
4	Vĩnh Long	20675	Bình Đại	1
4	Vĩnh Long	20677	Chợ Lách	4
4	Vĩnh Long	20679	Giồng Trôm	0
4	Vĩnh Long	20680	Thạnh Phú	3
4	Vĩnh Long	20682	Mỏ Cày	9
4	Vĩnh Long	20698	Long Đức	6
4	Vĩnh Long	20699	Trà Vinh	6
4	Vĩnh Long	20709	Duyên Hải	0
4	Vĩnh Long	20712	Cầu Kè	0
4	Vĩnh Long	20713	Cầu Ngang	0
4	Vĩnh Long	20714	Hiệp Mỹ	2
4	Vĩnh Long	20716	Phú Túc	18
4	Vĩnh Long	20718	Tiểu Cần	0
4	Vĩnh Long	20722	Trà Cú	0
4	Vĩnh Long	20727	Tam Bình	9
5	Tuyên Quang	3711	Đường Hồng	0
5	Tuyên Quang	3712	Giáp Trung	0
5	Tuyên Quang	3714	Minh Ngọc	0
5	Tuyên Quang	3715	Minh Sơn	0
5	Tuyên Quang	3719	Yên Cường	0
5	Tuyên Quang	3722	Bắc Mê	0
5	Tuyên Quang	3723	Bằng Hành	0
5	Tuyên Quang	3724	Đồng Tâm	0
5	Tuyên Quang	3727	Đồng Yên	0
5	Tuyên Quang	3729	Hùng An	0
5	Tuyên Quang	3732	Liên Hiệp	0
5	Tuyên Quang	3735	Tân Quang	0
5	Tuyên Quang	3740	Bắc Quang	1
5	Tuyên Quang	3744	Vĩnh Tuy	0
5	Tuyên Quang	3747	Lũng Cú	1
5	Tuyên Quang	3748	Lũng Phìn	0
5	Tuyên Quang	3752	Phố Bảng	0
5	Tuyên Quang	3755	Sà Phìn	0
5	Tuyên Quang	3765	Ngọc Đường	0
5	Tuyên Quang	3766	Hà Giang 2	2
5	Tuyên Quang	3767	Hà Giang 1	0
5	Tuyên Quang	3773	Bản Máy	0
5	Tuyên Quang	3779	Hồ Thầu	0
5	Tuyên Quang	3780	Nậm Dịch	0
5	Tuyên Quang	3787	Pờ Ly Ngài	0
5	Tuyên Quang	3790	Tân Tiến	0
5	Tuyên Quang	3791	Thàng Tín	0
5	Tuyên Quang	3793	Thông Nguyên	0
5	Tuyên Quang	3796	Hoàng Su Phì	2
5	Tuyên Quang	3799	Khâu Vai	0
5	Tuyên Quang	3803	Niêm Sơn	0
5	Tuyên Quang	3807	Sơn Vĩ	0
5	Tuyên Quang	3808	Sủng Máng	0
5	Tuyên Quang	3811	Tát Ngà	0
5	Tuyên Quang	3815	Cán Tỷ	0
5	Tuyên Quang	3818	Lùng Tám	0
5	Tuyên Quang	3819	Nghĩa Thuận	0
5	Tuyên Quang	3820	Quản Bạ	0
5	Tuyên Quang	3826	Tùng Vài	0
5	Tuyên Quang	3827	Bạch Ngọc	0
5	Tuyên Quang	3828	Cao Bồ	0
5	Tuyên Quang	3832	Lao Chải	0
5	Tuyên Quang	3833	Linh Hồ	0
5	Tuyên Quang	3834	Minh Tân	0
5	Tuyên Quang	3839	Phú Linh	0
5	Tuyên Quang	3841	Việt Lâm	0
5	Tuyên Quang	3843	Thanh Thủy	0
5	Tuyên Quang	3844	Thuận Hòa	0
5	Tuyên Quang	3845	Thượng Sơn	0
5	Tuyên Quang	3847	Tùng Bá	0
5	Tuyên Quang	3856	Khuôn Lùng	0
5	Tuyên Quang	3858	Nấm Dẩn	0
5	Tuyên Quang	3862	Pà Vầy Sủ	0
5	Tuyên Quang	3863	Quảng Nguyên	0
5	Tuyên Quang	3867	Trung Thịnh	0
5	Tuyên Quang	3868	Bạch Đích	0
5	Tuyên Quang	3870	Du Già	0
5	Tuyên Quang	3872	Đường Thượng	0
5	Tuyên Quang	3876	Mậu Duệ	0
5	Tuyên Quang	3880	Ngọc Long	0
5	Tuyên Quang	3884	Thắng Mố	0
5	Tuyên Quang	10505	Bình An	0
5	Tuyên Quang	10513	Kiên Đài	0
5	Tuyên Quang	10514	Kim Bình	1
5	Tuyên Quang	10516	Minh Quang	0
5	Tuyên Quang	10522	Tân An	0
5	Tuyên Quang	10523	Tân Mỹ	0
5	Tuyên Quang	10524	Hòa An	0
5	Tuyên Quang	10526	Tri Phú	0
5	Tuyên Quang	10527	Trung Hà	0
5	Tuyên Quang	10529	Chiêm Hóa	0
5	Tuyên Quang	10532	Yên Lập	0
5	Tuyên Quang	10533	Yên Nguyên	0
5	Tuyên Quang	10534	Bạch Xa	0
5	Tuyên Quang	10536	Bình Xa	0
5	Tuyên Quang	10537	Thái Hòa	0
5	Tuyên Quang	10538	Hùng Đức	0
5	Tuyên Quang	10543	Phù Lưu	0
5	Tuyên Quang	10545	Hàm Yên	0
5	Tuyên Quang	10547	Thái Sơn	0
5	Tuyên Quang	10550	Yên Phú	0
5	Tuyên Quang	10552	Côn Lôn	0
5	Tuyên Quang	10554	Hồng Thái	0
5	Tuyên Quang	10565	Thượng Nông	0
5	Tuyên Quang	10572	Yên Hoa	0
5	Tuyên Quang	10575	Hồng Sơn	0
5	Tuyên Quang	10579	Đông Thọ	0
5	Tuyên Quang	10587	Minh Thanh	0
5	Tuyên Quang	10588	Sơn Thủy	0
5	Tuyên Quang	10589	Phú Lương	0
5	Tuyên Quang	10595	Tân Trào	0
5	Tuyên Quang	10598	Bình Ca	0
5	Tuyên Quang	10606	Minh Xuân	3
5	Tuyên Quang	10607	Nông Tiến	1
5	Tuyên Quang	10621	Hùng Lợi	0
5	Tuyên Quang	10622	Kiến Thiết	0
5	Tuyên Quang	10626	Lực Hành	0
5	Tuyên Quang	10630	Nhữ Khê	0
5	Tuyên Quang	10632	Thái Bình	0
5	Tuyên Quang	10636	Tân Long	0
5	Tuyên Quang	10645	Trung Sơn	0
5	Tuyên Quang	10648	Xuân Vân	0
5	Tuyên Quang	20789	An Tường	0
5	Tuyên Quang	20793	Bình Thuận	0
5	Tuyên Quang	20825	Mỹ Lâm	1
5	Tuyên Quang	20835	Lâm Bình	0
5	Tuyên Quang	20838	Thượng Lâm	0
5	Tuyên Quang	20842	Nà Hang	0
5	Tuyên Quang	20847	Tân Thanh	0
5	Tuyên Quang	20848	Trường Sinh	0
5	Tuyên Quang	20849	Sơn Dương	0
5	Tuyên Quang	20857	Yên Sơn	0
5	Tuyên Quang	21064	Đồng Văn	1
5	Tuyên Quang	21068	Mèo Vạc	0
5	Tuyên Quang	21070	Quang Bình	0
5	Tuyên Quang	21072	Bằng Lang	0
5	Tuyên Quang	21077	Tân Trịnh	0
5	Tuyên Quang	21078	Tiên Nguyên	0
5	Tuyên Quang	21079	Tiên Yên	0
5	Tuyên Quang	21081	Xuân Giang	0
5	Tuyên Quang	21084	Yên Thành	0
5	Tuyên Quang	21085	Vị Xuyên	1
5	Tuyên Quang	21086	Xín Mần	0
5	Tuyên Quang	21087	Yên Minh	0
8	TP Huế	10100	A Lưới 4	0
8	TP Huế	10110	A Lưới 1	0
8	TP Huế	10114	A Lưới 5	0
8	TP Huế	10115	Hóa Châu	0
8	TP Huế	10118	A Lưới 3	0
8	TP Huế	10119	An Cựu	32
8	TP Huế	10130	Thuận Hóa	24
8	TP Huế	10140	Thủy Xuân	28
8	TP Huế	10143	Vỹ Dạ	12
8	TP Huế	10146	Phú Bài	6
8	TP Huế	10150	Thanh Thủy	9
8	TP Huế	10151	Hương Thủy	1
8	TP Huế	10161	Hương An	3
8	TP Huế	10162	Bình Điền	0
8	TP Huế	10170	Kim Trà	3
8	TP Huế	10171	Hương Trà	1
8	TP Huế	10178	Khe Tre	0
8	TP Huế	10182	Long Quảng	0
8	TP Huế	10188	Phong Thái	0
8	TP Huế	10191	Phong Quảng	0
8	TP Huế	10193	Phong Dinh	0
8	TP Huế	10196	Phong Điền	1
8	TP Huế	10198	Chân Mây - Lăng Cô	1
8	TP Huế	10203	Hưng Lộc	0
8	TP Huế	10211	Vinh Lộc	0
8	TP Huế	10215	Phú Vang	2
8	TP Huế	10216	Phú Vinh	0
8	TP Huế	10217	Dương Nỗ	0
8	TP Huế	10221	Phong Phú	0
8	TP Huế	10223	Mỹ Thượng	1
8	TP Huế	10224	Phú Hồ	2
8	TP Huế	10225	Thuận An	0
8	TP Huế	10240	Quảng Điền	0
8	TP Huế	21289	Phú Xuân	1
8	TP Huế	21290	Kim Long	3
8	TP Huế	21293	A Lưới 2	0
8	TP Huế	21300	Nam Đông	0
8	TP Huế	21328	Lộc An	1
8	TP Huế	21331	Phú Lộc	0
8	TP Huế	21375	Đan Điền	0
9	Thanh Hóa	8990	Bá Thước	2
9	Thanh Hóa	8991	Cổ Lũng	1
9	Thanh Hóa	8993	Điền Lư	8
9	Thanh Hóa	8994	Điền Quang	2
9	Thanh Hóa	9003	Quý Lương	1
9	Thanh Hóa	9007	Pù Luông	4
9	Thanh Hóa	9009	Thiết Ống	2
9	Thanh Hóa	9010	Văn Nho	1
9	Thanh Hóa	9015	Bỉm Sơn	8
9	Thanh Hóa	9017	Quang Trung	14
9	Thanh Hóa	9030	Cẩm Tân	1
9	Thanh Hóa	9031	Cẩm Thạch	4
9	Thanh Hóa	9033	Cẩm Tú	5
9	Thanh Hóa	9034	Cẩm Vân	4
9	Thanh Hóa	9051	Đông Tiến	14
9	Thanh Hóa	9056	Đông Sơn	106
9	Thanh Hóa	9066	Tống Sơn	3
9	Thanh Hóa	9067	Hà Long	10
9	Thanh Hóa	9085	Đông Thành	1
9	Thanh Hóa	9088	Hoa Lộc	4
9	Thanh Hóa	9092	Vạn Lộc	4
9	Thanh Hóa	9102	Triệu Lộc	1
9	Thanh Hóa	9106	Hoằng Hóa	9
9	Thanh Hóa	9109	Hoằng Châu	2
9	Thanh Hóa	9116	Hoằng Giang	3
9	Thanh Hóa	9123	Hoằng Lộc	5
9	Thanh Hóa	9132	Hoằng Phú	2
9	Thanh Hóa	9138	Hoằng Sơn	1
9	Thanh Hóa	9143	Hoằng Thanh	14
9	Thanh Hóa	9145	Hoằng Tiến	22
9	Thanh Hóa	9154	Nguyệt Viên	13
9	Thanh Hóa	9155	Đồng Lương	0
9	Thanh Hóa	9156	Giao An	0
9	Thanh Hóa	9159	Linh Sơn	3
9	Thanh Hóa	9160	Văn Phú	0
9	Thanh Hóa	9163	Yên Khương	0
9	Thanh Hóa	9164	Yên Thắng	0
9	Thanh Hóa	9165	Mường Chanh	0
9	Thanh Hóa	9166	Mường Lý	0
9	Thanh Hóa	9167	Nhi Sơn	0
9	Thanh Hóa	9168	Pù Nhi	0
9	Thanh Hóa	9169	Quang Chiểu	0
9	Thanh Hóa	9170	Tam Chung	0
9	Thanh Hóa	9171	Mường Lát	0
9	Thanh Hóa	9172	Trung Lý	0
9	Thanh Hóa	9173	Ba Đình	6
9	Thanh Hóa	9174	Nga An	6
9	Thanh Hóa	9178	Hồ Vương	4
9	Thanh Hóa	9188	Nga Thắng	0
9	Thanh Hóa	9193	Tân Tiến	7
9	Thanh Hóa	9202	Kiên Thọ	6
9	Thanh Hóa	9205	Minh Sơn	13
9	Thanh Hóa	9208	Ngọc Lặc	22
9	Thanh Hóa	9209	Ngọc Liên	6
9	Thanh Hóa	9212	Nguyệt Ấn	12
9	Thanh Hóa	9217	Thạch Lập	14
9	Thanh Hóa	9220	Như Thanh	1
9	Thanh Hóa	9224	Mậu Lâm	1
9	Thanh Hóa	9228	Thanh Kỳ	1
9	Thanh Hóa	9230	Xuân Du	2
9	Thanh Hóa	9233	Xuân Thái	0
9	Thanh Hóa	9236	Yên Thọ	1
9	Thanh Hóa	9241	Hóa Quỳ	1
9	Thanh Hóa	9245	Thanh Phong	0
9	Thanh Hóa	9246	Thanh Quân	0
9	Thanh Hóa	9249	Thượng Ninh	0
9	Thanh Hóa	9250	Xuân Bình	1
9	Thanh Hóa	9253	Như Xuân	2
9	Thanh Hóa	9256	Công Chính	11
9	Thanh Hóa	9270	Thăng Bình	2
9	Thanh Hóa	9273	Trung Chính	2
9	Thanh Hóa	9274	Thắng Lợi	2
9	Thanh Hóa	9277	Trường Văn	10
9	Thanh Hóa	9280	Tượng Lĩnh	6
9	Thanh Hóa	9288	Hiền Kiệt	0
9	Thanh Hóa	9289	Hồi Xuân	0
9	Thanh Hóa	9292	Nam Xuân	0
9	Thanh Hóa	9293	Phú Lệ	0
9	Thanh Hóa	9297	Phú Xuân	0
9	Thanh Hóa	9300	Thiên Phủ	0
9	Thanh Hóa	9301	Trung Sơn	13
9	Thanh Hóa	9302	Trung Thành	0
9	Thanh Hóa	9304	Mường Mìn	0
9	Thanh Hóa	9305	Na Mèo	0
9	Thanh Hóa	9306	Sơn Điện	0
9	Thanh Hóa	9309	Sơn Thủy	0
9	Thanh Hóa	9310	Tam Lư	0
9	Thanh Hóa	9311	Tam Thanh	0
9	Thanh Hóa	9312	Trung Hạ	0
9	Thanh Hóa	9313	Quan Sơn	0
9	Thanh Hóa	9316	Quảng Bình	8
9	Thanh Hóa	9319	Quảng Chính	2
9	Thanh Hóa	9336	Quảng Ngọc	3
9	Thanh Hóa	9339	Quảng Ninh	7
9	Thanh Hóa	9341	Quảng Phú	88
9	Thanh Hóa	9353	Nam Sầm Sơn	24
9	Thanh Hóa	9355	Quảng Yên	9
9	Thanh Hóa	9356	Sầm Sơn	93
9	Thanh Hóa	9361	Kim Tân	6
9	Thanh Hóa	9362	Ngọc Trạo	6
9	Thanh Hóa	9363	Thạch Bình	23
9	Thanh Hóa	9369	Thạch Quảng	69
9	Thanh Hóa	9386	Thành Vinh	29
9	Thanh Hóa	9388	Vân Du	3
9	Thanh Hóa	9397	Hàm Rồng	36
9	Thanh Hóa	9401	Hạc Thành	405
9	Thanh Hóa	9403	Đông Quang	78
9	Thanh Hóa	9409	Lam Sơn	2
9	Thanh Hóa	9413	Sao Vàng	27
9	Thanh Hóa	9418	Thọ Lập	0
9	Thanh Hóa	9419	Thọ Long	2
9	Thanh Hóa	9428	Xuân Hòa	6
9	Thanh Hóa	9433	Xuân Lập	14
9	Thanh Hóa	9443	Xuân Tín	1
9	Thanh Hóa	9447	Bát Mọt	0
9	Thanh Hóa	9449	Luận Thành	0
9	Thanh Hóa	9450	Lương Sơn	2
9	Thanh Hóa	9452	Tân Thành	0
9	Thanh Hóa	9454	Vạn Xuân	0
9	Thanh Hóa	9457	Xuân Chinh	0
9	Thanh Hóa	9462	Thắng Lộc	0
9	Thanh Hóa	9465	Yên Nhân	0
9	Thanh Hóa	9468	Các Sơn	0
9	Thanh Hóa	9469	Hải Lĩnh	2
9	Thanh Hóa	9471	Hải Bình	3
9	Thanh Hóa	9474	Tĩnh Gia	3
9	Thanh Hóa	9483	Nghi Sơn	2
9	Thanh Hóa	9485	Đào Duy Từ	1
9	Thanh Hóa	9489	Tân Dân	0
9	Thanh Hóa	9491	Ngọc Sơn	2
9	Thanh Hóa	9495	Trúc Lâm	1
9	Thanh Hóa	9496	Trường Lâm	0
9	Thanh Hóa	9516	Thiệu Hóa	2
9	Thanh Hóa	9517	Thiệu Quang	1
9	Thanh Hóa	9522	Thiệu Tiến	2
9	Thanh Hóa	9523	Thiệu Toán	1
9	Thanh Hóa	9524	Thiệu Trung	1
9	Thanh Hóa	9530	An Nông	3
9	Thanh Hóa	9537	Đồng Tiến	1
9	Thanh Hóa	9542	Hợp Tiến	31
9	Thanh Hóa	9550	Thọ Bình	16
9	Thanh Hóa	9553	Thọ Ngọc	7
9	Thanh Hóa	9554	Thọ Phú	29
9	Thanh Hóa	9568	Biện Thượng	1
9	Thanh Hóa	9575	Tây Đô	6
9	Thanh Hóa	9581	Định Hòa	2
9	Thanh Hóa	9588	Định Tân	3
9	Thanh Hóa	9594	Yên Định	4
9	Thanh Hóa	9595	Quý Lộc	2
9	Thanh Hóa	9601	Yên Ninh	2
9	Thanh Hóa	9603	Yên Phú	0
9	Thanh Hóa	9609	Yên Trường	1
9	Thanh Hóa	21007	Cẩm Thủy	0
9	Thanh Hóa	21023	Hà Trung	5
9	Thanh Hóa	21026	Lĩnh Toại	1
9	Thanh Hóa	21027	Hoạt Giang	2
9	Thanh Hóa	21031	Hậu Lộc	1
9	Thanh Hóa	21035	Nga Sơn	20
9	Thanh Hóa	21039	Nông Cống	5
9	Thanh Hóa	21041	Lưu Vệ	13
9	Thanh Hóa	21042	Tiên Trang	3
9	Thanh Hóa	21052	Thọ Xuân	14
9	Thanh Hóa	21060	Thường Xuân	3
9	Thanh Hóa	21062	Triệu Sơn	19
9	Thanh Hóa	21063	Tân Ninh	6
9	Thanh Hóa	21065	Vĩnh Lộc	0
10	Thái Nguyên	2614	Ba Bể	1
10	Thái Nguyên	2616	Chợ Rã	0
10	Thái Nguyên	2619	Đồng Phúc	0
10	Thái Nguyên	2625	Phúc Lộc	0
10	Thái Nguyên	2628	Thượng Minh	0
10	Thái Nguyên	2629	Phong Quang	0
10	Thái Nguyên	2634	Bắc Kạn	1
10	Thái Nguyên	2636	Cẩm Giàng	0
10	Thái Nguyên	2639	Bạch Thông	0
10	Thái Nguyên	2644	Phủ Thông	0
10	Thái Nguyên	2648	Vĩnh Thông	0
10	Thái Nguyên	2655	Chợ Đồn	0
10	Thái Nguyên	2662	Nam Cường	0
10	Thái Nguyên	2663	Nghĩa Tá	0
10	Thái Nguyên	2667	Quảng Bạch	0
10	Thái Nguyên	2671	Yên Phong	0
10	Thái Nguyên	2672	Yên Thịnh	0
10	Thái Nguyên	2682	Tân Kỳ	0
10	Thái Nguyên	2684	Thanh Mai	0
10	Thái Nguyên	2686	Yên Bình	0
10	Thái Nguyên	2689	Văn Lang	0
10	Thái Nguyên	2690	Côn Minh	0
10	Thái Nguyên	2692	Cường Lợi	0
10	Thái Nguyên	2696	Trần Phú	0
10	Thái Nguyên	2709	Xuân Dương	0
10	Thái Nguyên	2710	Na Rì	0
10	Thái Nguyên	2711	Bằng Vân	0
10	Thái Nguyên	2714	Hiệp Lực	0
10	Thái Nguyên	2718	Thượng Quan	0
10	Thái Nguyên	2720	Ngân Sơn	0
10	Thái Nguyên	7688	Cao Minh	0
10	Thái Nguyên	7699	Nghiên Loan	0
10	Thái Nguyên	9909	An Khánh	0
10	Thái Nguyên	9911	Đại Từ	2
10	Thái Nguyên	9914	Đức Lương	1
10	Thái Nguyên	9917	Đại Phúc	1
10	Thái Nguyên	9920	La Bằng	0
10	Thái Nguyên	9926	Phú Lạc	0
10	Thái Nguyên	9927	Phú Thịnh	0
10	Thái Nguyên	9928	Phú Xuyên	0
10	Thái Nguyên	9931	Quân Chu	0
10	Thái Nguyên	9936	Vạn Phú	0
10	Thái Nguyên	9940	Bình Thành	0
10	Thái Nguyên	9941	Bình Yên	0
10	Thái Nguyên	9943	Định Hóa	0
10	Thái Nguyên	9947	Kim Phượng	0
10	Thái Nguyên	9949	Lam Vỹ	0
10	Thái Nguyên	9951	Phú Đình	0
10	Thái Nguyên	9954	Phượng Tiến	0
10	Thái Nguyên	9960	Trung Hội	0
10	Thái Nguyên	9966	Đồng Hỷ	0
10	Thái Nguyên	9974	Nam Hòa	0
10	Thái Nguyên	9975	Quang Sơn	0
10	Thái Nguyên	9979	Trại Cau	0
10	Thái Nguyên	9980	Văn Hán	2
10	Thái Nguyên	9981	Văn Lăng	1
10	Thái Nguyên	9982	Phổ Yên	22
10	Thái Nguyên	9989	Vạn Xuân	89
10	Thái Nguyên	9992	Phúc Thuận	3
10	Thái Nguyên	9995	Thành Công	2
10	Thái Nguyên	9998	Trung Thành	3
10	Thái Nguyên	10003	Điềm Thụy	5
10	Thái Nguyên	10007	Phú Bình	2
10	Thái Nguyên	10008	Kha Sơn	1
10	Thái Nguyên	10014	Tân Khánh	0
10	Thái Nguyên	10016	Tân Thành	0
10	Thái Nguyên	10023	Phú Lương	0
10	Thái Nguyên	10025	Hợp Thành	0
10	Thái Nguyên	10032	Vô Tranh	0
10	Thái Nguyên	10036	Yên Trạch	0
10	Thái Nguyên	10037	Bá Xuyên	0
10	Thái Nguyên	10040	Bách Quang	1
10	Thái Nguyên	10044	Sông Công	3
10	Thái Nguyên	10050	Gia Sàng	2
10	Thái Nguyên	10054	Phan Đình Phùng	19
10	Thái Nguyên	10059	Quan Triều	0
10	Thái Nguyên	10062	Quyết Thắng	51
10	Thái Nguyên	10063	Tân Cương	1
10	Thái Nguyên	10070	Tích Lương	0
10	Thái Nguyên	10076	Dân Tiến	0
10	Thái Nguyên	10077	Võ Nhai	0
10	Thái Nguyên	10078	La Hiên	0
10	Thái Nguyên	10081	Nghinh Tường	0
10	Thái Nguyên	10084	Sảng Mộc	0
10	Thái Nguyên	10085	Thần Sa	0
10	Thái Nguyên	10087	Tràng Xá	0
10	Thái Nguyên	21088	Đức Xuân	0
10	Thái Nguyên	21089	Chợ Mới	0
10	Thái Nguyên	21090	Thanh Thịnh	0
10	Thái Nguyên	21091	Nà Phặc	0
10	Thái Nguyên	21093	Bằng Thành	0
10	Thái Nguyên	21179	Linh Sơn	2
12	Tây Ninh	6139	Bình Đức	19
12	Tây Ninh	6142	Lương Hòa	54
12	Tây Ninh	6143	Mỹ Yên	47
12	Tây Ninh	6150	Thạnh Lợi	29
12	Tây Ninh	6152	Long Cang	24
12	Tây Ninh	6156	Long Hựu	0
12	Tây Ninh	6159	Rạch Kiến	46
12	Tây Ninh	6160	Mỹ Lệ	24
12	Tây Ninh	6166	Tân Lân	27
12	Tây Ninh	6173	Mỹ Lộc	19
12	Tây Ninh	6177	Phước Lý	38
12	Tây Ninh	6179	Phước Vĩnh Tây	2
12	Tây Ninh	6181	Tân Tập	22
12	Tây Ninh	6184	An Lục Long	5
12	Tây Ninh	6192	Tầm Vu	5
12	Tây Ninh	6195	Thuận Mỹ	8
12	Tây Ninh	6196	Vĩnh Công	6
12	Tây Ninh	6197	An Ninh	6
12	Tây Ninh	6202	Đức Lập	53
12	Tây Ninh	6204	Hậu Nghĩa	49
12	Tây Ninh	6205	Hiệp Hòa	6
12	Tây Ninh	6208	Hòa Khánh	20
12	Tây Ninh	6212	Mỹ Hạnh	144
12	Tây Ninh	6215	Đức Huệ	8
12	Tây Ninh	6219	Đông Thành	10
12	Tây Ninh	6221	Mỹ Quý	2
12	Tây Ninh	6226	Bình Hiệp	8
12	Tây Ninh	6232	Bình Hòa	1
12	Tây Ninh	6234	Mộc Hóa	0
12	Tây Ninh	6237	Tuyên Thạnh	2
12	Tây Ninh	6239	Tân An	7
12	Tây Ninh	6241	Khánh Hậu	3
12	Tây Ninh	6251	Hưng Điền	0
12	Tây Ninh	6255	Vĩnh Thạnh	0
12	Tây Ninh	6256	Vĩnh Châu	0
12	Tây Ninh	6262	Hậu Thạnh	0
12	Tây Ninh	6266	Nhơn Hòa Lập	0
12	Tây Ninh	6267	Nhơn Ninh	0
12	Tây Ninh	6282	Vàm Cỏ	5
12	Tây Ninh	6284	Bình Thành	1
12	Tây Ninh	6285	Tân Tây	4
12	Tây Ninh	6288	Thạnh Phước	2
12	Tây Ninh	6297	Mỹ An	3
12	Tây Ninh	6300	Mỹ Thạnh	10
12	Tây Ninh	6302	Tân Long	0
12	Tây Ninh	6305	Khánh Hưng	0
12	Tây Ninh	6308	Tuyên Bình	0
12	Tây Ninh	8879	Long Chữ	3
12	Tây Ninh	8883	Long Thuận	2
12	Tây Ninh	8889	Hảo Đước	2
12	Tây Ninh	8890	Hòa Hội	1
12	Tây Ninh	8892	Trà Vong	1
12	Tây Ninh	8893	Ninh Điền	5
12	Tây Ninh	8894	Phước Vinh	1
12	Tây Ninh	8896	Thanh Điền	0
12	Tây Ninh	8901	Cầu Khởi	11
12	Tây Ninh	8903	Lộc Ninh	3
12	Tây Ninh	8908	Truông Mít	3
12	Tây Ninh	8913	Phước Thạnh	29
12	Tây Ninh	8915	Thạnh Đức	10
12	Tây Ninh	8919	Hòa Thành	2
12	Tây Ninh	8926	Tân Lập	0
12	Tây Ninh	8929	Thạnh Bình	3
12	Tây Ninh	8934	Tân Đông	2
12	Tây Ninh	8937	Tân Hòa	1
12	Tây Ninh	8938	Tân Hội	0
12	Tây Ninh	8939	Tân Phú	5
12	Tây Ninh	8941	Tân Thành	1
12	Tây Ninh	8943	Bình Minh	17
12	Tây Ninh	8946	Ninh Thạnh	10
12	Tây Ninh	8953	An Tịnh	97
12	Tây Ninh	8957	Gia Lộc	31
12	Tây Ninh	8959	Phước Chỉ	0
12	Tây Ninh	20046	Thủ Thừa	36
12	Tây Ninh	20475	Long An	36
12	Tây Ninh	20477	Kiến Tường	1
12	Tây Ninh	20480	Bến Lức	97
12	Tây Ninh	20481	Cần Giuộc	72
12	Tây Ninh	20482	Cần Đước	19
12	Tây Ninh	20483	Tân Trụ	18
12	Tây Ninh	20484	Nhựt Tảo	14
12	Tây Ninh	20485	Đức Hòa	111
12	Tây Ninh	20487	Thạnh Hóa	3
12	Tây Ninh	20488	Tân Thạnh	5
12	Tây Ninh	20489	Vĩnh Hưng	0
12	Tây Ninh	20490	Tân Hưng	2
12	Tây Ninh	20730	Tân Ninh	15
12	Tây Ninh	20731	Long Hoa	11
12	Tây Ninh	20734	Trảng Bàng	55
12	Tây Ninh	20735	Hưng Thuận	15
12	Tây Ninh	20736	Bến Cầu	3
12	Tây Ninh	20737	Châu Thành	4
12	Tây Ninh	20738	Dương Minh Châu	9
12	Tây Ninh	20739	Gò Dầu	13
12	Tây Ninh	20740	Tân Biên	5
12	Tây Ninh	20741	Tân Châu	3
13	Sơn La	8664	Chiềng Sại	0
13	Sơn La	8672	Pắc Ngà	0
13	Sơn La	8676	Tạ Khoa	0
13	Sơn La	8677	Tà Xùa	1
13	Sơn La	8678	Xím Vàng	0
13	Sơn La	8681	Đoàn Kết	0
13	Sơn La	8685	Chiềng Mai	0
13	Sơn La	8686	Chiềng Mung	0
13	Sơn La	8688	Chiềng Sung	0
13	Sơn La	8694	Mường Chanh	0
13	Sơn La	8697	Phiêng Cằm	0
13	Sơn La	8698	Phiêng Pằn	0
13	Sơn La	8699	Tà Hộc	0
13	Sơn La	8703	Chiềng Sơn	0
13	Sơn La	8706	Mộc Sơn	0
13	Sơn La	8710	Lóng Sập	0
13	Sơn La	8712	Mộc Châu	1
13	Sơn La	8715	Thảo Nguyên	1
13	Sơn La	8719	Song Khủa	0
13	Sơn La	8721	Vân Sơn	0
13	Sơn La	8722	Tân Yên	0
13	Sơn La	8725	Tô Múa	0
13	Sơn La	8726	Vân Hồ	2
13	Sơn La	8727	Xuân Nha	0
13	Sơn La	8730	Chiềng Hoa	0
13	Sơn La	8731	Chiềng Lao	0
13	Sơn La	8735	Mường Bú	0
13	Sơn La	8740	Ngọc Chiến	1
13	Sơn La	8741	Mường La	1
13	Sơn La	8746	Gia Phù	0
13	Sơn La	8752	Kim Bon	0
13	Sơn La	8753	Mường Bang	1
13	Sơn La	8754	Mường Cơi	0
13	Sơn La	8759	Phù Yên	2
13	Sơn La	8762	Suối Tọ	0
13	Sơn La	8764	Tân Phong	0
13	Sơn La	8765	Tường Hạ	0
13	Sơn La	8775	Quỳnh Nhai	0
13	Sơn La	8776	Mường Giôn	1
13	Sơn La	8777	Mường Sại	0
13	Sơn La	8779	Mường Chiên	0
13	Sơn La	8781	Chiềng An	0
13	Sơn La	8783	Chiềng Cơi	12
13	Sơn La	8787	Chiềng Sinh	0
13	Sơn La	8792	Tô Hiệu	0
13	Sơn La	8793	Bó Sinh	0
13	Sơn La	8796	Chiềng Khoong	0
13	Sơn La	8797	Chiềng Khương	0
13	Sơn La	8799	Chiềng Sơ	0
13	Sơn La	8801	Huổi Một	0
13	Sơn La	8803	Mường Hung	1
13	Sơn La	8804	Mường Lầm	0
13	Sơn La	8808	Nậm Ty	0
13	Sơn La	8815	Chiềng La	0
13	Sơn La	8820	Co Mạ	0
13	Sơn La	8824	Long Hẹ	0
13	Sơn La	8825	Muổi Nọi	0
13	Sơn La	8826	Mường Bám	0
13	Sơn La	8827	Mường É	0
13	Sơn La	8828	Mường Khiêng	0
13	Sơn La	8829	Nậm Lầu	0
13	Sơn La	8832	Bình Thuận	0
13	Sơn La	8840	Chiềng Hặc	0
13	Sơn La	8846	Lóng Phiêng	0
13	Sơn La	8848	Phiêng Khoài	0
13	Sơn La	8852	Yên Sơn	0
13	Sơn La	8855	Sốp Cộp	0
13	Sơn La	8858	Mường Lạn	0
13	Sơn La	8859	Mường Lèo	0
13	Sơn La	8863	Púng Bánh	0
13	Sơn La	21258	Thuận Châu	0
13	Sơn La	21262	Bắc Yên	0
13	Sơn La	21271	Yên Châu	0
13	Sơn La	21272	Mai Sơn	0
13	Sơn La	21273	Sông Mã	0
15	Quảng Trị	7729	Bắc Trạch	0
15	Quảng Trị	7731	Đông Trạch	0
15	Quảng Trị	7736	Hoàn Lão	0
15	Quảng Trị	7737	Bố Trạch	0
15	Quảng Trị	7748	Thượng Trạch	0
15	Quảng Trị	7752	Đồng Thuận	4
15	Quảng Trị	7757	Đồng Sơn	3
15	Quảng Trị	7759	Đồng Hới	7
15	Quảng Trị	7769	Cam Hồng	1
15	Quảng Trị	7774	Sen Ngư	0
15	Quảng Trị	7775	Lệ Thủy	0
15	Quảng Trị	7776	Kim Ngân	0
15	Quảng Trị	7784	Lệ Ninh	0
15	Quảng Trị	7789	Tân Mỹ	0
15	Quảng Trị	7792	Trường Phú	0
15	Quảng Trị	7802	Quảng Ninh	1
15	Quảng Trị	7803	Ninh Châu	2
15	Quảng Trị	7804	Trường Sơn	0
15	Quảng Trị	7806	Trường Ninh	0
15	Quảng Trị	7810	Ba Đồn	0
15	Quảng Trị	7811	Hòa Trạch	0
15	Quảng Trị	7812	Phú Trạch	0
15	Quảng Trị	7814	Nam Gianh	0
15	Quảng Trị	7820	Trung Thuần	0
15	Quảng Trị	7825	Nam Ba Đồn	0
15	Quảng Trị	7838	Tuyên Phú	0
15	Quảng Trị	7839	Đồng Lê	0
15	Quảng Trị	7843	Tuyên Lâm	0
15	Quảng Trị	7848	Tuyên Bình	0
15	Quảng Trị	7852	Tuyên Sơn	0
15	Quảng Trị	7854	Tuyên Hóa	0
15	Quảng Trị	7862	Dân Hóa	0
15	Quảng Trị	7865	Kim Điền	0
15	Quảng Trị	7874	Minh Hóa	0
15	Quảng Trị	7880	Kim Phú	0
15	Quảng Trị	8445	Hiếu Giang	0
15	Quảng Trị	8447	La Lay	0
15	Quảng Trị	8450	Ba Lòng	0
15	Quảng Trị	8454	Hướng Hiệp	0
15	Quảng Trị	8457	Tà Rụt	0
15	Quảng Trị	8463	Nam Đông Hà	4
15	Quảng Trị	8467	Cửa Việt	8
15	Quảng Trị	8480	Cồn Tiên	0
15	Quảng Trị	8481	Tân Thành	0
15	Quảng Trị	8484	Bến Hải	0
15	Quảng Trị	8490	Mỹ Thủy	1
15	Quảng Trị	8494	Hải Lăng	0
15	Quảng Trị	8496	Vĩnh Định	0
15	Quảng Trị	8497	Nam Hải Lăng	0
15	Quảng Trị	8506	A Dơi	0
15	Quảng Trị	8509	Hướng Lập	0
15	Quảng Trị	8512	Hướng Phùng	0
15	Quảng Trị	8516	Khe Sanh	0
15	Quảng Trị	8520	Tân Lập	0
15	Quảng Trị	8523	Lao Bảo	0
15	Quảng Trị	8528	Triệu Phong	0
15	Quảng Trị	8529	Ái Tử	0
15	Quảng Trị	8532	Triệu Bình	0
15	Quảng Trị	8544	Nam Cửa Việt	0
15	Quảng Trị	8545	Triệu Cơ	0
15	Quảng Trị	8547	Bến Quan	0
15	Quảng Trị	8548	Vĩnh Linh	0
15	Quảng Trị	8565	Vĩnh Thủy	0
15	Quảng Trị	20309	Cồn Cỏ	0
15	Quảng Trị	20845	Bắc Gianh	0
15	Quảng Trị	20853	Phong Nha	1
15	Quảng Trị	20858	Nam Trạch	0
15	Quảng Trị	20922	Tân Gianh	0
15	Quảng Trị	20926	Quảng Trạch	0
15	Quảng Trị	21377	Đông Hà	2
15	Quảng Trị	21381	Quảng Trị	0
15	Quảng Trị	21411	Cam Lộ	0
15	Quảng Trị	21426	Đakrông	0
15	Quảng Trị	21432	Gio Linh	1
15	Quảng Trị	21433	Diên Sanh	0
15	Quảng Trị	21444	Lìa	0
15	Quảng Trị	21454	Cửa Tùng	0
15	Quảng Trị	21455	Vĩnh Hoàng	0
16	Quảng Ninh	8281	Hoành Mô	0
16	Quảng Ninh	8284	Lục Hồn	0
16	Quảng Ninh	8297	Cẩm Phả	4
16	Quảng Ninh	8299	Cửa Ông	0
16	Quảng Ninh	8301	Mông Dương	0
16	Quảng Ninh	8302	Quang Hanh	2
16	Quảng Ninh	8305	An Sinh	2
16	Quảng Ninh	8307	Bình Khê	2
16	Quảng Ninh	8309	Hoàng Quế	0
16	Quảng Ninh	8315	Mạo Khê	9
16	Quảng Ninh	8318	Đông Triều	0
16	Quảng Ninh	8326	Bãi Cháy	258
16	Quảng Ninh	8328	Cao Xanh	19
16	Quảng Ninh	8333	Hà Lầm	12
16	Quảng Ninh	8336	Hà Tu	1
16	Quảng Ninh	8337	Hồng Gai	18
16	Quảng Ninh	8338	Hạ Long	17
16	Quảng Ninh	8342	Tuần Châu	33
16	Quảng Ninh	8343	Việt Hưng	3
16	Quảng Ninh	8349	Lương Minh	0
16	Quảng Ninh	8351	Kỳ Thượng	0
16	Quảng Ninh	8353	Quảng La	0
16	Quảng Ninh	8356	Thống Nhất	3
16	Quảng Ninh	8363	Hải Hòa	4
16	Quảng Ninh	8364	Hải Sơn	0
16	Quảng Ninh	8367	Móng Cái 3	0
16	Quảng Ninh	8370	Móng Cái 2	0
16	Quảng Ninh	8371	Hải Ninh	0
16	Quảng Ninh	8373	Móng Cái 1	2
16	Quảng Ninh	8375	Vĩnh Thực	0
16	Quảng Ninh	8378	Tiên Yên	0
16	Quảng Ninh	8379	Điền Xá	0
16	Quảng Ninh	8381	Đông Ngũ	0
16	Quảng Ninh	8382	Hải Lạng	0
16	Quảng Ninh	8391	Yên Tử	1
16	Quảng Ninh	8393	Uông Bí	3
16	Quảng Ninh	8397	Vàng Danh	1
16	Quảng Ninh	8401	Vân Đồn	22
16	Quảng Ninh	8413	Đông Mai	0
16	Quảng Ninh	8414	Hà An	75
16	Quảng Ninh	8415	Hiệp Hòa	0
16	Quảng Ninh	8421	Phong Cốc	1
16	Quảng Ninh	8422	Liên Hòa	0
16	Quảng Ninh	8423	Quảng Yên	0
16	Quảng Ninh	21204	Hoành Bồ	2
16	Quảng Ninh	21221	Ba Chẽ	0
16	Quảng Ninh	21222	Bình Liêu	0
16	Quảng Ninh	21223	Cô Tô	2
16	Quảng Ninh	21225	Đầm Hà	0
16	Quảng Ninh	21230	Quảng Tân	0
16	Quảng Ninh	21233	Quảng Hà	1
16	Quảng Ninh	21238	Cái Chiên	0
16	Quảng Ninh	21239	Đường Hoa	0
16	Quảng Ninh	21248	Quảng Đức	0
17	Quảng Ngãi	5522	Đăk Plô	0
17	Quảng Ngãi	5525	Đăk Long	0
17	Quảng Ngãi	5527	Đăk Môn	0
17	Quảng Ngãi	5529	Đăk Pék	0
17	Quảng Ngãi	5531	Ngọc Linh	1
17	Quảng Ngãi	5532	Xốp	0
17	Quảng Ngãi	5535	Đăk Mar	1
17	Quảng Ngãi	5536	Đăk Pxi	0
17	Quảng Ngãi	5537	Đăk Ui	0
17	Quảng Ngãi	5539	Ngọk Réo	0
17	Quảng Ngãi	5544	Kon Đào	0
17	Quảng Ngãi	5545	Ngọk Tụ	0
17	Quảng Ngãi	5553	Măng Bút	0
17	Quảng Ngãi	5557	Kon Plông	0
17	Quảng Ngãi	5560	Đăk Cấm	1
17	Quảng Ngãi	5562	Đăk Rơ Wa	0
17	Quảng Ngãi	5565	Ia Chim	0
17	Quảng Ngãi	5570	Ngọk Bay	0
17	Quảng Ngãi	5572	Kon Tum	2
17	Quảng Ngãi	5576	Đăk Bla	1
17	Quảng Ngãi	5579	Bờ Y	0
17	Quảng Ngãi	5580	Dục Nông	0
17	Quảng Ngãi	5586	Sa Loong	0
17	Quảng Ngãi	5588	Mô Rai	0
17	Quảng Ngãi	5589	Rờ Kơi	0
17	Quảng Ngãi	5590	Sa Bình	0
17	Quảng Ngãi	5595	Ya Ly	0
17	Quảng Ngãi	8081	Lý Sơn	0
17	Quảng Ngãi	8095	Ba Dinh	0
17	Quảng Ngãi	8096	Ba Động	0
17	Quảng Ngãi	8105	Ba Tô	0
17	Quảng Ngãi	8106	Đặng Thùy Trâm	0
17	Quảng Ngãi	8107	Ba Vì	0
17	Quảng Ngãi	8108	Ba Vinh	0
17	Quảng Ngãi	8109	Ba Xa	0
17	Quảng Ngãi	8113	Bình Chương	0
17	Quảng Ngãi	8117	Đông Sơn	3
17	Quảng Ngãi	8120	Bình Minh	0
17	Quảng Ngãi	8130	Vạn Tường	3
17	Quảng Ngãi	8137	Khánh Cường	0
17	Quảng Ngãi	8139	Nguyễn Nghiêm	0
17	Quảng Ngãi	8143	Sa Huỳnh	0
17	Quảng Ngãi	8145	Trà Câu	0
17	Quảng Ngãi	8149	Minh Long	0
17	Quảng Ngãi	8150	Sơn Mai	0
17	Quảng Ngãi	8154	Mỏ Cày	0
17	Quảng Ngãi	8160	Long Phụng	0
17	Quảng Ngãi	8161	Lân Phong	1
17	Quảng Ngãi	8166	Nghĩa Hành	0
17	Quảng Ngãi	8167	Đình Cương	0
17	Quảng Ngãi	8168	Phước Giang	0
17	Quảng Ngãi	8172	Thiện Tín	0
17	Quảng Ngãi	8183	Nghĩa Lộ	9
17	Quảng Ngãi	8184	Cẩm Thành	9
17	Quảng Ngãi	8188	Sơn Hà	0
17	Quảng Ngãi	8193	Sơn Hạ	0
17	Quảng Ngãi	8195	Sơn Kỳ	0
17	Quảng Ngãi	8196	Sơn Linh	0
17	Quảng Ngãi	8200	Sơn Thủy	0
17	Quảng Ngãi	8206	Sơn Tây	0
17	Quảng Ngãi	8208	Sơn Tây Thượng	0
17	Quảng Ngãi	8210	Sơn Tây Hạ	0
17	Quảng Ngãi	8214	Ba Gia	0
17	Quảng Ngãi	8218	Trường Giang	0
17	Quảng Ngãi	8219	Sơn Tịnh	0
17	Quảng Ngãi	8222	Tịnh Khê	1
17	Quảng Ngãi	8226	Thọ Phong	10
17	Quảng Ngãi	8231	Đông Trà Bồng	0
17	Quảng Ngãi	8235	Thanh Bồng	0
17	Quảng Ngãi	8238	Cà Đam	0
17	Quảng Ngãi	8240	Trà Bồng	0
17	Quảng Ngãi	8241	Tư Nghĩa	8
17	Quảng Ngãi	8244	An Phú	2
17	Quảng Ngãi	8252	Trà Giang	1
17	Quảng Ngãi	8255	Nghĩa Giang	3
17	Quảng Ngãi	8258	Vệ Giang	1
17	Quảng Ngãi	20850	Đăk Hà	1
17	Quảng Ngãi	20852	Đăk Tô	0
17	Quảng Ngãi	20855	Ia Đal	0
17	Quảng Ngãi	20856	Ia Tơi	0
17	Quảng Ngãi	20860	Măng Đen	9
17	Quảng Ngãi	20865	Đăk Rve	1
17	Quảng Ngãi	20866	Đăk Kôi	0
17	Quảng Ngãi	20870	Kon Braih	0
17	Quảng Ngãi	20872	Sa Thầy	0
17	Quảng Ngãi	20877	Đăk Sao	0
17	Quảng Ngãi	20878	Đăk Tờ Kan	0
17	Quảng Ngãi	20879	Măng Ri	0
17	Quảng Ngãi	20883	Tu Mơ Rông	0
17	Quảng Ngãi	21471	Trương Quang Trọng	1
17	Quảng Ngãi	21473	Tây Trà Bồng	0
17	Quảng Ngãi	21474	Tây Trà	0
17	Quảng Ngãi	21479	Đức Phổ	0
17	Quảng Ngãi	21480	Mộ Đức	0
17	Quảng Ngãi	21481	Bình Sơn	4
17	Quảng Ngãi	21482	Ba Tơ	0
21	Phú Thọ	1654	Bình Tuyền	4
21	Phú Thọ	1656	Bình Xuyên	6
21	Phú Thọ	1657	Bình Nguyên	7
21	Phú Thọ	1664	Xuân Lãng	0
21	Phú Thọ	1672	Hợp Lý	0
21	Phú Thọ	1673	Liên Hòa	1
21	Phú Thọ	1677	Sơn Đông	0
21	Phú Thọ	1678	Thái Hòa	0
21	Phú Thọ	1679	Tiên Lữ	0
21	Phú Thọ	1687	Tam Dương Bắc	3
21	Phú Thọ	1688	Hội Thịnh	1
21	Phú Thọ	1689	Hoàng An	1
21	Phú Thọ	1692	Tam Dương	6
21	Phú Thọ	1704	Vĩnh An	0
21	Phú Thọ	1705	Vĩnh Thành	0
21	Phú Thọ	1707	Vĩnh Hưng	0
21	Phú Thọ	1712	Vĩnh Tường	0
21	Phú Thọ	1714	Thổ Tang	0
21	Phú Thọ	1722	Vĩnh Phú	0
21	Phú Thọ	1726	Vĩnh Phúc	44
21	Phú Thọ	1734	Vĩnh Yên	10
21	Phú Thọ	1741	Liên Châu	0
21	Phú Thọ	1742	Nguyệt Đức	0
21	Phú Thọ	1743	Tam Hồng	0
21	Phú Thọ	1744	Tề Lỗ	1
21	Phú Thọ	1754	Phúc Yên	15
21	Phú Thọ	1760	Xuân Hòa	53
21	Phú Thọ	1762	Đại Đình	1
21	Phú Thọ	1763	Đạo Trù	0
21	Phú Thọ	4178	Cao Sơn	1
21	Phú Thọ	4179	Quy Đức	0
21	Phú Thọ	4189	Tân Pheo	0
21	Phú Thọ	4190	Tiền Phong	1
21	Phú Thọ	4196	Kỳ Sơn	11
21	Phú Thọ	4198	Hòa Bình	2
21	Phú Thọ	4202	Tân Hòa	1
21	Phú Thọ	4207	Thống Nhất	5
21	Phú Thọ	4212	Cao Dương	33
21	Phú Thọ	4214	Dũng Tiến	4
21	Phú Thọ	4215	Mường Động	9
21	Phú Thọ	4218	Lương Sơn	65
21	Phú Thọ	4234	Nật Sơn	4
21	Phú Thọ	4254	Đại Đồng	1
21	Phú Thọ	4255	Quyết Thắng	0
21	Phú Thọ	4266	Ngọc Sơn	0
21	Phú Thọ	4267	Nhân Nghĩa	0
21	Phú Thọ	4271	Mường Vang	1
21	Phú Thọ	4273	Thượng Cốc	0
21	Phú Thọ	4278	Lạc Sơn	0
21	Phú Thọ	4282	Yên Phú	2
21	Phú Thọ	4283	An Bình	0
21	Phú Thọ	4284	An Nghĩa	19
21	Phú Thọ	4285	Lạc Thủy	6
21	Phú Thọ	4301	Liên Sơn	23
21	Phú Thọ	4309	Mai Châu	0
21	Phú Thọ	4310	Bao La	0
21	Phú Thọ	4315	Mai Hạ	1
21	Phú Thọ	4320	Pà Cò	0
21	Phú Thọ	4326	Tân Mai	0
21	Phú Thọ	4334	Toàn Thắng	0
21	Phú Thọ	4337	Tân Lạc	2
21	Phú Thọ	4339	Mường Bi	0
21	Phú Thọ	4346	Mường Hoa	1
21	Phú Thọ	4353	Vân Sơn	0
21	Phú Thọ	4357	Yên Thủy	1
21	Phú Thọ	4360	Lạc Lương	2
21	Phú Thọ	4366	Yên Trị	1
21	Phú Thọ	4371	Mường Thàng	2
21	Phú Thọ	4378	Cao Phong	1
21	Phú Thọ	4381	Thung Nai	0
21	Phú Thọ	7284	Bằng Luân	0
21	Phú Thọ	7286	Chân Mộng	0
21	Phú Thọ	7287	Chí Đám	0
21	Phú Thọ	7304	Tây Cốc	0
21	Phú Thọ	7321	Đan Thượng	0
21	Phú Thọ	7322	Hiền Lương	0
21	Phú Thọ	7334	Văn Lang	1
21	Phú Thọ	7335	Vĩnh Chân	0
21	Phú Thọ	7340	Yên Kỳ	0
21	Phú Thọ	7342	Bản Nguyên	0
21	Phú Thọ	7344	Phùng Nguyên	0
21	Phú Thọ	7354	Xuân Lũng	0
21	Phú Thọ	7356	Dân Chủ	0
21	Phú Thọ	7357	Bình Phú	0
21	Phú Thọ	7364	Phú Mỹ	0
21	Phú Thọ	7366	Phù Ninh	5
21	Phú Thọ	7369	Trạm Thản	0
21	Phú Thọ	7374	Âu Cơ	12
21	Phú Thọ	7377	Phú Thọ	0
21	Phú Thọ	7378	Phong Châu	2
21	Phú Thọ	7384	Vạn Xuân	0
21	Phú Thọ	7387	Hiền Quan	0
21	Phú Thọ	7390	Tam Nông	0
21	Phú Thọ	7398	Thọ Văn	0
21	Phú Thọ	7404	Chí Tiên	0
21	Phú Thọ	7406	Liên Minh	0
21	Phú Thọ	7409	Đông Thành	0
21	Phú Thọ	7412	Hoàng Cương	0
21	Phú Thọ	7416	Quảng Yên	0
21	Phú Thọ	7430	Cự Đồng	0
21	Phú Thọ	7435	Hương Cần	0
21	Phú Thọ	7436	Khả Cửu	1
21	Phú Thọ	7447	Văn Miếu	0
21	Phú Thọ	7448	Võ Miếu	0
21	Phú Thọ	7451	Yên Sơn	1
21	Phú Thọ	7453	Đào Xá	1
21	Phú Thọ	7464	Tu Vũ	12
21	Phú Thọ	7473	Hy Cương	3
21	Phú Thọ	7477	Nông Trang	2
21	Phú Thọ	7480	Việt Trì	8
21	Phú Thọ	7483	Thanh Miếu	3
21	Phú Thọ	7489	Vân Phú	6
21	Phú Thọ	7493	Sơn Lương	0
21	Phú Thọ	7494	Minh Hòa	1
21	Phú Thọ	7501	Thượng Long	0
21	Phú Thọ	7502	Trung Sơn	0
21	Phú Thọ	7505	Xuân Viên	0
21	Phú Thọ	7511	Đồng Lương	0
21	Phú Thọ	7513	Hùng Việt	0
21	Phú Thọ	7519	Phú Khê	0
21	Phú Thọ	7535	Tiên Lương	0
21	Phú Thọ	7539	Vân Bán	0
21	Phú Thọ	7553	Lai Đồng	0
21	Phú Thọ	7554	Long Cốc	0
21	Phú Thọ	7556	Minh Đài	1
21	Phú Thọ	7564	Thu Cúc	0
21	Phú Thọ	7565	Tân Sơn	0
21	Phú Thọ	7570	Xuân Đài	0
21	Phú Thọ	20980	Lập Thạch	1
21	Phú Thọ	20983	Tam Đảo	8
21	Phú Thọ	20986	Yên Lạc	0
21	Phú Thọ	20987	Tam Sơn	0
21	Phú Thọ	20992	Sông Lô	1
21	Phú Thọ	20994	Hải Lựu	0
21	Phú Thọ	21000	Yên Lãng	0
21	Phú Thọ	21186	Cẩm Khê	2
21	Phú Thọ	21187	Đoan Hùng	0
21	Phú Thọ	21188	Hạ Hòa	0
21	Phú Thọ	21190	Lâm Thao	1
21	Phú Thọ	21193	Thanh Ba	0
21	Phú Thọ	21201	Thanh Sơn	1
21	Phú Thọ	21202	Thanh Thủy	18
21	Phú Thọ	21203	Yên Lập	0
21	Phú Thọ	21234	Đức Nhàn	0
21	Phú Thọ	21237	Đà Bắc	3
21	Phú Thọ	21269	Kim Bôi	6
21	Phú Thọ	21270	Hợp Kim	10
21	Phú Thọ	21412	Thịnh Minh	2
23	Ninh Bình	3585	Bình Mỹ	1
23	Ninh Bình	3586	Bình Lục	0
23	Ninh Bình	3587	Bình Giang	0
23	Ninh Bình	3589	Liêm Tuyền	0
23	Ninh Bình	3596	Bình Sơn	0
23	Ninh Bình	3599	Bình An	0
23	Ninh Bình	3602	Duy Tân	2
23	Ninh Bình	3604	Duy Tiên	5
23	Ninh Bình	3606	Đồng Văn	4
23	Ninh Bình	3610	Duy Hà	1
23	Ninh Bình	3617	Tiên Sơn	0
23	Ninh Bình	3622	Tam Chúc	3
23	Ninh Bình	3626	Kim Thanh	0
23	Ninh Bình	3629	Lê Hồ	3
23	Ninh Bình	3630	Lý Thường Kiệt	0
23	Ninh Bình	3631	Kim Bảng	0
23	Ninh Bình	3632	Nguyễn Úy	0
23	Ninh Bình	3643	Bắc Lý	1
23	Ninh Bình	3645	Lý Nhân	0
23	Ninh Bình	3646	Nam Xang	0
23	Ninh Bình	3660	Trần Thương	0
23	Ninh Bình	3662	Nhân Hà	0
23	Ninh Bình	3666	Vĩnh Trụ	1
23	Ninh Bình	3670	Hà Nam	138
23	Ninh Bình	3676	Phù Vân	0
23	Ninh Bình	3678	Phủ Lý	4
23	Ninh Bình	3682	Liêm Hà	0
23	Ninh Bình	3683	Thanh Bình	0
23	Ninh Bình	3691	Thanh Liêm	0
23	Ninh Bình	3693	Thanh Lâm	0
23	Ninh Bình	3699	Châu Sơn	2
23	Ninh Bình	6324	Giao Thủy	0
23	Ninh Bình	6332	Giao Hưng	0
23	Ninh Bình	6336	Giao Minh	0
23	Ninh Bình	6339	Giao Phúc	0
23	Ninh Bình	6340	Giao Bình	2
23	Ninh Bình	6342	Giao Hòa	0
23	Ninh Bình	6344	Giao Ninh	11
23	Ninh Bình	6345	Hải Tiến	0
23	Ninh Bình	6346	Hải An	0
23	Ninh Bình	6347	Hải Anh	0
23	Ninh Bình	6357	Hải Hưng	0
23	Ninh Bình	6368	Hải Quang	0
23	Ninh Bình	6377	Hải Xuân	21
23	Ninh Bình	6378	Hải Thịnh	9
23	Ninh Bình	6379	Hải Hậu	0
23	Ninh Bình	6395	Thiên Trường	0
23	Ninh Bình	6396	Đông A	0
23	Ninh Bình	6398	Thành Nam	1
23	Ninh Bình	6399	Vị Khê	0
23	Ninh Bình	6405	Nam Định	3
23	Ninh Bình	6412	Trường Thi	0
23	Ninh Bình	6418	Nam Đồng	0
23	Ninh Bình	6419	Hồng Quang	1
23	Ninh Bình	6421	Nam Minh	0
23	Ninh Bình	6422	Nam Trực	0
23	Ninh Bình	6424	Nam Ninh	0
23	Ninh Bình	6425	Nam Hồng	0
23	Ninh Bình	6436	Đồng Thịnh	0
23	Ninh Bình	6437	Nghĩa Hưng	0
23	Ninh Bình	6443	Hồng Phong	1
23	Ninh Bình	6446	Nghĩa Lâm	0
23	Ninh Bình	6452	Nghĩa Sơn	0
23	Ninh Bình	6459	Quỹ Nhất	1
23	Ninh Bình	6460	Rạng Đông	1
23	Ninh Bình	6461	Cát Thành	1
23	Ninh Bình	6462	Cổ Lễ	0
23	Ninh Bình	6465	Ninh Giang	0
23	Ninh Bình	6467	Minh Thái	0
23	Ninh Bình	6471	Quang Hưng	0
23	Ninh Bình	6477	Trực Ninh	0
23	Ninh Bình	6485	Vụ Bản	0
23	Ninh Bình	6486	Hiển Khánh	0
23	Ninh Bình	6490	Liên Minh	0
23	Ninh Bình	6491	Minh Tân	0
23	Ninh Bình	6505	Xuân Hồng	0
23	Ninh Bình	6512	Xuân Giang	0
23	Ninh Bình	6518	Xuân Hưng	0
23	Ninh Bình	6520	Tân Minh	0
23	Ninh Bình	6523	Yên Cường	0
23	Ninh Bình	6524	Yên Đồng	0
23	Ninh Bình	6533	Vũ Dương	0
23	Ninh Bình	6537	Ý Yên	0
23	Ninh Bình	6543	Vạn Thắng	0
23	Ninh Bình	6545	Phong Doanh	0
23	Ninh Bình	7058	Tây Hoa Lư	0
23	Ninh Bình	7062	Hoa Lư	6
23	Ninh Bình	7069	Bình Minh	0
23	Ninh Bình	7070	Chất Bình	0
23	Ninh Bình	7073	Định Hóa	0
23	Ninh Bình	7078	Kim Sơn	1
23	Ninh Bình	7079	Kim Đông	0
23	Ninh Bình	7084	Lai Thành	0
23	Ninh Bình	7087	Phát Diệm	0
23	Ninh Bình	7088	Quang Thiện	0
23	Ninh Bình	7095	Cúc Phương	0
23	Ninh Bình	7098	Gia Lâm	0
23	Ninh Bình	7101	Gia Tường	0
23	Ninh Bình	7106	Phú Long	0
23	Ninh Bình	7107	Phú Sơn	0
23	Ninh Bình	7109	Quỳnh Lưu	1
23	Ninh Bình	7115	Thanh Sơn	0
23	Ninh Bình	7127	Nam Hoa Lư	3
23	Ninh Bình	7128	Đông Hoa Lư	0
23	Ninh Bình	7135	Tam Điệp	3
23	Ninh Bình	7141	Trung Sơn	1
23	Ninh Bình	7143	Yên Sơn	0
23	Ninh Bình	7150	Khánh Hội	0
23	Ninh Bình	7154	Khánh Nhạc	0
23	Ninh Bình	7158	Khánh Thiện	0
23	Ninh Bình	7161	Khánh Trung	0
23	Ninh Bình	7163	Yên Khánh	0
23	Ninh Bình	7168	Đồng Thái	0
23	Ninh Bình	7172	Yên Mạc	0
23	Ninh Bình	7178	Yên Thắng	0
23	Ninh Bình	7180	Yên Mô	0
23	Ninh Bình	7181	Yên Từ	0
23	Ninh Bình	7185	Gia Viễn	1
23	Ninh Bình	7186	Gia Hưng	0
23	Ninh Bình	7190	Gia Phong	0
23	Ninh Bình	7192	Đại Hoàng	0
23	Ninh Bình	7199	Gia Trấn	0
23	Ninh Bình	7201	Gia Vân	3
23	Ninh Bình	21006	Nam Lý	0
23	Ninh Bình	21016	Tân Thanh	5
23	Ninh Bình	21029	Mỹ Lộc	1
23	Ninh Bình	21033	Ninh Cường	0
23	Ninh Bình	21034	Xuân Trường	0
23	Ninh Bình	21038	Nho Quan	0
24	Nghệ An	6570	Thành Bình Thọ	0
24	Nghệ An	6571	Nhân Hòa	0
24	Nghệ An	6572	Yên Xuân	0
24	Nghệ An	6574	Anh Sơn	0
24	Nghệ An	6575	Vĩnh Tường	0
24	Nghệ An	6579	Anh Sơn Đông	0
24	Nghệ An	6590	Bình Chuẩn	0
24	Nghệ An	6592	Cam Phục	0
24	Nghệ An	6593	Châu Khê	0
24	Nghệ An	6594	Con Cuông	0
24	Nghệ An	6598	Mậu Thạch	0
24	Nghệ An	6599	Môn Sơn	0
24	Nghệ An	6602	Cửa Lò	3
24	Nghệ An	6609	An Châu	0
24	Nghệ An	6613	Hùng Châu	0
24	Nghệ An	6614	Quảng Châu	0
24	Nghệ An	6618	Hải Châu	0
24	Nghệ An	6619	Đức Châu	0
24	Nghệ An	6625	Tân Châu	0
24	Nghệ An	6638	Diễn Châu	0
24	Nghệ An	6648	Lương Sơn	0
24	Nghệ An	6651	Bạch Hà	0
24	Nghệ An	6655	Bạch Ngọc	0
24	Nghệ An	6662	Thuần Trung	0
24	Nghệ An	6668	Văn Hiến	0
24	Nghệ An	6683	Hưng Nguyên Nam	0
24	Nghệ An	6699	Yên Trung	0
24	Nghệ An	6701	Bắc Lý	0
24	Nghệ An	6704	Chiêu Lưu	0
24	Nghệ An	6706	Huồi Tụ	0
24	Nghệ An	6707	Hữu Kiệm	0
24	Nghệ An	6709	Keng Đu	0
24	Nghệ An	6711	Mường Lống	0
24	Nghệ An	6712	Mường Típ	0
24	Nghệ An	6713	Mường Xén	0
24	Nghệ An	6714	Mỹ Lý	0
24	Nghệ An	6715	Na Loi	0
24	Nghệ An	6716	Na Ngoi	0
24	Nghệ An	6718	Nậm Cắn	0
24	Nghệ An	6724	Thiên Nhẫn	0
24	Nghệ An	6725	Kim Liên	0
24	Nghệ An	6726	Đại Huệ	0
24	Nghệ An	6738	Nam Đàn	0
24	Nghệ An	6745	Phúc Lộc	0
24	Nghệ An	6748	Thần Lĩnh	0
24	Nghệ An	6753	Văn Kiều	1
24	Nghệ An	6755	Trung Lộc	0
24	Nghệ An	6762	Hải Lộc	0
24	Nghệ An	6774	Nghi Lộc	1
24	Nghệ An	6781	Nghĩa Hưng	0
24	Nghệ An	6782	Nghĩa Khánh	0
24	Nghệ An	6784	Nghĩa Lâm	0
24	Nghệ An	6786	Nghĩa Lộc	0
24	Nghệ An	6789	Nghĩa Mai	0
24	Nghệ An	6796	Nghĩa Thọ	0
24	Nghệ An	6799	Mường Quàng	0
24	Nghệ An	6804	Quế Phong	0
24	Nghệ An	6810	Thông Thụ	0
24	Nghệ An	6811	Tiền Phong	0
24	Nghệ An	6812	Tri Lễ	0
24	Nghệ An	6814	Châu Bình	0
24	Nghệ An	6816	Hùng Chân	0
24	Nghệ An	6822	Châu Tiến	0
24	Nghệ An	6824	Mường Chọng	0
24	Nghệ An	6825	Mường Ham	0
24	Nghệ An	6827	Châu Hồng	0
24	Nghệ An	6828	Châu Lộc	0
24	Nghệ An	6837	Minh Hợp	0
24	Nghệ An	6840	Tam Hợp	0
24	Nghệ An	6844	Quỳnh Phú	0
24	Nghệ An	6845	Quỳnh Lưu	1
24	Nghệ An	6847	Quỳnh Mai	0
24	Nghệ An	6848	Quỳnh Sơn	0
24	Nghệ An	6871	Quỳnh Tam	0
24	Nghệ An	6874	Quỳnh Thắng	0
24	Nghệ An	6879	Quỳnh Văn	1
24	Nghệ An	6882	Quỳnh Anh	0
24	Nghệ An	6887	Tiên Đồng	0
24	Nghệ An	6888	Giai Xuân	0
24	Nghệ An	6893	Nghĩa Đồng	0
24	Nghệ An	6895	Nghĩa Hành	0
24	Nghệ An	6899	Tân Phú	0
24	Nghệ An	6901	Tân An	0
24	Nghệ An	6908	Cát Ngạn	0
24	Nghệ An	6911	Hạnh Lâm	0
24	Nghệ An	6912	Sơn Lâm	0
24	Nghệ An	6913	Xuân Lâm	0
24	Nghệ An	6915	Hoa Quân	0
24	Nghệ An	6921	Kim Bảng	0
24	Nghệ An	6928	Tam Đồng	0
24	Nghệ An	6944	Bích Hào	0
24	Nghệ An	6950	Hữu Khuông	0
24	Nghệ An	6954	Lượng Minh	0
24	Nghệ An	6957	Nga My	0
24	Nghệ An	6958	Nhôn Mai	0
24	Nghệ An	6961	Tam Quang	0
24	Nghệ An	6962	Tam Thái	0
24	Nghệ An	6963	Tương Dương	0
24	Nghệ An	6966	Yên Hòa	0
24	Nghệ An	6967	Yên Na	0
24	Nghệ An	6970	Trường Vinh	16
24	Nghệ An	6971	Thành Vinh	14
24	Nghệ An	6974	Vinh Phú	7
24	Nghệ An	6978	Vinh Hưng	8
24	Nghệ An	6981	Vinh Lộc	7
24	Nghệ An	6995	Quan Thành	0
24	Nghệ An	6996	Hợp Minh	0
24	Nghệ An	6999	Đông Thành	0
24	Nghệ An	7000	Quang Đồng	0
24	Nghệ An	7002	Giai Lạc	0
24	Nghệ An	7003	Yên Thành	0
24	Nghệ An	7010	Vân Tụ	0
24	Nghệ An	7014	Vân Du	0
24	Nghệ An	7027	Bình Minh	0
24	Nghệ An	7034	Đông Hiếu	0
24	Nghệ An	7037	Thái Hòa	2
24	Nghệ An	7048	Tây Hiếu	0
24	Nghệ An	20091	Tân Mai	0
24	Nghệ An	21095	Hoàng Mai	0
24	Nghệ An	21107	Minh Châu	0
24	Nghệ An	21110	Đô Lương	0
24	Nghệ An	21119	Lam Thành	0
24	Nghệ An	21121	Hưng Nguyên	1
24	Nghệ An	21129	Vạn An	0
24	Nghệ An	21133	Đông Lộc	1
24	Nghệ An	21137	Nghĩa Đàn	0
24	Nghệ An	21144	Quỳ Châu	0
24	Nghệ An	21146	Quỳ Hợp	0
24	Nghệ An	21147	Tân Kỳ	0
24	Nghệ An	21175	Đại Đồng	0
27	Lào Cai	1485	Khánh Hòa	0
27	Lào Cai	1487	Lâm Thượng	0
27	Lào Cai	1492	Mường Lai	0
27	Lào Cai	1494	Phúc Lợi	0
27	Lào Cai	1496	Tân Lĩnh	0
27	Lào Cai	1503	Lục Yên	0
27	Lào Cai	1506	Chế Tạo	0
27	Lào Cai	1509	Khao Mang	0
27	Lào Cai	1512	Lao Chải	0
27	Lào Cai	1514	Nậm Có	0
27	Lào Cai	1516	Púng Luông	0
27	Lào Cai	1523	Phình Hồ	0
27	Lào Cai	1524	Tà Xi Láng	0
27	Lào Cai	1525	Trạm Tấu	0
27	Lào Cai	1530	Trấn Yên	0
27	Lào Cai	1535	Hưng Khánh	0
27	Lào Cai	1538	Lương Thịnh	0
27	Lào Cai	1546	Việt Hồng	0
27	Lào Cai	1551	Cát Thịnh	0
27	Lào Cai	1552	Chấn Thịnh	0
27	Lào Cai	1555	Gia Hội	0
27	Lào Cai	1562	Nghĩa Tâm	0
27	Lào Cai	1563	Liên Sơn	0
27	Lào Cai	1569	Sơn Lương	0
27	Lào Cai	1570	Văn Chấn	0
27	Lào Cai	1576	Thượng Bằng La	0
27	Lào Cai	1577	Tú Lệ	0
27	Lào Cai	1580	Châu Quế	0
27	Lào Cai	1584	Đông Cuông	0
27	Lào Cai	1586	Lâm Giang	0
27	Lào Cai	1588	Mậu A	0
27	Lào Cai	1590	Mỏ Vàng	0
27	Lào Cai	1593	Phong Dụ Hạ	0
27	Lào Cai	1594	Phong Dụ Thượng	0
27	Lào Cai	1596	Tân Hợp	0
27	Lào Cai	1598	Xuân Ái	0
27	Lào Cai	1604	Âu Lâu	1
27	Lào Cai	1605	Yên Bái	0
27	Lào Cai	1611	Nam Cường	0
27	Lào Cai	1617	Văn Phú	6
27	Lào Cai	1622	Bảo Ái	0
27	Lào Cai	1624	Cảm Nhân	0
27	Lào Cai	1636	Thác Bà	0
27	Lào Cai	1645	Yên Thành	0
27	Lào Cai	5618	Bắc Hà	0
27	Lào Cai	5619	Bản Liền	0
27	Lào Cai	5621	Bảo Nhai	0
27	Lào Cai	5622	Cốc Lầu	0
27	Lào Cai	5627	Lùng Phình	0
27	Lào Cai	5634	Tả Củ Tỷ	0
27	Lào Cai	5639	Gia Phú	0
27	Lào Cai	5640	Bảo Thắng	0
27	Lào Cai	5641	Phong Hải	0
27	Lào Cai	5646	Tằng Loỏng	0
27	Lào Cai	5650	Xuân Quang	0
27	Lào Cai	5651	Bảo Hà	0
27	Lào Cai	5655	Phúc Khánh	0
27	Lào Cai	5659	Nghĩa Đô	0
27	Lào Cai	5660	Bảo Yên	0
27	Lào Cai	5663	Thượng Hà	0
27	Lào Cai	5666	Xuân Hòa	0
27	Lào Cai	5670	A Mú Sung	0
27	Lào Cai	5673	Bản Xèo	0
27	Lào Cai	5675	Bát Xát	0
27	Lào Cai	5676	Dền Sáng	0
27	Lào Cai	5678	Mường Hum	0
27	Lào Cai	5688	Trịnh Tường	0
27	Lào Cai	5690	Y Tý	4
27	Lào Cai	5694	Cam Đường	2
27	Lào Cai	5698	Hợp Thành	0
27	Lào Cai	5701	Lào Cai	4
27	Lào Cai	5707	Bản Lầu	0
27	Lào Cai	5709	Cao Sơn	0
27	Lào Cai	5716	Pha Long	0
27	Lào Cai	5722	Bản Hồ	1
27	Lào Cai	5723	Ngũ Chỉ Sơn	0
27	Lào Cai	5727	Sa Pa	0
27	Lào Cai	5734	Tả Phìn	0
27	Lào Cai	5735	Tả Van	1
27	Lào Cai	5737	Mường Bo	0
27	Lào Cai	5739	Chiềng Ken	0
27	Lào Cai	5741	Dương Quỳ	0
27	Lào Cai	5742	Văn Bàn	0
27	Lào Cai	5745	Khánh Yên	0
27	Lào Cai	5748	Minh Lương	0
27	Lào Cai	5749	Nậm Chày	0
27	Lào Cai	5754	Nậm Xé	0
27	Lào Cai	5760	Võ Lao	0
27	Lào Cai	5763	Si Ma Cai	0
27	Lào Cai	5771	Sín Chéng	0
27	Lào Cai	20902	Mù Cang Chải	0
27	Lào Cai	20905	Hạnh Phúc	0
27	Lào Cai	20909	Quy Mông	1
27	Lào Cai	20967	Yên Bình	0
27	Lào Cai	20968	Cầu Thia	0
27	Lào Cai	20970	Nghĩa Lộ	1
27	Lào Cai	20971	Trung Tâm	0
27	Lào Cai	21045	Cốc San	0
27	Lào Cai	21069	Mường Khương	0
28	Lạng Sơn	5927	Bắc Sơn	0
28	Lạng Sơn	5931	Hưng Vũ	0
28	Lạng Sơn	5934	Nhất Hòa	0
28	Lạng Sơn	5940	Tân Tri	0
28	Lạng Sơn	5943	Vũ Lăng	0
28	Lạng Sơn	5944	Vũ Lễ	0
28	Lạng Sơn	5948	Hoa Thám	0
28	Lạng Sơn	5950	Hồng Phong	0
28	Lạng Sơn	5956	Quý Hòa	0
28	Lạng Sơn	5958	Tân Văn	0
28	Lạng Sơn	5959	Thiện Hòa	0
28	Lạng Sơn	5960	Thiện Long	0
28	Lạng Sơn	5961	Thiện Thuật	0
28	Lạng Sơn	5962	Bình Gia	0
28	Lạng Sơn	5968	Công Sơn	0
28	Lạng Sơn	5969	Đồng Đăng	0
28	Lạng Sơn	5975	Cao Lộc	0
28	Lạng Sơn	5976	Ba Sơn	0
28	Lạng Sơn	5988	Kiên Mộc	0
28	Lạng Sơn	5990	Châu Sơn	0
28	Lạng Sơn	5995	Thái Bình	0
28	Lạng Sơn	5996	Cai Kinh	0
28	Lạng Sơn	6005	Hữu Liên	0
28	Lạng Sơn	6007	Tuấn Sơn	0
28	Lạng Sơn	6012	Thiện Tân	0
28	Lạng Sơn	6013	Tân Thành	0
28	Lạng Sơn	6015	Hữu Lũng	0
28	Lạng Sơn	6016	Vân Nham	0
28	Lạng Sơn	6017	Yên Bình	0
28	Lạng Sơn	6021	Lương Văn Tri	0
28	Lạng Sơn	6022	Đông Kinh	1
28	Lạng Sơn	6024	Kỳ Lừa	0
28	Lạng Sơn	6027	Tam Thanh	6
28	Lạng Sơn	6036	Khuất Xá	0
28	Lạng Sơn	6037	Lợi Bác	0
28	Lạng Sơn	6038	Lộc Bình	0
28	Lạng Sơn	6039	Mẫu Sơn	0
28	Lạng Sơn	6041	Na Dương	0
28	Lạng Sơn	6052	Xuân Dương	0
28	Lạng Sơn	6054	Thống Nhất	0
28	Lạng Sơn	6063	Tràng Định	0
28	Lạng Sơn	6064	Đoàn Kết	0
28	Lạng Sơn	6068	Kháng Chiến	0
28	Lạng Sơn	6071	Quốc Khánh	0
28	Lạng Sơn	6072	Quốc Việt	0
28	Lạng Sơn	6075	Tân Tiến	0
28	Lạng Sơn	6077	Thất Khê	0
28	Lạng Sơn	6084	Hoàng Văn Thụ	0
28	Lạng Sơn	6086	Hội Hoan	0
28	Lạng Sơn	6090	Na Sầm	0
28	Lạng Sơn	6094	Văn Lãng	0
28	Lạng Sơn	6097	Thụy Hùng	0
28	Lạng Sơn	6101	Văn Quan	0
28	Lạng Sơn	6106	Khánh Khê	0
28	Lạng Sơn	6110	Tân Đoàn	0
28	Lạng Sơn	6114	Điềm He	0
28	Lạng Sơn	6115	Tri Lễ	0
28	Lạng Sơn	6122	Yên Phúc	0
28	Lạng Sơn	21126	Đình Lập	0
28	Lạng Sơn	21150	Chi Lăng	0
28	Lạng Sơn	21153	Bằng Mạc	0
28	Lạng Sơn	21155	Chiến Thắng	0
28	Lạng Sơn	21162	Nhân Lý	0
28	Lạng Sơn	21163	Quan Sơn	0
28	Lạng Sơn	21167	Vạn Linh	0
29	Lâm Đồng	2013	Hải Ninh	2
29	Lâm Đồng	2014	Hòa Thắng	2
29	Lâm Đồng	2016	Hồng Thái	1
29	Lâm Đồng	2017	Lương Sơn	0
29	Lâm Đồng	2022	Phan Sơn	0
29	Lâm Đồng	2026	Sông Lũy	2
29	Lâm Đồng	2027	Nam Thành	3
29	Lâm Đồng	2030	Hoài Đức	3
29	Lâm Đồng	2035	Trà Tân	2
29	Lâm Đồng	2036	Đức Linh	0
29	Lâm Đồng	2038	Sơn Mỹ	0
29	Lâm Đồng	2041	Hàm Tân	1
29	Lâm Đồng	2042	Tân Minh	2
29	Lâm Đồng	2048	Đông Giang	0
29	Lâm Đồng	2053	Hàm Liêm	3
29	Lâm Đồng	2054	Hàm Thuận Bắc	1
29	Lâm Đồng	2055	Hàm Thắng	2
29	Lâm Đồng	2058	La Dạ	0
29	Lâm Đồng	2062	Hàm Thuận	4
29	Lâm Đồng	2065	Hàm Kiệm	6
29	Lâm Đồng	2067	Tuyên Quang	4
29	Lâm Đồng	2068	Hàm Thạnh	2
29	Lâm Đồng	2071	Tân Lập	4
29	Lâm Đồng	2072	Tân Thành	11
29	Lâm Đồng	2074	Hàm Thuận Nam	1
29	Lâm Đồng	2083	Mũi Né	66
29	Lâm Đồng	2086	Bình Thuận	4
29	Lâm Đồng	2087	Phú Thủy	41
29	Lâm Đồng	2088	Phan Thiết	1
29	Lâm Đồng	2092	Tiến Thành	26
29	Lâm Đồng	2094	Phú Quý	5
29	Lâm Đồng	2097	Bắc Ruộng	0
29	Lâm Đồng	2098	Đồng Kho	0
29	Lâm Đồng	2107	Tánh Linh	0
29	Lâm Đồng	2109	Nghị Đức	0
29	Lâm Đồng	2110	Suối Kiết	0
29	Lâm Đồng	2115	Liên Hương	0
29	Lâm Đồng	2116	Tuy Phong	0
29	Lâm Đồng	2117	Phan Rí Cửa	2
29	Lâm Đồng	2121	Vĩnh Hảo	0
29	Lâm Đồng	2125	Phước Hội	7
29	Lâm Đồng	2126	La Gi	9
29	Lâm Đồng	2127	Tân Hải	6
29	Lâm Đồng	5785	Bảo Lâm 2	22
29	Lâm Đồng	5787	Bảo Lâm 5	0
29	Lâm Đồng	5792	Bảo Lâm 4	0
29	Lâm Đồng	5795	Bảo Lâm 3	10
29	Lâm Đồng	5797	B’Lao	3
29	Lâm Đồng	5805	3 Bảo Lộc	9
29	Lâm Đồng	5806	2 Bảo Lộc	24
29	Lâm Đồng	5810	Cát Tiên 3	1
29	Lâm Đồng	5822	Xuân Trường - Đà Lạt	19
29	Lâm Đồng	5826	Cam Ly - Đà Lạt	33
29	Lâm Đồng	5828	Lang Biang - Đà Lạt	36
29	Lâm Đồng	5830	Lâm Viên - Đà Lạt	53
29	Lâm Đồng	5841	Đạ Tẻh 2	0
29	Lâm Đồng	5842	Đạ Tẻh 3	1
29	Lâm Đồng	5844	Đạ Huoai 2	0
29	Lâm Đồng	5845	Đạ Huoai	1
29	Lâm Đồng	5848	Đạ Huoai 3	1
29	Lâm Đồng	5852	Bảo Thuận	2
29	Lâm Đồng	5859	Hòa Bắc	0
29	Lâm Đồng	5861	Hòa Ninh	7
29	Lâm Đồng	5864	Sơn Điền	0
29	Lâm Đồng	5865	Gia Hiệp	0
29	Lâm Đồng	5869	Đinh Trang Thượng	0
29	Lâm Đồng	5871	D’Ran	0
29	Lâm Đồng	5872	Ka Đô	0
29	Lâm Đồng	5877	Quảng Lập	0
29	Lâm Đồng	5878	Đơn Dương	9
29	Lâm Đồng	5884	Hiệp Thạnh	13
29	Lâm Đồng	5886	Đức Trọng	8
29	Lâm Đồng	5888	Ninh Gia	2
29	Lâm Đồng	5891	Tà Hine	2
29	Lâm Đồng	5892	Tà Năng	1
29	Lâm Đồng	5893	Tân Hội	3
29	Lâm Đồng	5895	Lạc Dương	3
29	Lâm Đồng	5902	Đinh Văn Lâm Hà	7
29	Lâm Đồng	5908	Nam Ban Lâm Hà	17
29	Lâm Đồng	5909	Nam Hà Lâm Hà	0
29	Lâm Đồng	5911	Phú Sơn Lâm Hà	0
29	Lâm Đồng	5912	Phúc Thọ Lâm Hà	6
29	Lâm Đồng	5913	Tân Hà Lâm Hà	6
29	Lâm Đồng	10844	Nam Gia Nghĩa	2
29	Lâm Đồng	10847	Đông Gia Nghĩa	4
29	Lâm Đồng	10850	Bắc Gia Nghĩa	1
29	Lâm Đồng	10863	Đắk Wil	0
29	Lâm Đồng	10865	Nam Dong	0
29	Lâm Đồng	10867	Cư Jút	1
29	Lâm Đồng	10872	Tà Đùng	1
29	Lâm Đồng	10877	Quảng Hòa	0
29	Lâm Đồng	10878	Quảng Khê	2
29	Lâm Đồng	10879	Quảng Sơn	0
29	Lâm Đồng	10883	Đắk Mil	5
29	Lâm Đồng	10887	Đắk Sắk	0
29	Lâm Đồng	10902	Đức Lập	1
29	Lâm Đồng	10903	Thuận An	0
29	Lâm Đồng	10910	Nhân Cơ	2
29	Lâm Đồng	10915	Quảng Tín	2
29	Lâm Đồng	10919	Kiến Đức	1
29	Lâm Đồng	10921	Đắk Song	1
29	Lâm Đồng	10938	Đức An	0
29	Lâm Đồng	10940	Thuận Hạnh	0
29	Lâm Đồng	10941	Trường Xuân	3
29	Lâm Đồng	10957	Nam Đà	1
29	Lâm Đồng	10959	Nâm Nung	0
29	Lâm Đồng	10962	Quảng Phú	0
29	Lâm Đồng	10967	Krông Nô	0
29	Lâm Đồng	10968	Tuy Đức	0
29	Lâm Đồng	10972	Quảng Tân	2
29	Lâm Đồng	10973	Quảng Trực	0
29	Lâm Đồng	20038	1 Bảo Lộc	6
29	Lâm Đồng	20536	Xuân Hương - Đà Lạt	105
29	Lâm Đồng	20537	Bảo Lâm 1	13
29	Lâm Đồng	20538	Cát Tiên	0
29	Lâm Đồng	20539	Cát Tiên 2	1
29	Lâm Đồng	20540	Di Linh	17
29	Lâm Đồng	20542	Đạ Tẻh	2
29	Lâm Đồng	20546	Đam Rông 3	0
29	Lâm Đồng	20547	Đam Rông 4	0
29	Lâm Đồng	20548	Đam Rông 2	2
29	Lâm Đồng	20549	Đam Rông 1	1
29	Lâm Đồng	20744	Bắc Bình	2
29	Lâm Đồng	20748	Hồng Sơn	2
30	Lai Châu	20111	Tả Lèng	0
30	Lai Châu	21292	Đoàn Kết	0
30	Lai Châu	21302	Tân Phong	0
30	Lai Châu	21307	Mường Tè	0
30	Lai Châu	21308	Bum Nưa	0
30	Lai Châu	21309	Bum Tở	0
30	Lai Châu	21312	Mù Cả	0
30	Lai Châu	21314	Pa Ủ	0
30	Lai Châu	21317	Tà Tổng	0
30	Lai Châu	21318	Thu Lũm	0
30	Lai Châu	21321	Hua Bum	0
30	Lai Châu	21322	Lê Lợi	0
30	Lai Châu	21323	Mường Mô	0
30	Lai Châu	21327	Nậm Hàng	0
30	Lai Châu	21334	Phong Thổ	0
30	Lai Châu	21336	Dào San	0
30	Lai Châu	21339	Khổng Lào	0
30	Lai Châu	21348	Sì Lở Lầu	0
30	Lai Châu	21349	Sin Suối Hồ	0
30	Lai Châu	21354	Sìn Hồ	0
30	Lai Châu	21357	Hồng Thu	0
30	Lai Châu	21362	Nậm Cuổi	0
30	Lai Châu	21364	Nậm Mạ	0
30	Lai Châu	21365	Nậm Tăm	0
30	Lai Châu	21368	Pa Tần	0
30	Lai Châu	21371	Pu Sam Cáp	0
30	Lai Châu	21380	Tủa Sín Chải	0
30	Lai Châu	21384	Bản Bo	0
30	Lai Châu	21387	Bình Lư	0
30	Lai Châu	21390	Khun Há	0
30	Lai Châu	21397	Tân Uyên	0
30	Lai Châu	21399	Mường Khoa	0
30	Lai Châu	21401	Nậm Sỏ	0
30	Lai Châu	21402	Pắc Ta	0
30	Lai Châu	21414	Than Uyên	0
30	Lai Châu	21416	Khoen On	0
30	Lai Châu	21418	Mường Kim	0
30	Lai Châu	21419	Mường Than	0
33	Khánh Hòa	3329	Cam Lâm	19
33	Khánh Hòa	3335	Cam An	6
33	Khánh Hòa	3338	Cam Hiệp	18
33	Khánh Hòa	5260	Nam Nha Trang	562
33	Khánh Hòa	5261	Nha Trang	171
33	Khánh Hòa	5267	Vạn Thắng	14
33	Khánh Hòa	5276	Bắc Nha Trang	299
33	Khánh Hòa	5280	Tây Nha Trang	167
33	Khánh Hòa	5283	Nam Khánh Vĩnh	0
33	Khánh Hòa	5286	Bắc Khánh Vĩnh	8
33	Khánh Hòa	5288	Tây Khánh Vĩnh	2
33	Khánh Hòa	5292	Trung Khánh Vĩnh	5
33	Khánh Hòa	5297	Diên Điền	23
33	Khánh Hòa	5299	Diên Lâm	6
33	Khánh Hòa	5302	Diên Thọ	22
33	Khánh Hòa	5305	Suối Hiệp	26
33	Khánh Hòa	5308	Tân Định	11
33	Khánh Hòa	5318	Hòa Thắng	5
33	Khánh Hòa	5319	Ninh Hòa	11
33	Khánh Hòa	5320	Đông Ninh Hòa	8
33	Khánh Hòa	5324	Nam Ninh Hòa	7
33	Khánh Hòa	5325	Tây Ninh Hòa	8
33	Khánh Hòa	5326	Hòa Trí	2
33	Khánh Hòa	5327	Bắc Ninh Hòa	11
33	Khánh Hòa	5334	Đông Khánh Sơn	0
33	Khánh Hòa	5338	Tây Khánh Sơn	0
33	Khánh Hòa	5339	Khánh Sơn	1
33	Khánh Hòa	5340	Ba Ngòi	3
33	Khánh Hòa	5344	Cam Linh	0
33	Khánh Hòa	5350	Cam Ranh	1
33	Khánh Hòa	5352	Bắc Cam Ranh	35
33	Khánh Hòa	5354	Nam Cam Ranh	2
33	Khánh Hòa	5358	Đại Lãnh	8
33	Khánh Hòa	5360	Vạn Ninh	4
33	Khánh Hòa	5361	Vạn Hưng	20
33	Khánh Hòa	5362	Tu Bông	17
33	Khánh Hòa	7225	Công Hải	0
33	Khánh Hòa	7227	Ninh Chử	5
33	Khánh Hòa	7228	Thuận Bắc	0
33	Khánh Hòa	7232	Ninh Hải	5
33	Khánh Hòa	7235	Vĩnh Hải	3
33	Khánh Hòa	7236	Xuân Hải	1
33	Khánh Hòa	7238	Ninh Phước	3
33	Khánh Hòa	7240	Phước Hậu	1
33	Khánh Hòa	7241	Phước Hữu	0
33	Khánh Hòa	7246	Anh Dũng	0
33	Khánh Hòa	7248	Lâm Sơn	0
33	Khánh Hòa	7250	Mỹ Sơn	1
33	Khánh Hòa	7253	Ninh Sơn	0
33	Khánh Hòa	7254	Bảo An	1
33	Khánh Hòa	7257	Đô Vinh	1
33	Khánh Hòa	7258	Đông Hải	18
33	Khánh Hòa	7259	Phan Rang	10
33	Khánh Hòa	20464	Suối Dầu	17
33	Khánh Hòa	20750	Bác Ái Tây	0
33	Khánh Hòa	20751	Bác Ái	1
33	Khánh Hòa	20755	Bác Ái Đông	0
33	Khánh Hòa	20761	Cà Ná	1
33	Khánh Hòa	20764	Phước Dinh	2
33	Khánh Hòa	20765	Phước Hà	0
33	Khánh Hòa	20767	Thuận Nam	2
33	Khánh Hòa	21461	Trường Sa	0
33	Khánh Hòa	21462	Khánh Vĩnh	13
33	Khánh Hòa	21464	Diên Khánh	61
33	Khánh Hòa	21467	Diên Lạc	26
34	Hưng Yên	5091	Phạm Ngũ Lão	5
34	Hưng Yên	5099	Hồng Quang	3
34	Hưng Yên	5101	Nguyễn Trãi	2
34	Hưng Yên	5109	Xuân Trúc	2
34	Hưng Yên	5113	Hồng Châu	0
34	Hưng Yên	5115	Sơn Nam	4
34	Hưng Yên	5117	Phố Hiến	8
34	Hưng Yên	5122	Triệu Việt Vương	3
34	Hưng Yên	5131	Châu Ninh	1
34	Hưng Yên	5143	Chí Minh	0
34	Hưng Yên	5145	Việt Tiến	0
34	Hưng Yên	5146	Hoàng Hoa Thám	1
34	Hưng Yên	5154	Tiên Hoa	2
34	Hưng Yên	5162	Tiên Lữ	1
34	Hưng Yên	5168	Mễ Sở	19
34	Hưng Yên	5169	Nghĩa Trụ	459
34	Hưng Yên	5170	Phụng Công	229
34	Hưng Yên	5175	Lạc Đạo	5
34	Hưng Yên	5178	Đại Đồng	3
34	Hưng Yên	5182	Như Quỳnh	26
34	Hưng Yên	5188	Hoàn Long	12
34	Hưng Yên	5189	Nguyễn Văn Linh	6
34	Hưng Yên	5196	Việt Yên	11
34	Hưng Yên	5197	Yên Mỹ	1
34	Hưng Yên	5206	Đức Hợp	3
34	Hưng Yên	5211	Nghĩa Dân	0
34	Hưng Yên	5212	Hiệp Cường	1
34	Hưng Yên	5224	Mỹ Hào	22
34	Hưng Yên	5227	Thượng Hồng	10
34	Hưng Yên	5230	Đường Hào	3
34	Hưng Yên	5236	Đoàn Đào	3
34	Hưng Yên	5243	Quang Hưng	3
34	Hưng Yên	5245	Tiên Tiến	1
34	Hưng Yên	5247	Tống Trân	3
34	Hưng Yên	9626	Trà Lý	0
34	Hưng Yên	9629	Nam Đông Hưng	0
34	Hưng Yên	9630	Đông Hưng	0
34	Hưng Yên	9635	Đông Quan	0
34	Hưng Yên	9637	Bắc Đông Hưng	1
34	Hưng Yên	9641	Bắc Đông Quan	0
34	Hưng Yên	9648	Tiên Hưng	0
34	Hưng Yên	9653	Nam Tiên Hưng	0
34	Hưng Yên	9657	Đông Tiên Hưng	0
34	Hưng Yên	9658	Bắc Tiên Hưng	0
34	Hưng Yên	9664	Thần Khê	0
34	Hưng Yên	9671	Diên Hà	5
34	Hưng Yên	9673	Ngự Thiên	0
34	Hưng Yên	9674	Lê Quý Đôn	0
34	Hưng Yên	9676	Hồng Minh	0
34	Hưng Yên	9678	Long Hưng	0
34	Hưng Yên	9684	Tiên La	0
34	Hưng Yên	9697	Bình Định	0
34	Hưng Yên	9699	Bình Nguyên	0
34	Hưng Yên	9700	Bình Thanh	0
34	Hưng Yên	9705	Lê Lợi	0
34	Hưng Yên	9712	Quang Lịch	0
34	Hưng Yên	9720	Trà Giang	0
34	Hưng Yên	9723	Hồng Vũ	0
34	Hưng Yên	9727	Vũ Quý	0
34	Hưng Yên	9728	Trần Lãm	4
34	Hưng Yên	9738	A Sào	0
34	Hưng Yên	9742	Đồng Bằng	0
34	Hưng Yên	9744	Phụ Dực	1
34	Hưng Yên	9745	Tân Tiến	1
34	Hưng Yên	9748	Quỳnh An	0
34	Hưng Yên	9751	Nguyễn Du	0
34	Hưng Yên	9752	Quỳnh Phụ	1
34	Hưng Yên	9764	Ngọc Lâm	1
34	Hưng Yên	9767	Minh Thọ	0
34	Hưng Yên	9779	Trần Hưng Đạo	9
34	Hưng Yên	9781	Thái Bình	7
34	Hưng Yên	9788	Vũ Phúc	7
34	Hưng Yên	9790	Đông Thụy Anh	0
34	Hưng Yên	9794	Bắc Thái Ninh	0
34	Hưng Yên	9795	Tây Thái Ninh	0
34	Hưng Yên	9800	Thái Ninh	2
34	Hưng Yên	9805	Nam Thái Ninh	0
34	Hưng Yên	9811	Đông Thái Ninh	2
34	Hưng Yên	9822	Thụy Anh	4
34	Hưng Yên	9823	Thái Thụy	6
34	Hưng Yên	9825	Tây Thụy Anh	0
34	Hưng Yên	9831	Nam Thụy Anh	0
34	Hưng Yên	9835	Bắc Thụy Anh	0
34	Hưng Yên	9838	Tây Tiền Hải	0
34	Hưng Yên	9844	Đồng Châu	2
34	Hưng Yên	9847	Đông Tiền Hải	0
34	Hưng Yên	9851	Nam Cường	2
34	Hưng Yên	9853	Nam Tiền Hải	0
34	Hưng Yên	9856	Hưng Phú	0
34	Hưng Yên	9863	Ái Quốc	1
34	Hưng Yên	9870	Tiền Hải	2
34	Hưng Yên	9871	Tân Thuận	0
34	Hưng Yên	9872	Vạn Xuân	1
34	Hưng Yên	9880	Thư Trì	0
34	Hưng Yên	9896	Vũ Tiên	0
34	Hưng Yên	9897	Thư Vũ	0
34	Hưng Yên	21017	Tân Hưng	1
34	Hưng Yên	21018	Ân Thi	2
34	Hưng Yên	21019	Khoái Châu	3
34	Hưng Yên	21020	Lương Bằng	6
34	Hưng Yên	21025	Văn Giang	61
34	Hưng Yên	21048	Hưng Hà	0
34	Hưng Yên	21051	Kiến Xương	1
34	Hưng Yên	21061	Vũ Thư	0
38	Hà Tĩnh	3897	Cẩm Bình	0
38	Hà Tĩnh	3898	Cẩm Duệ	0
38	Hà Tĩnh	3902	Cẩm Hưng	0
38	Hà Tĩnh	3904	Cẩm Lạc	0
38	Hà Tĩnh	3919	Cẩm Trung	0
38	Hà Tĩnh	3921	Thiên Cầm	0
38	Hà Tĩnh	3922	Đồng Lộc	0
38	Hà Tĩnh	3923	Gia Hanh	0
38	Hà Tĩnh	3928	Trường Lưu	0
38	Hà Tĩnh	3930	Xuân Lộc	0
38	Hà Tĩnh	3940	Tùng Lộc	0
38	Hà Tĩnh	3942	Can Lộc	0
38	Hà Tĩnh	3948	Đức Đồng	0
38	Hà Tĩnh	3970	Đức Minh	0
38	Hà Tĩnh	3973	Đức Quang	0
38	Hà Tĩnh	3974	Thành Sen	0
38	Hà Tĩnh	3975	Hà Huy Tập	0
38	Hà Tĩnh	3987	Trần Phú	0
38	Hà Tĩnh	3990	Bắc Hồng Lĩnh	0
38	Hà Tĩnh	3994	Nam Hồng Lĩnh	1
38	Hà Tĩnh	3997	Hà Linh	0
38	Hà Tĩnh	3999	Hương Bình	0
38	Hà Tĩnh	4000	Hương Đô	0
38	Hà Tĩnh	4001	Hương Phố	0
38	Hà Tĩnh	4009	Hương Xuân	0
38	Hà Tĩnh	4014	Phúc Trạch	0
38	Hà Tĩnh	4017	Hương Sơn	0
38	Hà Tĩnh	4023	Sơn Giang	0
38	Hà Tĩnh	4027	Sơn Hồng	0
38	Hà Tĩnh	4028	Sơn Kim 1	0
38	Hà Tĩnh	4029	Sơn Kim 2	0
38	Hà Tĩnh	4041	Sơn Tây	0
38	Hà Tĩnh	4044	Sơn Tiến	0
38	Hà Tĩnh	4051	Kỳ Anh	2
38	Hà Tĩnh	4053	Hải Ninh	0
38	Hà Tĩnh	4055	Kỳ Hoa	0
38	Hà Tĩnh	4058	Kỳ Khang	0
38	Hà Tĩnh	4059	Kỳ Lạc	0
38	Hà Tĩnh	4063	Vũng Áng	0
38	Hà Tĩnh	4064	Hoành Sơn	0
38	Hà Tĩnh	4075	Kỳ Thượng	0
38	Hà Tĩnh	4079	Kỳ Văn	0
38	Hà Tĩnh	4080	Kỳ Xuân	0
38	Hà Tĩnh	4081	Cổ Đạm	1
38	Hà Tĩnh	4083	Tiên Điền	1
38	Hà Tĩnh	4084	Nghi Xuân	0
38	Hà Tĩnh	4108	Đồng Tiến	0
38	Hà Tĩnh	4110	Đông Kinh	0
38	Hà Tĩnh	4111	Thạch Khê	0
38	Hà Tĩnh	4112	Thạch Lạc	0
38	Hà Tĩnh	4117	Việt Xuyên	0
38	Hà Tĩnh	4126	Thạch Xuân	0
38	Hà Tĩnh	4133	Thượng Đức	0
38	Hà Tĩnh	4134	Mai Hoa	0
38	Hà Tĩnh	4153	Hồng Lộc	0
38	Hà Tĩnh	4156	Mai Phụ	0
38	Hà Tĩnh	21192	Sông Trí	0
38	Hà Tĩnh	21196	Cẩm Xuyên	0
38	Hà Tĩnh	21198	Yên Hòa	0
38	Hà Tĩnh	21210	Đức Thịnh	0
38	Hà Tĩnh	21213	Đức Thọ	1
38	Hà Tĩnh	21214	Hương Khê	0
38	Hà Tĩnh	21217	Tứ Mỹ	0
38	Hà Tĩnh	21219	Kim Hoa	0
38	Hà Tĩnh	21244	Lộc Hà	0
38	Hà Tĩnh	21250	Đan Hải	1
38	Hà Tĩnh	21254	Toàn Lưu	0
38	Hà Tĩnh	21257	Thạch Hà	0
38	Hà Tĩnh	21259	Vũ Quang	0
41	Gia Lai	2142	An Hòa	0
41	Gia Lai	2147	An Toàn	0
41	Gia Lai	2149	An Vinh	0
41	Gia Lai	2150	Bình Định	8
41	Gia Lai	2152	An Nhơn Đông	11
41	Gia Lai	2153	An Nhơn Bắc	0
41	Gia Lai	2154	An Nhơn	0
41	Gia Lai	2162	An Nhơn Tây	0
41	Gia Lai	2164	An Nhơn Nam	2
41	Gia Lai	2167	Ân Hảo	0
41	Gia Lai	2170	Kim Sơn	0
41	Gia Lai	2172	Vạn Đức	0
41	Gia Lai	2175	Hoài Ân	0
41	Gia Lai	2178	Ân Tường	0
41	Gia Lai	2180	Bồng Sơn	1
41	Gia Lai	2182	Hoài Nhơn Bắc	0
41	Gia Lai	2187	Hoài Nhơn Đông	0
41	Gia Lai	2188	Hoài Nhơn Tây	0
41	Gia Lai	2192	Hoài Nhơn	0
41	Gia Lai	2193	Hoài Nhơn Nam	1
41	Gia Lai	2194	Tam Quan	0
41	Gia Lai	2200	Hòa Hội	0
41	Gia Lai	2201	Ngô Mây	0
41	Gia Lai	2205	Xuân An	0
41	Gia Lai	2206	Hội Sơn	0
41	Gia Lai	2207	Đề Gi	0
41	Gia Lai	2208	Phù Cát	1
41	Gia Lai	2211	Cát Tiến	2
41	Gia Lai	2215	Bình Dương	1
41	Gia Lai	2217	An Lương	0
41	Gia Lai	2221	Phù Mỹ Bắc	0
41	Gia Lai	2223	Phù Mỹ Tây	0
41	Gia Lai	2228	Phù Mỹ Nam	0
41	Gia Lai	2229	Phù Mỹ Đông	1
41	Gia Lai	2235	Quy Nhơn Nam	24
41	Gia Lai	2243	Nhơn Châu	0
41	Gia Lai	2244	Quy Nhơn Đông	8
41	Gia Lai	2247	Quy Nhơn Bắc	19
41	Gia Lai	2248	Quy Nhơn Tây	5
41	Gia Lai	2252	Quy Nhơn	34
41	Gia Lai	2256	Tây Sơn	0
41	Gia Lai	2258	Bình An	0
41	Gia Lai	2261	Bình Hiệp	1
41	Gia Lai	2264	Bình Phú	0
41	Gia Lai	2265	Bình Khê	0
41	Gia Lai	2270	Tuy Phước Tây	0
41	Gia Lai	2272	Tuy Phước Đông	0
41	Gia Lai	2273	Tuy Phước Bắc	0
41	Gia Lai	2282	Vân Canh	0
41	Gia Lai	2284	Canh Liên	0
41	Gia Lai	2286	Canh Vinh	4
41	Gia Lai	2291	Vĩnh Quang	0
41	Gia Lai	2292	Vĩnh Sơn	0
41	Gia Lai	2293	Vĩnh Thịnh	0
41	Gia Lai	3357	An Bình	0
41	Gia Lai	3360	Cửu An	0
41	Gia Lai	3363	An Khê	0
41	Gia Lai	3367	Ayun Pa	0
41	Gia Lai	3369	Ia Rbol	0
41	Gia Lai	3371	Ia Sao	0
41	Gia Lai	3379	Ia Khươl	0
41	Gia Lai	3381	Ia Ly	0
41	Gia Lai	3384	Ia Phí	1
41	Gia Lai	3387	Chư Păh	0
41	Gia Lai	3388	Bàu Cạn	0
41	Gia Lai	3392	Ia Lâu	0
41	Gia Lai	3394	Ia Mơ	0
41	Gia Lai	3395	Ia Boòng	0
41	Gia Lai	3397	Ia Pia	0
41	Gia Lai	3398	Ia Púch	0
41	Gia Lai	3399	Ia Tôr	0
41	Gia Lai	3402	Al Bá	0
41	Gia Lai	3404	Bờ Ngoong	0
41	Gia Lai	3410	Ia Hrú	0
41	Gia Lai	3411	Ia Ko	1
41	Gia Lai	3412	Ia Le	1
41	Gia Lai	3415	Đức Cơ	0
41	Gia Lai	3417	Ia Dơk	0
41	Gia Lai	3418	Ia Dom	0
41	Gia Lai	3420	Ia Krêl	0
41	Gia Lai	3423	Ia Nan	0
41	Gia Lai	3424	Ia Pnôn	0
41	Gia Lai	3426	Đak Rong	0
41	Gia Lai	3430	Kông Bơ La	0
41	Gia Lai	3432	Krong	0
41	Gia Lai	3436	Sơn Lang	0
41	Gia Lai	3437	Tơ Tung	0
41	Gia Lai	3439	Chơ Long	1
41	Gia Lai	3440	Chư Krey	1
41	Gia Lai	3444	Đăk Song	0
41	Gia Lai	3447	SRó	0
41	Gia Lai	3448	Ya Ma	0
41	Gia Lai	3458	Ia Dreh	0
41	Gia Lai	3459	Ia Rsai	1
41	Gia Lai	3463	Phú Túc	0
41	Gia Lai	3464	Uar	0
41	Gia Lai	3466	Ia Chia	0
41	Gia Lai	3469	Ia Hrung	1
41	Gia Lai	3470	Ia Grai	1
41	Gia Lai	3472	Ia Krái	0
41	Gia Lai	3473	Ia O	0
41	Gia Lai	3478	Ayun	0
41	Gia Lai	3485	Hra	1
41	Gia Lai	3486	Kon Chiêng	0
41	Gia Lai	3489	Lơ Pang	0
41	Gia Lai	3490	An Phú	0
41	Gia Lai	3491	Biển Hồ	4
41	Gia Lai	3496	Diên Hồng	0
41	Gia Lai	3498	Gào	2
41	Gia Lai	3500	Hội Phú	6
41	Gia Lai	3501	Pleiku	5
41	Gia Lai	3507	Thống Nhất	3
41	Gia Lai	20093	Đak Đoa	1
41	Gia Lai	20891	Chư Prông	1
41	Gia Lai	20898	Chư Pưh	0
41	Gia Lai	20906	Chư Sê	1
41	Gia Lai	20914	Đak Sơmei	0
41	Gia Lai	20919	Mang Yang	1
41	Gia Lai	20927	Ia Băng	0
41	Gia Lai	20929	KDang	1
41	Gia Lai	20930	Kon Gang	1
41	Gia Lai	20935	Đak Pơ	1
41	Gia Lai	20941	Ya Hội	0
41	Gia Lai	20948	Ia Pa	0
41	Gia Lai	20949	Ia Tul	0
41	Gia Lai	20951	Pờ Tó	0
41	Gia Lai	20952	Kbang	2
41	Gia Lai	20954	Kông Chro	0
41	Gia Lai	20955	Phú Thiện	0
41	Gia Lai	20958	Chư A Thai	0
41	Gia Lai	20960	Ia Hiao	0
41	Gia Lai	21428	An Lão	0
41	Gia Lai	21437	Phù Mỹ	0
41	Gia Lai	21443	Tuy Phước	2
41	Gia Lai	21447	Vĩnh Thạnh	0
42	Đồng Tháp	3594	Mỹ Thọ	7
42	Đồng Tháp	10252	An Hữu	0
42	Đồng Tháp	10254	Thanh Hưng	3
42	Đồng Tháp	10259	Hậu Mỹ	2
42	Đồng Tháp	10264	Mỹ Đức Tây	3
42	Đồng Tháp	10265	Hội Cư	1
42	Đồng Tháp	10267	Mỹ Lợi	1
42	Đồng Tháp	10274	Mỹ Thiện	0
42	Đồng Tháp	10275	Bình Phú	1
42	Đồng Tháp	10277	Hiệp Đức	1
42	Đồng Tháp	10280	Long Tiên	0
42	Đồng Tháp	10283	Mỹ Phước Tây	12
42	Đồng Tháp	10287	Mỹ Thành	1
42	Đồng Tháp	10288	Ngũ Hiệp	1
42	Đồng Tháp	10290	Nhị Quý	0
42	Đồng Tháp	10292	Thạnh Phú	1
42	Đồng Tháp	10299	Tân Phú	3
42	Đồng Tháp	10300	Thanh Hòa	2
42	Đồng Tháp	10304	Bình Trưng	1
42	Đồng Tháp	10309	Kim Sơn	9
42	Đồng Tháp	10310	Châu Thành	7
42	Đồng Tháp	10311	Long Định	7
42	Đồng Tháp	10312	Long Hưng	11
42	Đồng Tháp	10320	Tân Hương	15
42	Đồng Tháp	10325	Vĩnh Kim	2
42	Đồng Tháp	10326	An Thạnh Thủy	3
42	Đồng Tháp	10327	Bình Ninh	4
42	Đồng Tháp	10334	Lương Hòa Lạc	6
42	Đồng Tháp	10335	Mỹ Tịnh An	10
42	Đồng Tháp	10340	Tân Thuận Bình	4
42	Đồng Tháp	10345	Sơn Qui	27
42	Đồng Tháp	10346	Bình Xuân	7
42	Đồng Tháp	10348	Gò Công	7
42	Đồng Tháp	10350	Long Thuận	10
42	Đồng Tháp	10360	Gia Thuận	17
42	Đồng Tháp	10363	Tân Điền	26
42	Đồng Tháp	10364	Tân Đông	8
42	Đồng Tháp	10367	Gò Công Đông	16
42	Đồng Tháp	10371	Phú Thành	9
42	Đồng Tháp	10373	Đồng Sơn	4
42	Đồng Tháp	10375	Long Bình	10
42	Đồng Tháp	10379	Vĩnh Hựu	5
42	Đồng Tháp	10381	Đạo Thạnh	86
42	Đồng Tháp	10382	Mỹ Phong	96
42	Đồng Tháp	10384	Mỹ Tho	6
42	Đồng Tháp	10386	Thới Sơn	28
42	Đồng Tháp	10387	Trung An	97
42	Đồng Tháp	10397	Hưng Thạnh	7
42	Đồng Tháp	10401	Tân Phước 1	14
42	Đồng Tháp	10402	Tân Phước 2	3
42	Đồng Tháp	10405	Tân Phước 3	7
42	Đồng Tháp	10913	Tân Phú Đông	2
42	Đồng Tháp	10918	Tân Thới	6
42	Đồng Tháp	10994	Mỹ Ngãi	5
42	Đồng Tháp	10997	Mỹ Trà	9
42	Đồng Tháp	10998	Cao Lãnh	17
42	Đồng Tháp	11013	Phú Hựu	3
42	Đồng Tháp	11016	Tân Nhuận Đông	1
42	Đồng Tháp	11018	Tân Phú Trung	5
42	Đồng Tháp	11019	An Bình	1
42	Đồng Tháp	11026	Long Khánh	0
42	Đồng Tháp	11027	Long Phú Thuận	0
42	Đồng Tháp	11030	Hồng Ngự	4
42	Đồng Tháp	11031	Thường Lạc	1
42	Đồng Tháp	11033	Thường Phước	0
42	Đồng Tháp	11038	Hòa Long	1
42	Đồng Tháp	11042	Phong Hòa	2
42	Đồng Tháp	11043	Tân Dương	6
42	Đồng Tháp	11046	Lai Vung	0
42	Đồng Tháp	11055	Mỹ An Hưng	0
42	Đồng Tháp	11057	Tân Khánh Trung	2
42	Đồng Tháp	11060	An Hòa	0
42	Đồng Tháp	11061	An Long	8
42	Đồng Tháp	11063	Phú Cường	0
42	Đồng Tháp	11065	Tam Nông	0
42	Đồng Tháp	11069	Phú Thọ	0
42	Đồng Tháp	11071	Tràm Chim	0
42	Đồng Tháp	11072	An Phước	0
42	Đồng Tháp	11075	Tân Hồng	2
42	Đồng Tháp	11076	Tân Hộ Cơ	0
42	Đồng Tháp	11078	Tân Thành	0
42	Đồng Tháp	11082	Bình Thành	2
42	Đồng Tháp	11083	Tân Thạnh	0
42	Đồng Tháp	11084	Tân Long	2
42	Đồng Tháp	11092	Đốc Binh Kiều	1
42	Đồng Tháp	11097	Tháp Mười	2
42	Đồng Tháp	11098	Mỹ Quí	4
42	Đồng Tháp	11102	Thanh Mỹ	0
42	Đồng Tháp	11103	Trường Xuân	4
42	Đồng Tháp	11108	Sa Đéc	23
42	Đồng Tháp	20575	Cai Lậy	2
42	Đồng Tháp	20578	Cái Bè	5
42	Đồng Tháp	20579	Chợ Gạo	10
42	Đồng Tháp	20580	Tân Hòa	13
42	Đồng Tháp	20581	Vĩnh Bình	4
42	Đồng Tháp	20622	Ba Sao	3
42	Đồng Tháp	20624	Bình Hàng Trung	1
42	Đồng Tháp	20628	Mỹ Hiệp	4
42	Đồng Tháp	20634	Phong Mỹ	0
42	Đồng Tháp	20635	Phương Thịnh	1
42	Đồng Tháp	20641	Lấp Vò	1
42	Đồng Tháp	20642	Thanh Bình	2
43	Đồng Nai	1116	Trấn Biên	199
43	Đồng Nai	1120	Long Bình	30
43	Đồng Nai	1124	Tam Hiệp	63
43	Đồng Nai	1132	Biên Hòa	114
43	Đồng Nai	1134	Trảng Dài	44
43	Đồng Nai	1137	La Ngà	9
43	Đồng Nai	1140	Phú Hòa	3
43	Đồng Nai	1144	Thống Nhất	6
43	Đồng Nai	1146	Thanh Sơn	0
43	Đồng Nai	1149	Bảo Vinh	14
43	Đồng Nai	1152	Bình Lộc	38
43	Đồng Nai	1153	Hàng Gòn	10
43	Đồng Nai	1155	Long Khánh	11
43	Đồng Nai	1158	Xuân Lập	2
43	Đồng Nai	1162	An Phước	27
43	Đồng Nai	1170	Phước Thái	16
43	Đồng Nai	1175	Đại Phước	49
43	Đồng Nai	1183	Phước An	102
43	Đồng Nai	1185	Nhơn Trạch	96
43	Đồng Nai	1187	Đak Lua	0
43	Đồng Nai	1188	Nam Cát Tiên	0
43	Đồng Nai	1191	Phú Lâm	0
43	Đồng Nai	1196	Tà Lài	3
43	Đồng Nai	1200	Gia Kiệm	5
43	Đồng Nai	1212	Phú Lý	1
43	Đồng Nai	1213	Tân An	2
43	Đồng Nai	1216	Trị An	7
43	Đồng Nai	1220	Xuân Lộc	22
43	Đồng Nai	1223	Xuân Bắc	1
43	Đồng Nai	1224	Xuân Định	1
43	Đồng Nai	1227	Xuân Đông	18
43	Đồng Nai	1228	Xuân Thành	3
43	Đồng Nai	1231	An Viễn	26
43	Đồng Nai	1233	Bình Minh	7
43	Đồng Nai	1238	Hố Nai	16
43	Đồng Nai	1239	Hưng Thịnh	9
43	Đồng Nai	1942	Bình Long	1
43	Đồng Nai	1945	Minh Đức	1
43	Đồng Nai	1947	Tân Hưng	2
43	Đồng Nai	1948	Tân Khai	4
43	Đồng Nai	1953	An Lộc	1
43	Đồng Nai	1955	Bình Tân	1
43	Đồng Nai	1957	Bù Gia Mập	0
43	Đồng Nai	1959	Đa Kia	0
43	Đồng Nai	1960	Đăk Ơ	0
43	Đồng Nai	1963	Long Hà	2
43	Đồng Nai	1966	Phú Nghĩa	0
43	Đồng Nai	1967	Phú Riềng	2
43	Đồng Nai	1968	Phú Trung	2
43	Đồng Nai	1970	Phước Bình	1
43	Đồng Nai	1976	Bom Bo	1
43	Đồng Nai	1977	Đak Nhau	0
43	Đồng Nai	1984	Bù Đăng	3
43	Đồng Nai	1986	Nghĩa Trung	0
43	Đồng Nai	1988	Phước Sơn	0
43	Đồng Nai	1989	Thọ Sơn	1
43	Đồng Nai	1991	Minh Hưng	52
43	Đồng Nai	1995	Chơn Thành	33
43	Đồng Nai	1996	Nha Bích	140
43	Đồng Nai	1998	Tân Quan	1
43	Đồng Nai	20002	Long Phước	30
43	Đồng Nai	20036	Tam Phước	16
43	Đồng Nai	20040	Phước Tân	41
43	Đồng Nai	20049	Bình Phước	21
43	Đồng Nai	20059	Trảng Bom	24
43	Đồng Nai	20061	Đồng Xoài	4
43	Đồng Nai	20065	Long Hưng	102
43	Đồng Nai	20086	Đồng Phú	12
43	Đồng Nai	20318	Cẩm Mỹ	5
43	Đồng Nai	20322	Sông Ray	1
43	Đồng Nai	20326	Xuân Đường	7
43	Đồng Nai	20328	Xuân Quế	2
43	Đồng Nai	20330	Phú Vinh	0
43	Đồng Nai	20331	Định Quán	9
43	Đồng Nai	20332	Long Thành	91
43	Đồng Nai	20333	Bình An	24
43	Đồng Nai	20334	Tân Phú	1
43	Đồng Nai	20340	Dầu Giây	28
43	Đồng Nai	20343	Bàu Hàm	16
43	Đồng Nai	20344	Tân Triều	141
43	Đồng Nai	20345	Xuân Phú	3
43	Đồng Nai	20347	Xuân Hòa	3
43	Đồng Nai	20501	Phước Long	0
43	Đồng Nai	20508	Tân Tiến	3
43	Đồng Nai	20509	Hưng Phước	0
43	Đồng Nai	20510	Thiện Hưng	1
43	Đồng Nai	20513	Đồng Tâm	23
43	Đồng Nai	20517	Tân Lợi	20
43	Đồng Nai	20519	Thuận Lợi	1
43	Đồng Nai	20521	Lộc Ninh	0
43	Đồng Nai	20525	Lộc Hưng	8
43	Đồng Nai	20528	Lộc Quang	1
43	Đồng Nai	20529	Lộc Tấn	2
43	Đồng Nai	20531	Lộc Thạnh	0
43	Đồng Nai	20532	Lộc Thành	2
44	Điện Biên	20112	Điện Biên Phủ	0
44	Điện Biên	20115	Mường Nhà	0
44	Điện Biên	20116	Mường Phăng	0
44	Điện Biên	20117	Mường Pồn	0
44	Điện Biên	20119	Nà Tấu	0
44	Điện Biên	20121	Sam Mứn	0
44	Điện Biên	20124	Núa Ngam	0
44	Điện Biên	20130	Thanh An	0
44	Điện Biên	20134	Thanh Nưa	1
44	Điện Biên	20135	Mường Thanh	0
44	Điện Biên	20136	Thanh Yên	0
44	Điện Biên	20159	Mường Ảng	0
44	Điện Biên	20163	Búng Lao	0
44	Điện Biên	20165	Mường Lạn	0
44	Điện Biên	20175	Mường Tùng	0
44	Điện Biên	20176	Na Sang	0
44	Điện Biên	20177	Nậm Nèn	0
44	Điện Biên	20178	Pa Ham	0
44	Điện Biên	20180	Mường Lay	0
44	Điện Biên	20184	Mường Nhé	0
44	Điện Biên	20185	Mường Toong	0
44	Điện Biên	20186	Nậm Kè	0
44	Điện Biên	20189	Quảng Lâm	0
44	Điện Biên	20191	Sín Thầu	0
44	Điện Biên	20194	Chà Tở	0
44	Điện Biên	20195	Nà Bủng	0
44	Điện Biên	20197	Nà Hỳ	0
44	Điện Biên	20203	Mường Chà	0
44	Điện Biên	20205	Si Pa Phìn	0
44	Điện Biên	20207	Tủa Chùa	0
44	Điện Biên	20212	Sáng Nhè	0
44	Điện Biên	20213	Sính Phình	0
44	Điện Biên	20217	Tủa Thàng	0
44	Điện Biên	20218	Sín Chải	0
44	Điện Biên	20219	Tuần Giáo	0
44	Điện Biên	20221	Chiềng Sinh	0
44	Điện Biên	20224	Mường Mùn	0
44	Điện Biên	20229	Pú Nhung	0
44	Điện Biên	20233	Quài Tở	0
44	Điện Biên	21279	Mường Luân	0
44	Điện Biên	21280	Na Son	0
44	Điện Biên	21284	Phình Giàng	0
44	Điện Biên	21285	Pu Nhi	0
44	Điện Biên	21286	Tìa Dình	0
44	Điện Biên	21287	Xa Dung	0
46	Đắk Lắk	7583	Phú Mỡ	0
46	Đắk Lắk	7584	Xuân Lãnh	0
46	Đắk Lắk	7586	Xuân Phước	0
46	Đắk Lắk	7588	Đồng Xuân	0
46	Đắk Lắk	7597	Tây Sơn	0
46	Đắk Lắk	7598	Vân Hòa	0
46	Đắk Lắk	7603	Sơn Hòa	0
46	Đắk Lắk	7606	Suối Trai	0
46	Đắk Lắk	7608	Xuân Cảnh	2
46	Đắk Lắk	7612	Xuân Lộc	1
46	Đắk Lắk	7614	Sông Cầu	3
46	Đắk Lắk	7616	Xuân Thọ	0
46	Đắk Lắk	7618	Đức Bình	1
46	Đắk Lắk	7619	Ea Bá	0
46	Đắk Lắk	7623	Ea Ly	1
46	Đắk Lắk	7627	Tuy An Nam	14
46	Đắk Lắk	7628	Ô Loan	5
46	Đắk Lắk	7630	Tuy An Bắc	1
46	Đắk Lắk	7638	Tuy An Đông	3
46	Đắk Lắk	7643	Bình Kiến	21
46	Đắk Lắk	7647	Phú Yên	8
46	Đắk Lắk	7649	Tuy Hòa	6
46	Đắk Lắk	7665	Hòa Hiệp	11
46	Đắk Lắk	7667	Đông Hòa	0
46	Đắk Lắk	7671	Hòa Xuân	0
46	Đắk Lắk	7690	Tây Hòa	0
46	Đắk Lắk	7693	Hòa Mỹ	0
46	Đắk Lắk	7698	Hòa Thịnh	0
46	Đắk Lắk	7701	Sơn Thành	0
46	Đắk Lắk	7715	Phú Hòa 2	0
46	Đắk Lắk	10677	Ea Nuôl	55
46	Đắk Lắk	10678	Ea Wer	15
46	Đắk Lắk	10679	Buôn Đôn	3
46	Đắk Lắk	10680	Buôn Ma Thuột	425
46	Đắk Lắk	10682	Ea Kao	250
46	Đắk Lắk	10685	Hòa Phú	194
46	Đắk Lắk	10690	Tân An	196
46	Đắk Lắk	10692	Tân Lập	181
46	Đắk Lắk	10698	Thành Nhất	187
46	Đắk Lắk	10703	Cuôr Đăng	78
46	Đắk Lắk	10706	Ea Kiết	33
46	Đắk Lắk	10709	Ea M’Droh	42
46	Đắk Lắk	10713	Ea Tul	19
46	Đắk Lắk	10716	Quảng Phú	86
46	Đắk Lắk	10719	Ea Drăng	2
46	Đắk Lắk	10720	Ea Hiao	3
46	Đắk Lắk	10721	Ea H’Leo	0
46	Đắk Lắk	10722	Ea Khăl	4
46	Đắk Lắk	10728	Ea Wy	0
46	Đắk Lắk	10734	Cư Yang	0
46	Đắk Lắk	10736	Ea Knốp	12
46	Đắk Lắk	10738	Ea Ô	2
46	Đắk Lắk	10739	Ea Păl	4
46	Đắk Lắk	10746	Ea Bung	1
46	Đắk Lắk	10748	Ea Rốk	0
46	Đắk Lắk	10750	Ia Lốp	1
46	Đắk Lắk	10751	Ia Rvê	1
46	Đắk Lắk	10756	Dur Kmăl	3
46	Đắk Lắk	10758	Ea Na	40
46	Đắk Lắk	10759	Krông Ana	0
46	Đắk Lắk	10762	Cư Pui	0
46	Đắk Lắk	10763	Dang Kang	6
46	Đắk Lắk	10767	Hòa Sơn	3
46	Đắk Lắk	10770	Krông Bông	3
46	Đắk Lắk	10772	Yang Mao	0
46	Đắk Lắk	10774	Krông Búk	16
46	Đắk Lắk	10776	Cư Pơng	48
46	Đắk Lắk	10779	Pơng Drang	12
46	Đắk Lắk	10782	Dliê Ya	10
46	Đắk Lắk	10790	Phú Xuân	20
46	Đắk Lắk	10791	Tam Giang	6
46	Đắk Lắk	10794	Ea Kly	13
46	Đắk Lắk	10795	Ea Knuếc	63
46	Đắk Lắk	10797	Ea Phê	7
46	Đắk Lắk	10803	Krông Pắc	9
46	Đắk Lắk	10806	Tân Tiến	2
46	Đắk Lắk	10807	Vụ Bổn	4
46	Đắk Lắk	10808	Liên Sơn Lắk	0
46	Đắk Lắk	10811	Đắk Liêng	0
46	Đắk Lắk	10813	Đắk Phơi	0
46	Đắk Lắk	10815	Krông Nô	1
46	Đắk Lắk	10816	Nam Ka	0
46	Đắk Lắk	10819	Cư M’ta	6
46	Đắk Lắk	10820	Cư Prao	4
46	Đắk Lắk	10826	Ea Riêng	3
46	Đắk Lắk	10827	Ea Trang	0
46	Đắk Lắk	10828	Krông Á	1
46	Đắk Lắk	20008	Cư Bao	135
46	Đắk Lắk	20010	Ea Drông	61
46	Đắk Lắk	20014	Buôn Hồ	55
46	Đắk Lắk	20805	Dray Bhăng	38
46	Đắk Lắk	20808	Ea Ktur	62
46	Đắk Lắk	20809	Ea Ning	35
46	Đắk Lắk	20824	Cư M’gar	24
46	Đắk Lắk	20832	Ea Kar	31
46	Đắk Lắk	20833	Ea Súp	0
46	Đắk Lắk	20840	Krông Năng	14
46	Đắk Lắk	20843	M’Drắk	1
46	Đắk Lắk	21438	Xuân Đài	2
46	Đắk Lắk	21442	Phú Hòa 1	2
46	Đắk Lắk	21448	Sông Hinh	0
46	Đắk Lắk	21450	Tuy An Tây	0
47	Cao Bằng	3004	Cô Ba	0
47	Cao Bằng	3005	Cốc Pàng	0
47	Cao Bằng	3010	Huy Giáp	0
47	Cao Bằng	3011	Khánh Xuân	0
47	Cao Bằng	3014	Sơn Lộ	0
47	Cao Bằng	3016	Xuân Trường	0
47	Cao Bằng	3022	Lý Quốc	0
47	Cao Bằng	3024	Quang Long	0
47	Cao Bằng	3028	Hạ Lang	0
47	Cao Bằng	3030	Vinh Quý	0
47	Cao Bằng	3036	Lũng Nặm	0
47	Cao Bằng	3037	Hà Quảng	0
47	Cao Bằng	3045	Tổng Cọt	0
47	Cao Bằng	3046	Trường Hà	0
47	Cao Bằng	3049	Bạch Đằng	0
47	Cao Bằng	3060	Thục Phán	0
47	Cao Bằng	3061	Hòa An	0
47	Cao Bằng	3063	Nam Tuấn	0
47	Cao Bằng	3065	Nguyễn Huệ	0
47	Cao Bằng	3070	Ca Thành	0
47	Cao Bằng	3074	Minh Tâm	0
47	Cao Bằng	3076	Nguyên Bình	0
47	Cao Bằng	3078	Tam Kim	0
47	Cao Bằng	3079	Thành Công	0
47	Cao Bằng	3082	Tĩnh Túc	0
47	Cao Bằng	3086	Canh Tân	0
47	Cao Bằng	3088	Đông Khê	0
47	Cao Bằng	3090	Kim Đồng	0
47	Cao Bằng	3093	Minh Khai	0
47	Cao Bằng	3121	Đàm Thủy	0
47	Cao Bằng	3123	Đình Phong	0
47	Cao Bằng	3133	Đoài Dương	0
47	Cao Bằng	7515	Lý Bôn	0
47	Cao Bằng	7517	Nam Quang	0
47	Cao Bằng	7524	Quảng Lâm	0
47	Cao Bằng	7541	Bảo Lâm	0
47	Cao Bằng	7546	Yên Thổ	0
47	Cao Bằng	7566	Thạch An	0
47	Cao Bằng	7661	Độc Lập	0
47	Cao Bằng	7662	Hạnh Phúc	0
47	Cao Bằng	8865	Nùng Trí Cao	0
47	Cao Bằng	8867	Tân Giang	1
47	Cao Bằng	21102	Bảo Lạc	0
47	Cao Bằng	21103	Hưng Đạo	0
47	Cao Bằng	21114	Thông Nông	0
47	Cao Bằng	21122	Thanh Long	0
47	Cao Bằng	21123	Cần Yên	0
47	Cao Bằng	21135	Phan Thanh	0
47	Cao Bằng	21138	Quảng Uyên	0
47	Cao Bằng	21141	Bế Văn Đàn	0
47	Cao Bằng	21143	Phục Hòa	0
47	Cao Bằng	21164	Đức Long	0
47	Cao Bằng	21171	Trùng Khánh	0
47	Cao Bằng	21172	Trà Lĩnh	0
47	Cao Bằng	21182	Quang Hán	0
47	Cao Bằng	21183	Quang Trung	0
48	Cà Mau	2302	Hiệp Thành	9
48	Cà Mau	2304	Vĩnh Trạch	9
48	Cà Mau	2306	Bạc Liêu	72
48	Cà Mau	2318	Phong Thạnh	4
48	Cà Mau	2321	Hồng Dân	3
48	Cà Mau	2322	Ninh Quới	0
48	Cà Mau	2324	Ninh Thạnh Lợi	0
48	Cà Mau	2325	Vĩnh Lộc	0
48	Cà Mau	2326	Vĩnh Lợi	4
48	Cà Mau	2328	Châu Thới	3
48	Cà Mau	2329	Hưng Hội	0
48	Cà Mau	2340	Phong Hiệp	3
48	Cà Mau	2347	Vĩnh Thanh	0
48	Cà Mau	2348	Gành Hào	1
48	Cà Mau	2350	An Trạch	0
48	Cà Mau	2353	Định Thành	0
48	Cà Mau	2355	Long Điền	1
48	Cà Mau	2363	Vĩnh Hậu	4
48	Cà Mau	2366	Vĩnh Mỹ	1
48	Cà Mau	3148	Hoà Thành	11
48	Cà Mau	3149	Lý Văn Lâm	16
48	Cà Mau	3153	An Xuyên	10
48	Cà Mau	3156	Tân Thành	22
48	Cà Mau	3164	Hưng Mỹ	3
48	Cà Mau	3165	Lương Thế Trân	9
48	Cà Mau	3167	Tân Hưng	1
48	Cà Mau	3174	Quách Phẩm	0
48	Cà Mau	3176	Tạ An Khương	1
48	Cà Mau	3182	Tân Thuận	2
48	Cà Mau	3183	Tân Tiến	0
48	Cà Mau	3185	Thanh Tùng	0
48	Cà Mau	3186	Trần Phán	0
48	Cà Mau	3187	Đất Mũi	1
48	Cà Mau	3190	Phan Ngọc Hiển	0
48	Cà Mau	3191	Tân Ân	0
48	Cà Mau	3194	Biển Bạch	0
48	Cà Mau	3196	Hồ Thị Kỷ	2
48	Cà Mau	3197	Tân Lộc	0
48	Cà Mau	3199	Trí Phải	0
48	Cà Mau	3200	Khánh Bình	1
48	Cà Mau	3202	Đá Bạc	0
48	Cà Mau	3205	Khánh Hưng	3
48	Cà Mau	3210	Sông Đốc	13
48	Cà Mau	3212	Khánh An	4
48	Cà Mau	3213	U Minh	3
48	Cà Mau	3214	Khánh Lâm	2
48	Cà Mau	3221	Đất Mới	2
48	Cà Mau	3234	Tam Giang	1
48	Cà Mau	3240	Cái Đôi Vàm	2
48	Cà Mau	3242	Phú Mỹ	0
48	Cà Mau	3253	Nguyễn Việt Khái	0
48	Cà Mau	20645	Giá Rai	14
48	Cà Mau	20647	Láng Tròn	2
48	Cà Mau	20650	Đông Hải	2
48	Cà Mau	20652	Hoà Bình	23
48	Cà Mau	20655	Vĩnh Phước	2
48	Cà Mau	20656	Phước Long	2
48	Cà Mau	20684	Cái Nước	1
48	Cà Mau	20685	Đầm Dơi	3
48	Cà Mau	20686	Năm Căn	7
48	Cà Mau	20687	Phú Tân	0
48	Cà Mau	20692	Thới Bình	4
48	Cà Mau	20695	Trần Văn Thời	3
48	Cà Mau	20696	Nguyễn Phích	1
54	Bắc Ninh	2381	Đa Mai	3
54	Bắc Ninh	2388	Bắc Giang	26
54	Bắc Ninh	2404	Hoàng Vân	0
54	Bắc Ninh	2405	Hợp Thịnh	2
54	Bắc Ninh	2414	Hiệp Hòa	10
54	Bắc Ninh	2417	Xuân Cẩm	5
54	Bắc Ninh	2426	Mỹ Thái	2
54	Bắc Ninh	2429	Kép	0
54	Bắc Ninh	2431	Tân Dĩnh	0
54	Bắc Ninh	2436	Tiên Lục	1
54	Bắc Ninh	2437	Lạng Giang	7
54	Bắc Ninh	2441	Bắc Lũng	0
54	Bắc Ninh	2442	Bảo Đài	0
54	Bắc Ninh	2445	Cẩm Lý	0
54	Bắc Ninh	2450	Đông Phú	0
54	Bắc Ninh	2454	Lục Sơn	0
54	Bắc Ninh	2455	Nghĩa Phương	0
54	Bắc Ninh	2456	Lục Nam	1
54	Bắc Ninh	2462	Trường Sơn	0
54	Bắc Ninh	2466	Biển Động	0
54	Bắc Ninh	2467	Biên Sơn	0
54	Bắc Ninh	2469	Chũ	0
54	Bắc Ninh	2470	Đèo Gia	0
54	Bắc Ninh	2474	Kiên Lao	2
54	Bắc Ninh	2478	Nam Dương	0
54	Bắc Ninh	2480	Lục Ngạn	0
54	Bắc Ninh	2484	Phượng Sơn	1
54	Bắc Ninh	2486	Sa Lý	0
54	Bắc Ninh	2487	Sơn Hải	0
54	Bắc Ninh	2494	Tân Sơn	0
54	Bắc Ninh	2498	Sơn Động	0
54	Bắc Ninh	2500	An Lạc	0
54	Bắc Ninh	2501	Đại Sơn	0
54	Bắc Ninh	2505	Dương Hưu	0
54	Bắc Ninh	2515	Tuấn Đạo	0
54	Bắc Ninh	2517	Vân Sơn	0
54	Bắc Ninh	2518	Tây Yên Tử	0
54	Bắc Ninh	2519	Yên Định	0
54	Bắc Ninh	2521	Tân Yên	4
54	Bắc Ninh	2531	Ngọc Thiện	1
54	Bắc Ninh	2533	Nhã Nam	1
54	Bắc Ninh	2534	Phúc Hoà	0
54	Bắc Ninh	2535	Quang Trung	1
54	Bắc Ninh	2542	Việt Yên	14
54	Bắc Ninh	2548	Nếnh	13
54	Bắc Ninh	2557	Tự Lạn	2
54	Bắc Ninh	2558	Vân Hà	1
54	Bắc Ninh	2561	Cảnh Thụy	1
54	Bắc Ninh	2564	Đồng Việt	0
54	Bắc Ninh	2574	Tân An	1
54	Bắc Ninh	2576	Yên Dũng	0
54	Bắc Ninh	2578	Tân Tiến	13
54	Bắc Ninh	2581	Tiền Phong	2
54	Bắc Ninh	2587	Bố Hạ	0
54	Bắc Ninh	2591	Đồng Kỳ	0
54	Bắc Ninh	2599	Yên Thế	0
54	Bắc Ninh	2601	Tam Tiến	0
54	Bắc Ninh	2605	Xuân Lương	0
54	Bắc Ninh	2731	Hạp Lĩnh	2
54	Bắc Ninh	2736	Kinh Bắc	6
54	Bắc Ninh	2737	Nam Sơn	6
54	Bắc Ninh	2746	Võ Cường	28
54	Bắc Ninh	2747	Vũ Ninh	5
54	Bắc Ninh	2749	Cao Đức	0
54	Bắc Ninh	2751	Đại Lai	0
54	Bắc Ninh	2753	Đông Cứu	1
54	Bắc Ninh	2756	Nhân Thắng	0
54	Bắc Ninh	2765	Lâm Thao	0
54	Bắc Ninh	2772	Lương Tài	0
54	Bắc Ninh	2773	Trung Chính	0
54	Bắc Ninh	2774	Trung Kênh	0
54	Bắc Ninh	2777	Bồng Lai	1
54	Bắc Ninh	2780	Chi Lăng	0
54	Bắc Ninh	2782	Đào Viên	0
54	Bắc Ninh	2788	Nhân Hòa	0
54	Bắc Ninh	2789	Quế Võ	1
54	Bắc Ninh	2790	Phù Lãng	1
54	Bắc Ninh	2792	Phương Liễu	3
54	Bắc Ninh	2806	Mão Điền	4
54	Bắc Ninh	2810	Ninh Xá	3
54	Bắc Ninh	2811	Thuận Thành	13
54	Bắc Ninh	2812	Song Liễu	9
54	Bắc Ninh	2814	Trạm Lộ	0
54	Bắc Ninh	2815	Trí Quả	8
54	Bắc Ninh	2818	Đại Đồng	5
54	Bắc Ninh	2822	Liên Bão	2
54	Bắc Ninh	2823	Tiên Du	2
54	Bắc Ninh	2826	Phật Tích	1
54	Bắc Ninh	2828	Tân Chi	1
54	Bắc Ninh	2833	Từ Sơn	87
54	Bắc Ninh	2834	Đồng Nguyên	33
54	Bắc Ninh	2838	Phù Khê	32
54	Bắc Ninh	2839	Tam Sơn	2
54	Bắc Ninh	2843	Yên Phong	8
54	Bắc Ninh	2850	Tam Đa	5
54	Bắc Ninh	2851	Tam Giang	1
54	Bắc Ninh	2854	Văn Môn	0
54	Bắc Ninh	2856	Yên Trung	5
54	Bắc Ninh	20985	Gia Bình	5
59	An Giang	116	Khánh Bình	1
59	An Giang	118	Nhơn Hội	2
59	An Giang	120	Phú Hữu	0
59	An Giang	123	Vĩnh Hậu	0
59	An Giang	127	Châu Đốc	32
59	An Giang	133	Vĩnh Tế	9
59	An Giang	1357	Bình Mỹ	0
59	An Giang	1360	Châu Phú	2
59	An Giang	1363	Mỹ Đức	2
59	An Giang	1366	Thạnh Mỹ Tây	0
59	An Giang	1367	Vĩnh Thạnh Trung	19
59	An Giang	1368	An Châu	15
59	An Giang	1370	Bình Hòa	5
59	An Giang	1372	Cần Đăng	1
59	An Giang	1375	Vĩnh An	3
59	An Giang	1377	Vĩnh Hanh	3
59	An Giang	1385	Hội An	4
59	An Giang	1388	Long Điền	1
59	An Giang	1391	Long Kiến	7
59	An Giang	1395	Nhơn Mỹ	1
59	An Giang	1396	Cù Lao Giêng	3
59	An Giang	1397	Bình Đức	62
59	An Giang	1401	Mỹ Hòa Hưng	5
59	An Giang	1406	Mỹ Thới	55
59	An Giang	1407	Long Xuyên	188
59	An Giang	1408	Bình Thạnh Đông	0
59	An Giang	1409	Chợ Vàm	1
59	An Giang	1411	Hòa Lạc	0
59	An Giang	1414	Phú An	1
59	An Giang	1418	Phú Lâm	0
59	An Giang	1420	Phú Tân	8
59	An Giang	1427	Long Phú	5
59	An Giang	1429	Vĩnh Xương	0
59	An Giang	1432	Định Mỹ	3
59	An Giang	1435	Thoại Sơn	3
59	An Giang	1436	Óc Eo	0
59	An Giang	1437	Phú Hòa	12
59	An Giang	1439	Tây Phú	3
59	An Giang	1444	Vĩnh Trạch	10
59	An Giang	1447	An Cư	2
59	An Giang	1451	Chi Lăng	2
59	An Giang	1455	Núi Cấm	2
59	An Giang	1457	Thới Sơn	4
59	An Giang	1461	Ba Chúc	1
59	An Giang	1463	Cô Tô	0
59	An Giang	1468	Ô Lâm	6
59	An Giang	1471	Vĩnh Gia	0
59	An Giang	3230	Tân Châu	6
59	An Giang	5368	U Minh Thượng	0
59	An Giang	5374	Vĩnh Hòa	0
59	An Giang	5387	Đông Thái	0
59	An Giang	5393	Tây Yên	1
59	An Giang	5395	An Biên	1
59	An Giang	5396	Đông Hòa	0
59	An Giang	5398	Đông Hưng	0
59	An Giang	5401	Tân Thạnh	1
59	An Giang	5402	An Minh	1
59	An Giang	5404	Vân Khánh	0
59	An Giang	5407	Bình An	46
59	An Giang	5410	Châu Thành	24
59	An Giang	5413	Thạnh Lộc	46
59	An Giang	5416	Định Hòa	0
59	An Giang	5419	Vĩnh Hòa Hưng	0
59	An Giang	5424	Vĩnh Tuy	0
59	An Giang	5428	Hòa Hưng	0
59	An Giang	5430	Hòa Thuận	0
59	An Giang	5431	Long Thạnh	0
59	An Giang	5432	Ngọc Chúc	0
59	An Giang	5437	Thạnh Hưng	6
59	An Giang	5442	Hà Tiên	24
59	An Giang	5447	Tiên Hải	3
59	An Giang	5448	Tô Châu	4
59	An Giang	5449	Bình Giang	0
59	An Giang	5450	Bình Sơn	0
59	An Giang	5456	Mỹ Thuận	1
59	An Giang	5460	Sơn Kiên	1
59	An Giang	5464	Kiên Hải	2
59	An Giang	5469	Phú Quốc	99
59	An Giang	5474	Thổ Châu	0
59	An Giang	5483	Rạch Giá	306
59	An Giang	5486	Vĩnh Thông	32
59	An Giang	5490	Tân Hội	2
59	An Giang	5493	Thạnh Đông	9
59	An Giang	5498	Vĩnh Bình	1
59	An Giang	5500	Vĩnh Phong	0
59	An Giang	5501	Vĩnh Thuận	0
59	An Giang	20557	Châu Phong	0
59	An Giang	20562	Tân An	2
59	An Giang	20564	Tịnh Biên	11
59	An Giang	20565	An Phú	0
59	An Giang	20566	Chợ Mới	6
59	An Giang	20568	Tri Tôn	11
59	An Giang	20589	Giang Thành	2
59	An Giang	20591	Vĩnh Điều	0
59	An Giang	20593	Giồng Riềng	0
59	An Giang	20595	Gò Quao	3
59	An Giang	20596	Hòn Đất	4
59	An Giang	20598	Kiên Lương	5
59	An Giang	20602	Hòa Điền	0
59	An Giang	20603	Hòn Nghệ	0
59	An Giang	20605	Sơn Hải	0
59	An Giang	20606	Tân Hiệp	5
60	Hải Phòng	4400	Khúc Thừa Dụ	0
60	Hải Phòng	4409	Bình Giang	0
60	Hải Phòng	4411	Đường An	0
60	Hải Phòng	4412	Thượng Hồng	0
60	Hải Phòng	4414	Kẻ Sặt	0
60	Hải Phòng	4419	Tứ Minh	0
60	Hải Phòng	4420	Mao Điền	0
60	Hải Phòng	4422	Cẩm Giàng	0
60	Hải Phòng	4425	Tuệ Tĩnh	1
60	Hải Phòng	4429	Cẩm Giang	0
60	Hải Phòng	4430	Việt Hòa	2
60	Hải Phòng	4441	Lê Đại Hành	1
60	Hải Phòng	4442	Nguyễn Trãi	0
60	Hải Phòng	4444	Trần Nhân Tông	2
60	Hải Phòng	4447	Trần Hưng Đạo	0
60	Hải Phòng	4449	Chí Linh	1
60	Hải Phòng	4453	Chu Văn An	1
60	Hải Phòng	4454	Bắc An Phụ	0
60	Hải Phòng	4456	Yết Kiêu	0
60	Hải Phòng	4468	Trường Tân	0
60	Hải Phòng	4471	Hồng An	0
60	Hải Phòng	4474	Gia Phúc	0
60	Hải Phòng	4476	Gia Lộc	1
60	Hải Phòng	4477	Ái Quốc	0
60	Hải Phòng	4480	Thành Đông	2
60	Hải Phòng	4488	Tân Hưng	9
60	Hải Phòng	4489	Thạch Khôi	0
60	Hải Phòng	4492	Lưu Kiếm	3
60	Hải Phòng	4493	Lê Thanh Nghị	9
60	Hải Phòng	4499	Nam An Phụ	1
60	Hải Phòng	4503	An Thành	1
60	Hải Phòng	4514	Lai Khê	0
60	Hải Phòng	4517	An Phú	0
60	Hải Phòng	4522	Trần Phú	0
60	Hải Phòng	4524	Hợp Tiến	0
60	Hải Phòng	4533	Thái Tân	0
60	Hải Phòng	4535	Tân An	0
60	Hải Phòng	4548	Vĩnh Lại	0
60	Hải Phòng	4551	Ninh Giang	0
60	Hải Phòng	4556	Hồng Châu	0
60	Hải Phòng	4569	Trần Liễu	2
60	Hải Phòng	4575	Kinh Môn	1
60	Hải Phòng	4578	Phạm Sư Mạnh	0
60	Hải Phòng	4579	Nhị Chiểu	1
60	Hải Phòng	4585	Phú Thái	1
60	Hải Phòng	4589	Hà Đông	0
60	Hải Phòng	4593	Hà Tây	0
60	Hải Phòng	4594	Hà Bắc	0
60	Hải Phòng	4596	Thanh Hà	0
60	Hải Phòng	4605	Hà Nam	0
60	Hải Phòng	4610	Thanh Miện	0
60	Hải Phòng	4615	Nguyễn Lương Bằng	0
60	Hải Phòng	4619	Bắc Thanh Miện	0
60	Hải Phòng	4623	Hải Hưng	0
60	Hải Phòng	4626	Nam Thanh Miện	0
60	Hải Phòng	4628	Chí Minh	1
60	Hải Phòng	4632	Tân Kỳ	0
60	Hải Phòng	4636	Nguyên Giáp	0
60	Hải Phòng	4637	Đại Sơn	0
60	Hải Phòng	4646	Tứ Kỳ	0
60	Hải Phòng	4651	Lạc Phượng	0
60	Hải Phòng	4656	Bạch Long Vĩ	0
60	Hải Phòng	4673	An Hưng	10
60	Hải Phòng	4675	An Quang	3
60	Hải Phòng	4679	An Khánh	11
60	Hải Phòng	4683	Nam Đồ Sơn	15
60	Hải Phòng	4684	Bạch Đằng	11
60	Hải Phòng	4686	Đồ Sơn	10
60	Hải Phòng	4690	Hồng Bàng	98
60	Hải Phòng	4704	Phù Liễn	8
60	Hải Phòng	4709	Kiến An	20
60	Hải Phòng	4713	Kiến Hải	4
60	Hải Phòng	4715	Nghi Dương	1
60	Hải Phòng	4718	Kiến Minh	18
60	Hải Phòng	4721	Kiến Thụy	1
60	Hải Phòng	4723	Kiến Hưng	2
60	Hải Phòng	4728	An Biên	95
60	Hải Phòng	4734	Lê Chân	88
60	Hải Phòng	4746	Gia Viên	71
60	Hải Phòng	4753	Ngô Quyền	16
60	Hải Phòng	4757	Việt Khê	0
60	Hải Phòng	4760	Thủy Nguyên	102
60	Hải Phòng	4763	Kim Thành	2
60	Hải Phòng	4764	Thiên Hương	28
60	Hải Phòng	4772	Nam Triệu	0
60	Hải Phòng	4782	Lê Ích Mộc	2
60	Hải Phòng	4792	Quyết Thắng	1
60	Hải Phòng	4793	Tân Minh	0
60	Hải Phòng	4795	Hùng Thắng	0
60	Hải Phòng	4798	Chấn Hưng	0
60	Hải Phòng	4804	Tiên Minh	0
60	Hải Phòng	4819	Vĩnh Hòa	0
60	Hải Phòng	4820	Vĩnh Am	0
60	Hải Phòng	4821	Nguyễn Bỉnh Khiêm	0
60	Hải Phòng	4828	Vĩnh Hải	0
60	Hải Phòng	4831	Vĩnh Thịnh	0
60	Hải Phòng	4832	Vĩnh Thuận	0
60	Hải Phòng	4843	Cát Hải	13
60	Hải Phòng	20043	Đông Hải	19
60	Hải Phòng	20411	Hưng Đạo	14
60	Hải Phòng	20412	Dương Kinh	54
60	Hải Phòng	20416	Hải An	113
60	Hải Phòng	20424	An Hải	42
60	Hải Phòng	20425	An Phong	11
60	Hải Phòng	20436	An Dương	12
60	Hải Phòng	20439	An Lão	4
60	Hải Phòng	20441	An Trường	32
60	Hải Phòng	20446	Tiên Lãng	1
60	Hải Phòng	20447	Vĩnh Bảo	1
60	Hải Phòng	20449	Hòa Bình	5
60	Hải Phòng	21008	Hải Dương	11
60	Hải Phòng	21015	Nam Đồng	0
60	Hải Phòng	21021	Nguyễn Đại Năng	0
60	Hải Phòng	21037	Nam Sách	0
61	Đà Nẵng	3512	Hoàng Sa	0
61	Đà Nẵng	3522	Hải Châu	200
61	Đà Nẵng	3526	Hòa Cường	308
61	Đà Nẵng	3538	Hải Vân	163
61	Đà Nẵng	3539	Bà Nà	25
61	Đà Nẵng	3541	Hòa Vang	42
61	Đà Nẵng	3543	Hòa Xuân	385
61	Đà Nẵng	3544	Hòa Khánh	281
61	Đà Nẵng	3545	Hòa Tiến	50
61	Đà Nẵng	3549	Ngũ Hành Sơn	1376
61	Đà Nẵng	3553	An Hải	517
61	Đà Nẵng	3556	Sơn Trà	246
61	Đà Nẵng	3560	An Khê	163
61	Đà Nẵng	3573	Cẩm Lệ	140
61	Đà Nẵng	7904	Vu Gia	0
61	Đà Nẵng	7912	Đại Lộc	2
61	Đà Nẵng	7914	Hà Nha	3
61	Đà Nẵng	7915	Thượng Đức	1
61	Đà Nẵng	7918	Phú Thuận	0
61	Đà Nẵng	7924	Điện Bàn Đông	135
61	Đà Nẵng	7929	Điện Bàn Tây	1
61	Đà Nẵng	7931	Gò Nổi	2
61	Đà Nẵng	7932	Điện Bàn Bắc	7
61	Đà Nẵng	7933	An Thắng	6
61	Đà Nẵng	7938	Điện Bàn	3
61	Đà Nẵng	7942	Duy Nghĩa	11
61	Đà Nẵng	7946	Thu Bồn	1
61	Đà Nẵng	7949	Duy Xuyên	0
61	Đà Nẵng	7952	Nam Phước	7
61	Đà Nẵng	7953	Việt An	0
61	Đà Nẵng	7958	Phước Trà	0
61	Đà Nẵng	7960	Hiệp Đức	0
61	Đà Nẵng	7967	Hội An Tây	61
61	Đà Nẵng	7968	Hội An	43
61	Đà Nẵng	7971	Hội An Đông	45
61	Đà Nẵng	7976	Tân Hiệp	1
61	Đà Nẵng	7979	Nam Giang	0
61	Đà Nẵng	7981	Đắc Pring	0
61	Đà Nẵng	7982	La Dêê	0
61	Đà Nẵng	7983	La Êê	0
61	Đà Nẵng	7987	Tam Anh	0
61	Đà Nẵng	7989	Tam Hải	1
61	Đà Nẵng	7997	Đức Phú	0
61	Đà Nẵng	7998	Tam Xuân	3
61	Đà Nẵng	7999	Tam Mỹ	0
61	Đà Nẵng	8002	Khâm Đức	0
61	Đà Nẵng	8003	Phước Chánh	0
61	Đà Nẵng	8006	Phước Hiệp	0
61	Đà Nẵng	8011	Phước Năng	0
61	Đà Nẵng	8012	Phước Thành	0
61	Đà Nẵng	8018	Quế Sơn Trung	0
61	Đà Nẵng	8023	Quế Sơn	1
61	Đà Nẵng	8024	Xuân Phú	4
61	Đà Nẵng	8032	Hương Trà	2
61	Đà Nẵng	8036	Quảng Phú	6
61	Đà Nẵng	8037	Bàn Thạch	1
61	Đà Nẵng	8040	Tam Kỳ	2
61	Đà Nẵng	8046	Thăng An	14
61	Đà Nẵng	8054	Thăng Bình	2
61	Đà Nẵng	8055	Thăng Phú	0
61	Đà Nẵng	8057	Thăng Trường	6
61	Đà Nẵng	8058	Đồng Dương	0
61	Đà Nẵng	8061	Thăng Điền	0
61	Đà Nẵng	8065	Thạnh Bình	2
61	Đà Nẵng	8066	Sơn Cẩm Hà	0
61	Đà Nẵng	8070	Lãnh Ngọc	0
61	Đà Nẵng	8077	Tiên Phước	0
61	Đà Nẵng	20244	Trà Leng	0
61	Đà Nẵng	20245	Trà Linh	0
61	Đà Nẵng	20246	Nam Trà My	0
61	Đà Nẵng	20248	Trà Tập	0
61	Đà Nẵng	20249	Trà Vân	0
61	Đà Nẵng	20252	Trà My	0
61	Đà Nẵng	20254	Trà Đốc	0
61	Đà Nẵng	20259	Trà Giáp	0
61	Đà Nẵng	20261	Trà Liên	0
61	Đà Nẵng	20264	Trà Tân	0
61	Đà Nẵng	20405	Liên Chiểu	74
61	Đà Nẵng	20408	Thanh Khê	218
61	Đà Nẵng	20775	Bến Hiên	0
61	Đà Nẵng	20776	Sông Kôn	0
61	Đà Nẵng	20778	Sông Vàng	1
61	Đà Nẵng	20779	Đông Giang	0
61	Đà Nẵng	20781	Thạnh Mỹ	0
61	Đà Nẵng	20784	Bến Giằng	0
61	Đà Nẵng	20788	Quế Phước	0
61	Đà Nẵng	20790	Nông Sơn	0
61	Đà Nẵng	20792	Núi Thành	3
61	Đà Nẵng	20799	Phú Ninh	0
61	Đà Nẵng	20800	Tây Hồ	0
61	Đà Nẵng	20802	Chiên Đàn	2
61	Đà Nẵng	20816	Avương	0
61	Đà Nẵng	20817	Hùng Sơn	0
61	Đà Nẵng	20822	Tây Giang	0
62	Cần Thơ	2359	Lương Tâm	0
62	Cần Thơ	2368	Vĩnh Thuận Đông	0
62	Cần Thơ	2370	Xà Phiên	0
62	Cần Thơ	3238	Tân Phước Hưng	18
62	Cần Thơ	3268	Phước Thới	6
62	Cần Thơ	3271	Thới Long	1
62	Cần Thơ	3274	Tân Lộc	0
62	Cần Thơ	3277	Thốt Nốt	0
62	Cần Thơ	3278	Thuận Hưng	1
62	Cần Thơ	3280	Trung Nhứt	0
62	Cần Thơ	3281	An Bình	54
62	Cần Thơ	3290	Tân An	72
62	Cần Thơ	3291	Ninh Kiều	64
62	Cần Thơ	3295	Hưng Phú	195
62	Cần Thơ	3297	Cái Răng	212
62	Cần Thơ	3302	Long Tuyền	26
62	Cần Thơ	3304	Thới An Đông	10
62	Cần Thơ	3308	Đông Thuận	1
62	Cần Thơ	3311	Ô Môn	2
62	Cần Thơ	3313	Trường Thành	2
62	Cần Thơ	3316	Trường Xuân	0
62	Cần Thơ	3322	Thạnh Quới	0
62	Cần Thơ	3326	Vĩnh Trinh	1
62	Cần Thơ	3340	Phong Điền	7
62	Cần Thơ	3343	Nhơn Ái	13
62	Cần Thơ	4856	Châu Thành	18
62	Cần Thơ	4862	Phú Hữu	0
62	Cần Thơ	4864	Long Bình	0
62	Cần Thơ	4865	Long Phú 1	1
62	Cần Thơ	4870	Hiệp Hưng	2
62	Cần Thơ	4871	Hòa An	0
62	Cần Thơ	4875	Phụng Hiệp	0
62	Cần Thơ	4876	Phương Bình	0
62	Cần Thơ	4877	Tân Bình	1
62	Cần Thơ	4878	Thạnh Hòa	1
62	Cần Thơ	4879	Hỏa Lựu	1
62	Cần Thơ	4882	Vị Tân	5
62	Cần Thơ	4883	Vị Thanh	1
62	Cần Thơ	4892	Vị Thanh 1	3
62	Cần Thơ	4894	Vị Thủy	2
62	Cần Thơ	4897	Vĩnh Tường	0
62	Cần Thơ	4905	Tân Hòa	7
62	Cần Thơ	4909	Thạnh Xuân	27
62	Cần Thơ	4912	Trường Long Tây	3
62	Cần Thơ	4913	Đại Thành	0
62	Cần Thơ	8576	An Lạc Thôn	3
62	Cần Thơ	8579	Đại Hải	0
62	Cần Thơ	8581	Kế Sách	0
62	Cần Thơ	8582	Nhơn Mỹ	0
62	Cần Thơ	8583	Phong Nẫm	0
62	Cần Thơ	8584	Thới An Hội	0
62	Cần Thơ	8589	Đại Ngãi	0
62	Cần Thơ	8592	Liêu Tú	1
62	Cần Thơ	8594	Long Phú	2
62	Cần Thơ	8598	Tân Thạnh	2
62	Cần Thơ	8599	Trần Đề	7
62	Cần Thơ	8601	Trường Khánh	0
62	Cần Thơ	8604	Long Hưng	2
62	Cần Thơ	8605	Mỹ Hương	0
62	Cần Thơ	8606	Mỹ Phước	0
62	Cần Thơ	8608	Mỹ Tú	0
62	Cần Thơ	8611	Mỹ Xuyên	18
62	Cần Thơ	8612	Nhu Gia	1
62	Cần Thơ	8613	Gia Hòa	2
62	Cần Thơ	8614	Hòa Tú	0
62	Cần Thơ	8617	Ngọc Tố	0
62	Cần Thơ	8619	Tài Văn	1
62	Cần Thơ	8623	Thạnh Thới An	0
62	Cần Thơ	8628	Phú Lợi	29
62	Cần Thơ	8632	Sóc Trăng	22
62	Cần Thơ	8637	Lâm Tân	0
62	Cần Thơ	8638	Phú Lộc	2
62	Cần Thơ	8642	Vĩnh Lợi	0
62	Cần Thơ	8645	Khánh Hòa	0
62	Cần Thơ	8646	Vĩnh Châu	2
62	Cần Thơ	8647	Lai Hòa	0
62	Cần Thơ	8649	Vĩnh Hải	0
62	Cần Thơ	8651	Vĩnh Phước	0
62	Cần Thơ	10839	An Ninh	3
62	Cần Thơ	10842	Hồ Đắc Kiện	0
62	Cần Thơ	10856	An Thạnh	0
62	Cần Thơ	10857	Cù Lao Dung	1
62	Cần Thơ	10876	Mỹ Quới	0
62	Cần Thơ	10880	Tân Long	0
62	Cần Thơ	20062	Cái Khế	50
62	Cần Thơ	20066	Bình Thủy	40
62	Cần Thơ	20454	Vĩnh Thạnh	0
62	Cần Thơ	20455	Thạnh An	0
62	Cần Thơ	20456	Thới Lai	0
62	Cần Thơ	20458	Trường Long	6
62	Cần Thơ	20465	Cờ Đỏ	2
62	Cần Thơ	20466	Đông Hiệp	0
62	Cần Thơ	20468	Thạnh Phú	0
62	Cần Thơ	20470	Thới Hưng	0
62	Cần Thơ	20473	Trung Hưng	0
62	Cần Thơ	20610	Ngã Bảy	4
62	Cần Thơ	20613	Long Mỹ	1
62	Cần Thơ	20615	Thuận Hòa	0
62	Cần Thơ	20617	Đông Phước	12
62	Cần Thơ	20619	Vĩnh Viễn	1
62	Cần Thơ	20658	Ngã Năm	2
62	Cần Thơ	20664	Phú Tâm	0
62	Cần Thơ	20670	Lịch Hội Thượng	0
63	TP. Hồ Chí Minh	107	Côn Đảo	0
63	TP. Hồ Chí Minh	146	Sài Gòn	590
63	TP. Hồ Chí Minh	149	Bến Thành	496
63	TP. Hồ Chí Minh	154	Cầu Ông Lãnh	328
63	TP. Hồ Chí Minh	157	Tân Định	337
63	TP. Hồ Chí Minh	158	An Khánh	2027
63	TP. Hồ Chí Minh	163	Bình Trưng	414
63	TP. Hồ Chí Minh	165	Cát Lái	577
63	TP. Hồ Chí Minh	169	Bàn Cờ	347
63	TP. Hồ Chí Minh	177	Nhiêu Lộc	368
63	TP. Hồ Chí Minh	183	Vĩnh Hội	136
63	TP. Hồ Chí Minh	190	Khánh Hội	162
63	TP. Hồ Chí Minh	195	Xóm Chiếu	99
63	TP. Hồ Chí Minh	199	Chợ Quán	183
63	TP. Hồ Chí Minh	203	An Đông	154
63	TP. Hồ Chí Minh	209	Chợ Lớn	120
63	TP. Hồ Chí Minh	214	Bình Tiên	71
63	TP. Hồ Chí Minh	215	Bình Tây	43
63	TP. Hồ Chí Minh	222	Bình Phú	372
63	TP. Hồ Chí Minh	224	Phú Lâm	214
63	TP. Hồ Chí Minh	236	Phú Thuận	1373
63	TP. Hồ Chí Minh	237	Tân Hưng	973
63	TP. Hồ Chí Minh	240	Tân Mỹ	6477
63	TP. Hồ Chí Minh	242	Tân Thuận	579
63	TP. Hồ Chí Minh	247	Chánh Hưng	495
63	TP. Hồ Chí Minh	249	Bình Đông	434
63	TP. Hồ Chí Minh	257	Phú Định	173
63	TP. Hồ Chí Minh	261	Long Bình	739
63	TP. Hồ Chí Minh	262	Long Phước	168
63	TP. Hồ Chí Minh	264	Long Trường	672
63	TP. Hồ Chí Minh	267	Phước Long	464
63	TP. Hồ Chí Minh	270	Tăng Nhơn Phú	451
63	TP. Hồ Chí Minh	278	Diên Hồng	320
63	TP. Hồ Chí Minh	282	Vườn Lài	227
63	TP. Hồ Chí Minh	284	Hòa Hưng	518
63	TP. Hồ Chí Minh	288	Minh Phụng	63
63	TP. Hồ Chí Minh	290	Bình Thới	104
63	TP. Hồ Chí Minh	292	Hòa Bình	124
63	TP. Hồ Chí Minh	298	Phú Thọ	137
63	TP. Hồ Chí Minh	304	An Phú Đông	426
63	TP. Hồ Chí Minh	305	Đông Hưng Thuận	468
63	TP. Hồ Chí Minh	309	Tân Thới Hiệp	394
63	TP. Hồ Chí Minh	313	Thới An	445
63	TP. Hồ Chí Minh	314	Trung Mỹ Tây	380
63	TP. Hồ Chí Minh	327	Thủ Đức	471
63	TP. Hồ Chí Minh	328	Hiệp Bình	954
63	TP. Hồ Chí Minh	334	Linh Xuân	452
63	TP. Hồ Chí Minh	335	Tam Bình	315
63	TP. Hồ Chí Minh	338	An Lạc	4079
63	TP. Hồ Chí Minh	339	Bình Hưng Hòa	1000
63	TP. Hồ Chí Minh	341	Bình Tân	632
63	TP. Hồ Chí Minh	342	Bình Trị Đông	616
63	TP. Hồ Chí Minh	347	Hạnh Thông	304
63	TP. Hồ Chí Minh	352	An Nhơn	459
63	TP. Hồ Chí Minh	354	Thông Tây Hội	454
63	TP. Hồ Chí Minh	356	Gò Vấp	472
63	TP. Hồ Chí Minh	358	An Hội Tây	782
63	TP. Hồ Chí Minh	362	An Hội Đông	342
63	TP. Hồ Chí Minh	367	Phú Thạnh	625
63	TP. Hồ Chí Minh	368	Phú Thọ Hòa	839
63	TP. Hồ Chí Minh	369	Tân Phú	366
63	TP. Hồ Chí Minh	372	Tân Sơn Nhì	381
63	TP. Hồ Chí Minh	375	Tây Thạnh	315
63	TP. Hồ Chí Minh	376	Tân Sơn Hòa	544
63	TP. Hồ Chí Minh	379	Tân Sơn Nhất	341
63	TP. Hồ Chí Minh	381	Tân Hòa	226
63	TP. Hồ Chí Minh	385	Bảy Hiền	578
63	TP. Hồ Chí Minh	388	Tân Bình	554
63	TP. Hồ Chí Minh	390	Tân Sơn	407
63	TP. Hồ Chí Minh	391	Gia Định	523
63	TP. Hồ Chí Minh	395	Bình Lợi Trung	750
63	TP. Hồ Chí Minh	402	Bình Thạnh	521
63	TP. Hồ Chí Minh	415	Thạnh Mỹ Tây	879
63	TP. Hồ Chí Minh	417	Bình Quới	37
63	TP. Hồ Chí Minh	419	Cầu Kiệu	551
63	TP. Hồ Chí Minh	422	Đức Nhuận	985
63	TP. Hồ Chí Minh	426	Phú Nhuận	427
63	TP. Hồ Chí Minh	436	Bình Hưng	509
63	TP. Hồ Chí Minh	437	Bình Lợi	48
63	TP. Hồ Chí Minh	439	Hưng Long	69
63	TP. Hồ Chí Minh	445	Tân Nhựt	236
63	TP. Hồ Chí Minh	448	Vĩnh Lộc	80
63	TP. Hồ Chí Minh	449	Tân Vĩnh Lộc	88
63	TP. Hồ Chí Minh	450	An Nhơn Tây	1033
63	TP. Hồ Chí Minh	452	Bình Mỹ	2174
63	TP. Hồ Chí Minh	454	Nhuận Đức	924
63	TP. Hồ Chí Minh	456	Phú Hòa Đông	1065
63	TP. Hồ Chí Minh	461	Tân An Hội	1249
63	TP. Hồ Chí Minh	462	Củ Chi	2065
63	TP. Hồ Chí Minh	466	Thái Mỹ	1158
63	TP. Hồ Chí Minh	470	Hiệp Phước	179
63	TP. Hồ Chí Minh	476	An Thới Đông	10
63	TP. Hồ Chí Minh	477	Bình Khánh	323
63	TP. Hồ Chí Minh	478	Cần Giờ	84
63	TP. Hồ Chí Minh	482	Thạnh An	0
63	TP. Hồ Chí Minh	483	Bà Điểm	1464
63	TP. Hồ Chí Minh	492	Xuân Thới Sơn	937
63	TP. Hồ Chí Minh	502	Đông Thạnh	1151
63	TP. Hồ Chí Minh	1254	Tây Nam	14
63	TP. Hồ Chí Minh	1259	Chánh Phú Hòa	28
63	TP. Hồ Chí Minh	1262	Hòa Lợi	332
63	TP. Hồ Chí Minh	1271	Phú An	589
63	TP. Hồ Chí Minh	1273	Bến Cát	300
63	TP. Hồ Chí Minh	1274	Thới Hòa	102
63	TP. Hồ Chí Minh	1280	Long Hòa	158
63	TP. Hồ Chí Minh	1282	Minh Thạnh	5
63	TP. Hồ Chí Minh	1285	Thanh An	1
63	TP. Hồ Chí Minh	1290	Đông Hòa	481
63	TP. Hồ Chí Minh	1293	Dĩ An	438
63	TP. Hồ Chí Minh	1294	Bình Cơ	183
63	TP. Hồ Chí Minh	1304	Tân Khánh	276
63	TP. Hồ Chí Minh	1305	Bắc Tân Uyên	15
63	TP. Hồ Chí Minh	1307	Tân Đông Hiệp	322
63	TP. Hồ Chí Minh	1310	Thường Tân	1
63	TP. Hồ Chí Minh	1312	Vĩnh Tân	113
63	TP. Hồ Chí Minh	1313	Chánh Hiệp	1312
63	TP. Hồ Chí Minh	1319	Thủ Dầu Một	722
63	TP. Hồ Chí Minh	1321	Phú Lợi	224
63	TP. Hồ Chí Minh	1322	Bình Dương	312
63	TP. Hồ Chí Minh	1326	An Phú	165
63	TP. Hồ Chí Minh	1330	Bình Hòa	284
63	TP. Hồ Chí Minh	1332	Thuận An	74
63	TP. Hồ Chí Minh	1333	Lái Thiêu	265
63	TP. Hồ Chí Minh	1334	Thuận Giao	504
63	TP. Hồ Chí Minh	1338	An Long	915
63	TP. Hồ Chí Minh	1339	Phước Thành	1470
63	TP. Hồ Chí Minh	1346	Phước Hòa	158
63	TP. Hồ Chí Minh	1348	Phú Giáo	191
63	TP. Hồ Chí Minh	1870	Long Hương	5
63	TP. Hồ Chí Minh	1876	Bà Rịa	17
63	TP. Hồ Chí Minh	1877	Châu Pha	22
63	TP. Hồ Chí Minh	1878	Tân Thành	13
63	TP. Hồ Chí Minh	1880	Phú Mỹ	41
63	TP. Hồ Chí Minh	1883	Tân Hải	7
63	TP. Hồ Chí Minh	1885	Tân Phước	18
63	TP. Hồ Chí Minh	1887	Long Sơn	0
63	TP. Hồ Chí Minh	1889	Rạch Dừa	108
63	TP. Hồ Chí Minh	1892	Vũng Tàu	97
63	TP. Hồ Chí Minh	1898	Tam Thắng	109
63	TP. Hồ Chí Minh	1902	Phước Thắng	39
63	TP. Hồ Chí Minh	1904	Bàu Lâm	4
63	TP. Hồ Chí Minh	1905	Bình Châu	17
63	TP. Hồ Chí Minh	1909	Hòa Hiệp	0
63	TP. Hồ Chí Minh	1910	Hòa Hội	16
63	TP. Hồ Chí Minh	1912	Hồ Tràm	37
63	TP. Hồ Chí Minh	1916	Xuyên Mộc	3
63	TP. Hồ Chí Minh	1933	Phước Hải	11
63	TP. Hồ Chí Minh	1936	Đất Đỏ	39
63	TP. Hồ Chí Minh	7858	Bình Giã	5
63	TP. Hồ Chí Minh	7860	Châu Đức	2
63	TP. Hồ Chí Minh	7869	Kim Long	15
63	TP. Hồ Chí Minh	7871	Ngãi Giao	25
63	TP. Hồ Chí Minh	7885	Xuân Sơn	7
63	TP. Hồ Chí Minh	20056	Tam Long	43
63	TP. Hồ Chí Minh	20064	Long Điền	33
63	TP. Hồ Chí Minh	20068	Trừ Văn Thố	2
63	TP. Hồ Chí Minh	20069	Long Hải	12
63	TP. Hồ Chí Minh	20071	Tân Uyên	328
63	TP. Hồ Chí Minh	20078	Long Nguyên	413
63	TP. Hồ Chí Minh	20081	Bàu Bàng	415
63	TP. Hồ Chí Minh	20085	Nghĩa Thành	13
63	TP. Hồ Chí Minh	20266	Xuân Hòa	422
63	TP. Hồ Chí Minh	20349	Bình Chánh	130
63	TP. Hồ Chí Minh	20351	Hóc Môn	1092
63	TP. Hồ Chí Minh	20352	Nhà Bè	767
63	TP. Hồ Chí Minh	20460	Tân Hiệp	311
63	TP. Hồ Chí Minh	20463	Dầu Tiếng	217
63	TP. Hồ Chí Minh	21525	Tân Tạo	2
